<?xml version="1.0" encoding="UTF-8"?>
<kml xmlns="http://www.opengis.net/kml/2.2" xmlns:gx="http://www.google.com/kml/ext/2.2" xmlns:kml="http://www.opengis.net/kml/2.2" xmlns:atom="http://www.w3.org/2005/Atom">
<Document>
	<name>dykeages2026.csv</name>
	<atom:link rel="app" href="https://www.google.com/earth/about/versions/#earth-pro" title="Google Earth Pro 7.3.6.10441"></atom:link>
	<Schema name="dykeages2026" id="S_dykeages2026_SSIDDDDSSSIISSIIIIIIII">
		<SimpleField type="string" name="Dyke"><displayName>&lt;b&gt;Dyke&lt;/b&gt;</displayName>
</SimpleField>
		<SimpleField type="string" name="Craton"><displayName>&lt;b&gt;Craton&lt;/b&gt;</displayName>
</SimpleField>
		<SimpleField type="int" name="Trend"><displayName>&lt;b&gt;Trend&lt;/b&gt;</displayName>
</SimpleField>
		<SimpleField type="double" name="Lat__N_"><displayName>&lt;b&gt;Lat (N)&lt;/b&gt;</displayName>
</SimpleField>
		<SimpleField type="double" name="Long__E__"><displayName>&lt;b&gt;Long (E) &lt;/b&gt;</displayName>
</SimpleField>
		<SimpleField type="double" name="Age"><displayName>&lt;b&gt;Age&lt;/b&gt;</displayName>
</SimpleField>
		<SimpleField type="double" name="Error"><displayName>&lt;b&gt;Error&lt;/b&gt;</displayName>
</SimpleField>
		<SimpleField type="string" name="Method"><displayName>&lt;b&gt;Method&lt;/b&gt;</displayName>
</SimpleField>
		<SimpleField type="string" name="Author"><displayName>&lt;b&gt;Author&lt;/b&gt;</displayName>
</SimpleField>
		<SimpleField type="string" name="Journal"><displayName>&lt;b&gt;Journal&lt;/b&gt;</displayName>
</SimpleField>
		<SimpleField type="int" name="Volume"><displayName>&lt;b&gt;Volume&lt;/b&gt;</displayName>
</SimpleField>
		<SimpleField type="int" name="Year"><displayName>&lt;b&gt;Year&lt;/b&gt;</displayName>
</SimpleField>
		<SimpleField type="string" name="Page"><displayName>&lt;b&gt;Page&lt;/b&gt;</displayName>
</SimpleField>
		<SimpleField type="string" name="doi"><displayName>&lt;b&gt;doi&lt;/b&gt;</displayName>
</SimpleField>
		<SimpleField type="int" name="unnamed"><displayName>&lt;b&gt;&lt;/b&gt;</displayName>
</SimpleField>
		<SimpleField type="int" name="unnamed_2"><displayName>&lt;b&gt;&lt;/b&gt;</displayName>
</SimpleField>
		<SimpleField type="int" name="unnamed_3"><displayName>&lt;b&gt;&lt;/b&gt;</displayName>
</SimpleField>
		<SimpleField type="int" name="unnamed_4"><displayName>&lt;b&gt;&lt;/b&gt;</displayName>
</SimpleField>
		<SimpleField type="int" name="unnamed_5"><displayName>&lt;b&gt;&lt;/b&gt;</displayName>
</SimpleField>
		<SimpleField type="int" name="unnamed_6"><displayName>&lt;b&gt;&lt;/b&gt;</displayName>
</SimpleField>
		<SimpleField type="int" name="unnamed_7"><displayName>&lt;b&gt;&lt;/b&gt;</displayName>
</SimpleField>
		<SimpleField type="int" name="unnamed_8"><displayName>&lt;b&gt;&lt;/b&gt;</displayName>
</SimpleField>
	</Schema>
	<Style id="hlightPointStyle1">
		<IconStyle>
			<Icon>
				<href>http://maps.google.com/mapfiles/kml/shapes/placemark_circle_highlight.png</href>
			</Icon>
		</IconStyle>
		<BalloonStyle>
			<text><![CDATA[<table border="0">
  <tr><td><b>Dyke</b></td><td>$[dykeages2026/Dyke]</td></tr>
  <tr><td><b>Craton</b></td><td>$[dykeages2026/Craton]</td></tr>
  <tr><td><b>Trend</b></td><td>$[dykeages2026/Trend]</td></tr>
  <tr><td><b>Lat (N)</b></td><td>$[dykeages2026/Lat__N_]</td></tr>
  <tr><td><b>Long (E) </b></td><td>$[dykeages2026/Long__E__]</td></tr>
  <tr><td><b>Age</b></td><td>$[dykeages2026/Age]</td></tr>
  <tr><td><b>Error</b></td><td>$[dykeages2026/Error]</td></tr>
  <tr><td><b>Method</b></td><td>$[dykeages2026/Method]</td></tr>
  <tr><td><b>Author</b></td><td>$[dykeages2026/Author]</td></tr>
  <tr><td><b>Journal</b></td><td>$[dykeages2026/Journal]</td></tr>
  <tr><td><b>Volume</b></td><td>$[dykeages2026/Volume]</td></tr>
  <tr><td><b>Year</b></td><td>$[dykeages2026/Year]</td></tr>
  <tr><td><b>Page</b></td><td>$[dykeages2026/Page]</td></tr>
  <tr><td><b>doi</b></td><td>$[dykeages2026/doi]</td></tr>
  <tr><td><b></b></td><td>$[dykeages2026/unnamed]</td></tr>
  <tr><td><b></b></td><td>$[dykeages2026/unnamed_2]</td></tr>
  <tr><td><b></b></td><td>$[dykeages2026/unnamed_3]</td></tr>
  <tr><td><b></b></td><td>$[dykeages2026/unnamed_4]</td></tr>
  <tr><td><b></b></td><td>$[dykeages2026/unnamed_5]</td></tr>
  <tr><td><b></b></td><td>$[dykeages2026/unnamed_6]</td></tr>
  <tr><td><b></b></td><td>$[dykeages2026/unnamed_7]</td></tr>
  <tr><td><b></b></td><td>$[dykeages2026/unnamed_8]</td></tr>
</table>]]></text>
		</BalloonStyle>
	</Style>
	<Style id="normPointStyle1">
		<IconStyle>
			<Icon>
				<href>http://maps.google.com/mapfiles/kml/shapes/placemark_circle.png</href>
			</Icon>
		</IconStyle>
		<BalloonStyle>
			<text><![CDATA[<table border="0">
  <tr><td><b>Dyke</b></td><td>$[dykeages2026/Dyke]</td></tr>
  <tr><td><b>Craton</b></td><td>$[dykeages2026/Craton]</td></tr>
  <tr><td><b>Trend</b></td><td>$[dykeages2026/Trend]</td></tr>
  <tr><td><b>Lat (N)</b></td><td>$[dykeages2026/Lat__N_]</td></tr>
  <tr><td><b>Long (E) </b></td><td>$[dykeages2026/Long__E__]</td></tr>
  <tr><td><b>Age</b></td><td>$[dykeages2026/Age]</td></tr>
  <tr><td><b>Error</b></td><td>$[dykeages2026/Error]</td></tr>
  <tr><td><b>Method</b></td><td>$[dykeages2026/Method]</td></tr>
  <tr><td><b>Author</b></td><td>$[dykeages2026/Author]</td></tr>
  <tr><td><b>Journal</b></td><td>$[dykeages2026/Journal]</td></tr>
  <tr><td><b>Volume</b></td><td>$[dykeages2026/Volume]</td></tr>
  <tr><td><b>Year</b></td><td>$[dykeages2026/Year]</td></tr>
  <tr><td><b>Page</b></td><td>$[dykeages2026/Page]</td></tr>
  <tr><td><b>doi</b></td><td>$[dykeages2026/doi]</td></tr>
  <tr><td><b></b></td><td>$[dykeages2026/unnamed]</td></tr>
  <tr><td><b></b></td><td>$[dykeages2026/unnamed_2]</td></tr>
  <tr><td><b></b></td><td>$[dykeages2026/unnamed_3]</td></tr>
  <tr><td><b></b></td><td>$[dykeages2026/unnamed_4]</td></tr>
  <tr><td><b></b></td><td>$[dykeages2026/unnamed_5]</td></tr>
  <tr><td><b></b></td><td>$[dykeages2026/unnamed_6]</td></tr>
  <tr><td><b></b></td><td>$[dykeages2026/unnamed_7]</td></tr>
  <tr><td><b></b></td><td>$[dykeages2026/unnamed_8]</td></tr>
</table>]]></text>
		</BalloonStyle>
	</Style>
	<StyleMap id="pointStyleMap1">
		<Pair>
			<key>normal</key>
			<styleUrl>#normPointStyle1</styleUrl>
		</Pair>
		<Pair>
			<key>highlight</key>
			<styleUrl>#hlightPointStyle1</styleUrl>
		</Pair>
	</StyleMap>
	<Folder id="layer 0">
		<name>dykeages2026</name>
		<Placemark>
			<styleUrl>#pointStyleMap1</styleUrl>
			<Style id="inline">
				<IconStyle>
					<color>ff7f55ff</color>
					<colorMode>normal</colorMode>
					<Icon>
						<href>http://maps.google.com/mapfiles/kml/shapes/square.png</href>
					</Icon>
				</IconStyle>
				<LineStyle>
					<color>ff7f55ff</color>
					<colorMode>normal</colorMode>
				</LineStyle>
				<PolyStyle>
					<color>ff7f55ff</color>
					<colorMode>normal</colorMode>
				</PolyStyle>
			</Style>
			<ExtendedData>
				<SchemaData schemaUrl="#S_dykeages2026_SSIDDDDSSSIISSIIIIIIII">
					<SimpleData name="Dyke">SKS-27</SimpleData>
					<SimpleData name="Craton">Singhbhum</SimpleData>
					<SimpleData name="Trend">38</SimpleData>
					<SimpleData name="Lat__N_">22.563</SimpleData>
					<SimpleData name="Long__E__">85.892</SimpleData>
					<SimpleData name="Age">2800.2</SimpleData>
					<SimpleData name="Error">0.7</SimpleData>
					<SimpleData name="Method">Pb-Pb</SimpleData>
					<SimpleData name="Author">Kumar et al</SimpleData>
					<SimpleData name="Journal">PreCam</SimpleData>
					<SimpleData name="Volume">292</SimpleData>
					<SimpleData name="Year">2017</SimpleData>
					<SimpleData name="Page">163-174</SimpleData>
					<SimpleData name="doi">http://dx.doi.org/10.1016/j.precamres.2017.01.018</SimpleData>
					<SimpleData name="unnamed">0</SimpleData>
					<SimpleData name="unnamed_2">0</SimpleData>
					<SimpleData name="unnamed_3">0</SimpleData>
					<SimpleData name="unnamed_4">0</SimpleData>
					<SimpleData name="unnamed_5">0</SimpleData>
					<SimpleData name="unnamed_6">0</SimpleData>
					<SimpleData name="unnamed_7">0</SimpleData>
					<SimpleData name="unnamed_8">0</SimpleData>
				</SchemaData>
			</ExtendedData>
			<Point>
				<coordinates>85.89199999999998,22.56299999999997,0</coordinates>
			</Point>
		</Placemark>
		<Placemark>
			<styleUrl>#pointStyleMap1</styleUrl>
			<Style id="inline">
				<IconStyle>
					<color>ff7f55ff</color>
					<colorMode>normal</colorMode>
					<Icon>
						<href>http://maps.google.com/mapfiles/kml/shapes/square.png</href>
					</Icon>
				</IconStyle>
				<LineStyle>
					<color>ff7f55ff</color>
					<colorMode>normal</colorMode>
				</LineStyle>
				<PolyStyle>
					<color>ff7f55ff</color>
					<colorMode>normal</colorMode>
				</PolyStyle>
			</Style>
			<ExtendedData>
				<SchemaData schemaUrl="#S_dykeages2026_SSIDDDDSSSIISSIIIIIIII">
					<SimpleData name="Dyke">SKJ12-3</SimpleData>
					<SimpleData name="Craton">Singhbhum</SimpleData>
					<SimpleData name="Trend">22</SimpleData>
					<SimpleData name="Lat__N_">21.401</SimpleData>
					<SimpleData name="Long__E__">85.885</SimpleData>
					<SimpleData name="Age">2764.4</SimpleData>
					<SimpleData name="Error">0.8</SimpleData>
					<SimpleData name="Method">Pb-Pb</SimpleData>
					<SimpleData name="Author">Kumar et al</SimpleData>
					<SimpleData name="Journal">PreCam</SimpleData>
					<SimpleData name="Volume">292</SimpleData>
					<SimpleData name="Year">2017</SimpleData>
					<SimpleData name="Page">163-174</SimpleData>
					<SimpleData name="doi">http://dx.doi.org/10.1016/j.precamres.2017.01.018</SimpleData>
					<SimpleData name="unnamed">0</SimpleData>
					<SimpleData name="unnamed_2">0</SimpleData>
					<SimpleData name="unnamed_3">0</SimpleData>
					<SimpleData name="unnamed_4">0</SimpleData>
					<SimpleData name="unnamed_5">0</SimpleData>
					<SimpleData name="unnamed_6">0</SimpleData>
					<SimpleData name="unnamed_7">0</SimpleData>
					<SimpleData name="unnamed_8">0</SimpleData>
				</SchemaData>
			</ExtendedData>
			<Point>
				<coordinates>85.88499999999998,21.401,0</coordinates>
			</Point>
		</Placemark>
		<Placemark>
			<styleUrl>#pointStyleMap1</styleUrl>
			<Style id="inline">
				<IconStyle>
					<color>ff7f55ff</color>
					<colorMode>normal</colorMode>
					<Icon>
						<href>http://maps.google.com/mapfiles/kml/shapes/square.png</href>
					</Icon>
				</IconStyle>
				<LineStyle>
					<color>ff7f55ff</color>
					<colorMode>normal</colorMode>
				</LineStyle>
				<PolyStyle>
					<color>ff7f55ff</color>
					<colorMode>normal</colorMode>
				</PolyStyle>
			</Style>
			<ExtendedData>
				<SchemaData schemaUrl="#S_dykeages2026_SSIDDDDSSSIISSIIIIIIII">
					<SimpleData name="Dyke">SKS9</SimpleData>
					<SimpleData name="Craton">Singhbhum</SimpleData>
					<SimpleData name="Trend">38</SimpleData>
					<SimpleData name="Lat__N_">21.389</SimpleData>
					<SimpleData name="Long__E__">85.871</SimpleData>
					<SimpleData name="Age">2763.7</SimpleData>
					<SimpleData name="Error">0.8</SimpleData>
					<SimpleData name="Method">Pb-Pb</SimpleData>
					<SimpleData name="Author">Kumar et al</SimpleData>
					<SimpleData name="Journal">PreCam</SimpleData>
					<SimpleData name="Volume">292</SimpleData>
					<SimpleData name="Year">2017</SimpleData>
					<SimpleData name="Page">163-174</SimpleData>
					<SimpleData name="doi">http://dx.doi.org/10.1016/j.precamres.2017.01.018</SimpleData>
					<SimpleData name="unnamed">0</SimpleData>
					<SimpleData name="unnamed_2">0</SimpleData>
					<SimpleData name="unnamed_3">0</SimpleData>
					<SimpleData name="unnamed_4">0</SimpleData>
					<SimpleData name="unnamed_5">0</SimpleData>
					<SimpleData name="unnamed_6">0</SimpleData>
					<SimpleData name="unnamed_7">0</SimpleData>
					<SimpleData name="unnamed_8">0</SimpleData>
				</SchemaData>
			</ExtendedData>
			<Point>
				<coordinates>85.87099999999997,21.389,0</coordinates>
			</Point>
		</Placemark>
		<Placemark>
			<styleUrl>#pointStyleMap1</styleUrl>
			<Style id="inline">
				<IconStyle>
					<color>ff7f55ff</color>
					<colorMode>normal</colorMode>
					<Icon>
						<href>http://maps.google.com/mapfiles/kml/shapes/square.png</href>
					</Icon>
				</IconStyle>
				<LineStyle>
					<color>ff7f55ff</color>
					<colorMode>normal</colorMode>
				</LineStyle>
				<PolyStyle>
					<color>ff7f55ff</color>
					<colorMode>normal</colorMode>
				</PolyStyle>
			</Style>
			<ExtendedData>
				<SchemaData schemaUrl="#S_dykeages2026_SSIDDDDSSSIISSIIIIIIII">
					<SimpleData name="Dyke">SKS21-4</SimpleData>
					<SimpleData name="Craton">Singhbhum</SimpleData>
					<SimpleData name="Trend">14</SimpleData>
					<SimpleData name="Lat__N_">21.582</SimpleData>
					<SimpleData name="Long__E__">85.971</SimpleData>
					<SimpleData name="Age">2763.5</SimpleData>
					<SimpleData name="Error">0.8</SimpleData>
					<SimpleData name="Method">Pb-Pb</SimpleData>
					<SimpleData name="Author">Kumar et al</SimpleData>
					<SimpleData name="Journal">PreCam</SimpleData>
					<SimpleData name="Volume">292</SimpleData>
					<SimpleData name="Year">2017</SimpleData>
					<SimpleData name="Page">163-174</SimpleData>
					<SimpleData name="doi">http://dx.doi.org/10.1016/j.precamres.2017.01.018</SimpleData>
					<SimpleData name="unnamed">0</SimpleData>
					<SimpleData name="unnamed_2">0</SimpleData>
					<SimpleData name="unnamed_3">0</SimpleData>
					<SimpleData name="unnamed_4">0</SimpleData>
					<SimpleData name="unnamed_5">0</SimpleData>
					<SimpleData name="unnamed_6">0</SimpleData>
					<SimpleData name="unnamed_7">0</SimpleData>
					<SimpleData name="unnamed_8">0</SimpleData>
				</SchemaData>
			</ExtendedData>
			<Point>
				<coordinates>85.97099999999999,21.58199999999998,0</coordinates>
			</Point>
		</Placemark>
		<Placemark>
			<styleUrl>#pointStyleMap1</styleUrl>
			<Style id="inline">
				<IconStyle>
					<color>ff7f55ff</color>
					<colorMode>normal</colorMode>
					<Icon>
						<href>http://maps.google.com/mapfiles/kml/shapes/square.png</href>
					</Icon>
				</IconStyle>
				<LineStyle>
					<color>ff7f55ff</color>
					<colorMode>normal</colorMode>
				</LineStyle>
				<PolyStyle>
					<color>ff7f55ff</color>
					<colorMode>normal</colorMode>
				</PolyStyle>
			</Style>
			<ExtendedData>
				<SchemaData schemaUrl="#S_dykeages2026_SSIDDDDSSSIISSIIIIIIII">
					<SimpleData name="Dyke">K9-3</SimpleData>
					<SimpleData name="Craton">Singhbhum</SimpleData>
					<SimpleData name="Trend">40</SimpleData>
					<SimpleData name="Lat__N_">21.664</SimpleData>
					<SimpleData name="Long__E__">85.874</SimpleData>
					<SimpleData name="Age">2763</SimpleData>
					<SimpleData name="Error">0.9</SimpleData>
					<SimpleData name="Method">Pb-Pb</SimpleData>
					<SimpleData name="Author">Kumar et al</SimpleData>
					<SimpleData name="Journal">PreCam</SimpleData>
					<SimpleData name="Volume">292</SimpleData>
					<SimpleData name="Year">2017</SimpleData>
					<SimpleData name="Page">163-174</SimpleData>
					<SimpleData name="doi">http://dx.doi.org/10.1016/j.precamres.2017.01.018</SimpleData>
					<SimpleData name="unnamed">0</SimpleData>
					<SimpleData name="unnamed_2">0</SimpleData>
					<SimpleData name="unnamed_3">0</SimpleData>
					<SimpleData name="unnamed_4">0</SimpleData>
					<SimpleData name="unnamed_5">0</SimpleData>
					<SimpleData name="unnamed_6">0</SimpleData>
					<SimpleData name="unnamed_7">0</SimpleData>
					<SimpleData name="unnamed_8">0</SimpleData>
				</SchemaData>
			</ExtendedData>
			<Point>
				<coordinates>85.87400000000002,21.664,0</coordinates>
			</Point>
		</Placemark>
		<Placemark>
			<styleUrl>#pointStyleMap1</styleUrl>
			<Style id="inline">
				<IconStyle>
					<color>ff7f55ff</color>
					<colorMode>normal</colorMode>
					<Icon>
						<href>http://maps.google.com/mapfiles/kml/shapes/square.png</href>
					</Icon>
				</IconStyle>
				<LineStyle>
					<color>ff7f55ff</color>
					<colorMode>normal</colorMode>
				</LineStyle>
				<PolyStyle>
					<color>ff7f55ff</color>
					<colorMode>normal</colorMode>
				</PolyStyle>
			</Style>
			<ExtendedData>
				<SchemaData schemaUrl="#S_dykeages2026_SSIDDDDSSSIISSIIIIIIII">
					<SimpleData name="Dyke">K24</SimpleData>
					<SimpleData name="Craton">Singhbhum</SimpleData>
					<SimpleData name="Trend">33</SimpleData>
					<SimpleData name="Lat__N_">22.225</SimpleData>
					<SimpleData name="Long__E__">86.079</SimpleData>
					<SimpleData name="Age">2761</SimpleData>
					<SimpleData name="Error">1</SimpleData>
					<SimpleData name="Method">Pb-Pb</SimpleData>
					<SimpleData name="Author">Kumar et al</SimpleData>
					<SimpleData name="Journal">PreCam</SimpleData>
					<SimpleData name="Volume">292</SimpleData>
					<SimpleData name="Year">2017</SimpleData>
					<SimpleData name="Page">163-174</SimpleData>
					<SimpleData name="doi">http://dx.doi.org/10.1016/j.precamres.2017.01.018</SimpleData>
					<SimpleData name="unnamed">0</SimpleData>
					<SimpleData name="unnamed_2">0</SimpleData>
					<SimpleData name="unnamed_3">0</SimpleData>
					<SimpleData name="unnamed_4">0</SimpleData>
					<SimpleData name="unnamed_5">0</SimpleData>
					<SimpleData name="unnamed_6">0</SimpleData>
					<SimpleData name="unnamed_7">0</SimpleData>
					<SimpleData name="unnamed_8">0</SimpleData>
				</SchemaData>
			</ExtendedData>
			<Point>
				<coordinates>86.07900000000001,22.225,0</coordinates>
			</Point>
		</Placemark>
		<Placemark>
			<styleUrl>#pointStyleMap1</styleUrl>
			<Style id="inline">
				<IconStyle>
					<color>ff7f55ff</color>
					<colorMode>normal</colorMode>
					<Icon>
						<href>http://maps.google.com/mapfiles/kml/shapes/square.png</href>
					</Icon>
				</IconStyle>
				<LineStyle>
					<color>ff7f55ff</color>
					<colorMode>normal</colorMode>
				</LineStyle>
				<PolyStyle>
					<color>ff7f55ff</color>
					<colorMode>normal</colorMode>
				</PolyStyle>
			</Style>
			<ExtendedData>
				<SchemaData schemaUrl="#S_dykeages2026_SSIDDDDSSSIISSIIIIIIII">
					<SimpleData name="Dyke">SkS-13</SimpleData>
					<SimpleData name="Craton">Singhbhum</SimpleData>
					<SimpleData name="Trend">26</SimpleData>
					<SimpleData name="Lat__N_">21.829</SimpleData>
					<SimpleData name="Long__E__">85.594</SimpleData>
					<SimpleData name="Age">2760</SimpleData>
					<SimpleData name="Error">0.6</SimpleData>
					<SimpleData name="Method">Pb-Pb</SimpleData>
					<SimpleData name="Author">Kumar et al</SimpleData>
					<SimpleData name="Journal">PreCam</SimpleData>
					<SimpleData name="Volume">292</SimpleData>
					<SimpleData name="Year">2017</SimpleData>
					<SimpleData name="Page">163-174</SimpleData>
					<SimpleData name="doi">http://dx.doi.org/10.1016/j.precamres.2017.01.018</SimpleData>
					<SimpleData name="unnamed">0</SimpleData>
					<SimpleData name="unnamed_2">0</SimpleData>
					<SimpleData name="unnamed_3">0</SimpleData>
					<SimpleData name="unnamed_4">0</SimpleData>
					<SimpleData name="unnamed_5">0</SimpleData>
					<SimpleData name="unnamed_6">0</SimpleData>
					<SimpleData name="unnamed_7">0</SimpleData>
					<SimpleData name="unnamed_8">0</SimpleData>
				</SchemaData>
			</ExtendedData>
			<Point>
				<coordinates>85.59399999999999,21.829,0</coordinates>
			</Point>
		</Placemark>
		<Placemark>
			<styleUrl>#pointStyleMap1</styleUrl>
			<Style id="inline">
				<IconStyle>
					<color>ff7f55ff</color>
					<colorMode>normal</colorMode>
					<Icon>
						<href>http://maps.google.com/mapfiles/kml/shapes/square.png</href>
					</Icon>
				</IconStyle>
				<LineStyle>
					<color>ff7f55ff</color>
					<colorMode>normal</colorMode>
				</LineStyle>
				<PolyStyle>
					<color>ff7f55ff</color>
					<colorMode>normal</colorMode>
				</PolyStyle>
			</Style>
			<ExtendedData>
				<SchemaData schemaUrl="#S_dykeages2026_SSIDDDDSSSIISSIIIIIIII">
					<SimpleData name="Dyke">SKS-34</SimpleData>
					<SimpleData name="Craton">Singhbhum</SimpleData>
					<SimpleData name="Trend">63</SimpleData>
					<SimpleData name="Lat__N_">22.609</SimpleData>
					<SimpleData name="Long__E__">86.195</SimpleData>
					<SimpleData name="Age">2752</SimpleData>
					<SimpleData name="Error">0.9</SimpleData>
					<SimpleData name="Method">Pb-Pb</SimpleData>
					<SimpleData name="Author">Kumar et al</SimpleData>
					<SimpleData name="Journal">PreCam</SimpleData>
					<SimpleData name="Volume">292</SimpleData>
					<SimpleData name="Year">2017</SimpleData>
					<SimpleData name="Page">163-174</SimpleData>
					<SimpleData name="doi">http://dx.doi.org/10.1016/j.precamres.2017.01.018</SimpleData>
					<SimpleData name="unnamed">0</SimpleData>
					<SimpleData name="unnamed_2">0</SimpleData>
					<SimpleData name="unnamed_3">0</SimpleData>
					<SimpleData name="unnamed_4">0</SimpleData>
					<SimpleData name="unnamed_5">0</SimpleData>
					<SimpleData name="unnamed_6">0</SimpleData>
					<SimpleData name="unnamed_7">0</SimpleData>
					<SimpleData name="unnamed_8">0</SimpleData>
				</SchemaData>
			</ExtendedData>
			<Point>
				<coordinates>86.19500000000001,22.60899999999999,0</coordinates>
			</Point>
		</Placemark>
		<Placemark>
			<styleUrl>#pointStyleMap1</styleUrl>
			<Style id="inline">
				<IconStyle>
					<color>ff7f55ff</color>
					<colorMode>normal</colorMode>
					<Icon>
						<href>http://maps.google.com/mapfiles/kml/shapes/square.png</href>
					</Icon>
				</IconStyle>
				<LineStyle>
					<color>ff7f55ff</color>
					<colorMode>normal</colorMode>
				</LineStyle>
				<PolyStyle>
					<color>ff7f55ff</color>
					<colorMode>normal</colorMode>
				</PolyStyle>
			</Style>
			<ExtendedData>
				<SchemaData schemaUrl="#S_dykeages2026_SSIDDDDSSSIISSIIIIIIII">
					<SimpleData name="Dyke">P49</SimpleData>
					<SimpleData name="Craton">SGT</SimpleData>
					<SimpleData name="Trend">290</SimpleData>
					<SimpleData name="Lat__N_">12.186</SimpleData>
					<SimpleData name="Long__E__">79.927</SimpleData>
					<SimpleData name="Age">2651</SimpleData>
					<SimpleData name="Error">95</SimpleData>
					<SimpleData name="Method">Sm-Nd</SimpleData>
					<SimpleData name="Author">Pradhan et al.</SimpleData>
					<SimpleData name="Journal">J. Earth Sys. Sci.</SimpleData>
					<SimpleData name="Volume">133</SimpleData>
					<SimpleData name="Year">2024</SimpleData>
					<SimpleData name="Page"></SimpleData>
					<SimpleData name="doi">https://idp.springer.com/authorize/casa?redirect_uri=https://link.springer.com/article/10.1007/s12040-024-02300-8&amp;casa_token=tdGNW4q8mr0AAAAA:yVkmtze7ZMqojSi69JNrUuTqQlB-CIxJt4mZh-HArKSgwgnARH8IHw-zyzj7H7D34OIyKTpmCrENq_Bv</SimpleData>
					<SimpleData name="unnamed">0</SimpleData>
					<SimpleData name="unnamed_2">0</SimpleData>
					<SimpleData name="unnamed_3">0</SimpleData>
					<SimpleData name="unnamed_4">0</SimpleData>
					<SimpleData name="unnamed_5">0</SimpleData>
					<SimpleData name="unnamed_6">0</SimpleData>
					<SimpleData name="unnamed_7">0</SimpleData>
					<SimpleData name="unnamed_8">0</SimpleData>
				</SchemaData>
			</ExtendedData>
			<Point>
				<coordinates>79.92700000000004,12.18600000000002,0</coordinates>
			</Point>
		</Placemark>
		<Placemark>
			<styleUrl>#pointStyleMap1</styleUrl>
			<Style id="inline">
				<IconStyle>
					<color>ff7f55ff</color>
					<colorMode>normal</colorMode>
					<Icon>
						<href>http://maps.google.com/mapfiles/kml/shapes/square.png</href>
					</Icon>
				</IconStyle>
				<LineStyle>
					<color>ff7f55ff</color>
					<colorMode>normal</colorMode>
				</LineStyle>
				<PolyStyle>
					<color>ff7f55ff</color>
					<colorMode>normal</colorMode>
				</PolyStyle>
			</Style>
			<ExtendedData>
				<SchemaData schemaUrl="#S_dykeages2026_SSIDDDDSSSIISSIIIIIIII">
					<SimpleData name="Dyke">P46</SimpleData>
					<SimpleData name="Craton">SGT</SimpleData>
					<SimpleData name="Trend">90</SimpleData>
					<SimpleData name="Lat__N_">12.233</SimpleData>
					<SimpleData name="Long__E__">79.867</SimpleData>
					<SimpleData name="Age">2514</SimpleData>
					<SimpleData name="Error">13</SimpleData>
					<SimpleData name="Method">Sm-Nd</SimpleData>
					<SimpleData name="Author">Pradhan et al.</SimpleData>
					<SimpleData name="Journal">J. Earth Sys. Sci.</SimpleData>
					<SimpleData name="Volume">133</SimpleData>
					<SimpleData name="Year">2024</SimpleData>
					<SimpleData name="Page"></SimpleData>
					<SimpleData name="doi">https://idp.springer.com/authorize/casa?redirect_uri=https://link.springer.com/article/10.1007/s12040-024-02300-8&amp;casa_token=tdGNW4q8mr0AAAAA:yVkmtze7ZMqojSi69JNrUuTqQlB-CIxJt4mZh-HArKSgwgnARH8IHw-zyzj7H7D34OIyKTpmCrENq_Bv</SimpleData>
					<SimpleData name="unnamed">0</SimpleData>
					<SimpleData name="unnamed_2">0</SimpleData>
					<SimpleData name="unnamed_3">0</SimpleData>
					<SimpleData name="unnamed_4">0</SimpleData>
					<SimpleData name="unnamed_5">0</SimpleData>
					<SimpleData name="unnamed_6">0</SimpleData>
					<SimpleData name="unnamed_7">0</SimpleData>
					<SimpleData name="unnamed_8">0</SimpleData>
				</SchemaData>
			</ExtendedData>
			<Point>
				<coordinates>79.867,12.233,0</coordinates>
			</Point>
		</Placemark>
		<Placemark>
			<styleUrl>#pointStyleMap1</styleUrl>
			<Style id="inline">
				<IconStyle>
					<color>ff7f55ff</color>
					<colorMode>normal</colorMode>
					<Icon>
						<href>http://maps.google.com/mapfiles/kml/shapes/square.png</href>
					</Icon>
				</IconStyle>
				<LineStyle>
					<color>ff7f55ff</color>
					<colorMode>normal</colorMode>
				</LineStyle>
				<PolyStyle>
					<color>ff7f55ff</color>
					<colorMode>normal</colorMode>
				</PolyStyle>
			</Style>
			<ExtendedData>
				<SchemaData schemaUrl="#S_dykeages2026_SSIDDDDSSSIISSIIIIIIII">
					<SimpleData name="Dyke">BCD-1</SimpleData>
					<SimpleData name="Craton">Bastar</SimpleData>
					<SimpleData name="Trend">303</SimpleData>
					<SimpleData name="Lat__N_">20.4168</SimpleData>
					<SimpleData name="Long__E__">81.081</SimpleData>
					<SimpleData name="Age">2380</SimpleData>
					<SimpleData name="Error">3</SimpleData>
					<SimpleData name="Method">U-Pb</SimpleData>
					<SimpleData name="Author">Pandey et al.</SimpleData>
					<SimpleData name="Journal">PreCam</SimpleData>
					<SimpleData name="Volume">347</SimpleData>
					<SimpleData name="Year">2020</SimpleData>
					<SimpleData name="Page"></SimpleData>
					<SimpleData name="doi">https://doi.org/10.1016/j.precamres.2020.105853</SimpleData>
					<SimpleData name="unnamed">0</SimpleData>
					<SimpleData name="unnamed_2">0</SimpleData>
					<SimpleData name="unnamed_3">0</SimpleData>
					<SimpleData name="unnamed_4">0</SimpleData>
					<SimpleData name="unnamed_5">0</SimpleData>
					<SimpleData name="unnamed_6">0</SimpleData>
					<SimpleData name="unnamed_7">0</SimpleData>
					<SimpleData name="unnamed_8">0</SimpleData>
				</SchemaData>
			</ExtendedData>
			<Point>
				<coordinates>81.081,20.41679999999998,0</coordinates>
			</Point>
		</Placemark>
		<Placemark>
			<styleUrl>#pointStyleMap1</styleUrl>
			<Style id="inline">
				<IconStyle>
					<color>ff7f55ff</color>
					<colorMode>normal</colorMode>
					<Icon>
						<href>http://maps.google.com/mapfiles/kml/shapes/square.png</href>
					</Icon>
				</IconStyle>
				<LineStyle>
					<color>ff7f55ff</color>
					<colorMode>normal</colorMode>
				</LineStyle>
				<PolyStyle>
					<color>ff7f55ff</color>
					<colorMode>normal</colorMode>
				</PolyStyle>
			</Style>
			<ExtendedData>
				<SchemaData schemaUrl="#S_dykeages2026_SSIDDDDSSSIISSIIIIIIII">
					<SimpleData name="Dyke">DG16</SimpleData>
					<SimpleData name="Craton">Dharwar</SimpleData>
					<SimpleData name="Trend">68</SimpleData>
					<SimpleData name="Lat__N_">15.564</SimpleData>
					<SimpleData name="Long__E__">77.805</SimpleData>
					<SimpleData name="Age">2369.2</SimpleData>
					<SimpleData name="Error">0.8</SimpleData>
					<SimpleData name="Method">Pb-Pb</SimpleData>
					<SimpleData name="Author">Sarma et al</SimpleData>
					<SimpleData name="Journal">GF</SimpleData>
					<SimpleData name="Volume">11</SimpleData>
					<SimpleData name="Year">2020</SimpleData>
					<SimpleData name="Page">2127-2139</SimpleData>
					<SimpleData name="doi">https://doi.org/10.1016/j.gsf.2020.05.014</SimpleData>
					<SimpleData name="unnamed">0</SimpleData>
					<SimpleData name="unnamed_2">0</SimpleData>
					<SimpleData name="unnamed_3">0</SimpleData>
					<SimpleData name="unnamed_4">0</SimpleData>
					<SimpleData name="unnamed_5">0</SimpleData>
					<SimpleData name="unnamed_6">0</SimpleData>
					<SimpleData name="unnamed_7">0</SimpleData>
					<SimpleData name="unnamed_8">0</SimpleData>
				</SchemaData>
			</ExtendedData>
			<Point>
				<coordinates>77.80500000000001,15.564,0</coordinates>
			</Point>
		</Placemark>
		<Placemark>
			<styleUrl>#pointStyleMap1</styleUrl>
			<Style id="inline">
				<IconStyle>
					<color>ff7f55ff</color>
					<colorMode>normal</colorMode>
					<Icon>
						<href>http://maps.google.com/mapfiles/kml/shapes/square.png</href>
					</Icon>
				</IconStyle>
				<LineStyle>
					<color>ff7f55ff</color>
					<colorMode>normal</colorMode>
				</LineStyle>
				<PolyStyle>
					<color>ff7f55ff</color>
					<colorMode>normal</colorMode>
				</PolyStyle>
			</Style>
			<ExtendedData>
				<SchemaData schemaUrl="#S_dykeages2026_SSIDDDDSSSIISSIIIIIIII">
					<SimpleData name="Dyke">JEF99-7</SimpleData>
					<SimpleData name="Craton">Dharwar</SimpleData>
					<SimpleData name="Trend">90</SimpleData>
					<SimpleData name="Lat__N_">14.251</SimpleData>
					<SimpleData name="Long__E__">77.631</SimpleData>
					<SimpleData name="Age">2368.6</SimpleData>
					<SimpleData name="Error">1.3</SimpleData>
					<SimpleData name="Method">U-Pb</SimpleData>
					<SimpleData name="Author">French &amp; Heaman</SimpleData>
					<SimpleData name="Journal">PreCam</SimpleData>
					<SimpleData name="Volume">183</SimpleData>
					<SimpleData name="Year">2010</SimpleData>
					<SimpleData name="Page">416-441</SimpleData>
					<SimpleData name="doi">https://doi.org/10.1016/j.precamres.2010.05.003</SimpleData>
					<SimpleData name="unnamed">0</SimpleData>
					<SimpleData name="unnamed_2">0</SimpleData>
					<SimpleData name="unnamed_3">0</SimpleData>
					<SimpleData name="unnamed_4">0</SimpleData>
					<SimpleData name="unnamed_5">0</SimpleData>
					<SimpleData name="unnamed_6">0</SimpleData>
					<SimpleData name="unnamed_7">0</SimpleData>
					<SimpleData name="unnamed_8">0</SimpleData>
				</SchemaData>
			</ExtendedData>
			<Point>
				<coordinates>77.63099999999999,14.251,0</coordinates>
			</Point>
		</Placemark>
		<Placemark>
			<styleUrl>#pointStyleMap1</styleUrl>
			<Style id="inline">
				<IconStyle>
					<color>ff7f55ff</color>
					<colorMode>normal</colorMode>
					<Icon>
						<href>http://maps.google.com/mapfiles/kml/shapes/square.png</href>
					</Icon>
				</IconStyle>
				<LineStyle>
					<color>ff7f55ff</color>
					<colorMode>normal</colorMode>
				</LineStyle>
				<PolyStyle>
					<color>ff7f55ff</color>
					<colorMode>normal</colorMode>
				</PolyStyle>
			</Style>
			<ExtendedData>
				<SchemaData schemaUrl="#S_dykeages2026_SSIDDDDSSSIISSIIIIIIII">
					<SimpleData name="Dyke">TP8</SimpleData>
					<SimpleData name="Craton">Dharwar</SimpleData>
					<SimpleData name="Trend">75</SimpleData>
					<SimpleData name="Lat__N_">14.197</SimpleData>
					<SimpleData name="Long__E__">77.81</SimpleData>
					<SimpleData name="Age">2368.1</SimpleData>
					<SimpleData name="Error">0.6</SimpleData>
					<SimpleData name="Method">Pb-Pb</SimpleData>
					<SimpleData name="Author">Sarma et al</SimpleData>
					<SimpleData name="Journal">GF</SimpleData>
					<SimpleData name="Volume">11</SimpleData>
					<SimpleData name="Year">2020</SimpleData>
					<SimpleData name="Page">2127-2139</SimpleData>
					<SimpleData name="doi">https://doi.org/10.1016/j.gsf.2020.05.014</SimpleData>
					<SimpleData name="unnamed">0</SimpleData>
					<SimpleData name="unnamed_2">0</SimpleData>
					<SimpleData name="unnamed_3">0</SimpleData>
					<SimpleData name="unnamed_4">0</SimpleData>
					<SimpleData name="unnamed_5">0</SimpleData>
					<SimpleData name="unnamed_6">0</SimpleData>
					<SimpleData name="unnamed_7">0</SimpleData>
					<SimpleData name="unnamed_8">0</SimpleData>
				</SchemaData>
			</ExtendedData>
			<Point>
				<coordinates>77.81,14.197,0</coordinates>
			</Point>
		</Placemark>
		<Placemark>
			<styleUrl>#pointStyleMap1</styleUrl>
			<Style id="inline">
				<IconStyle>
					<color>ff7f55ff</color>
					<colorMode>normal</colorMode>
					<Icon>
						<href>http://maps.google.com/mapfiles/kml/shapes/square.png</href>
					</Icon>
				</IconStyle>
				<LineStyle>
					<color>ff7f55ff</color>
					<colorMode>normal</colorMode>
				</LineStyle>
				<PolyStyle>
					<color>ff7f55ff</color>
					<colorMode>normal</colorMode>
				</PolyStyle>
			</Style>
			<ExtendedData>
				<SchemaData schemaUrl="#S_dykeages2026_SSIDDDDSSSIISSIIIIIIII">
					<SimpleData name="Dyke">EDD09-013</SimpleData>
					<SimpleData name="Craton">Dharwar</SimpleData>
					<SimpleData name="Trend">75</SimpleData>
					<SimpleData name="Lat__N_">13.649</SimpleData>
					<SimpleData name="Long__E__">78.421</SimpleData>
					<SimpleData name="Age">2367</SimpleData>
					<SimpleData name="Error">2</SimpleData>
					<SimpleData name="Method">U-Pb</SimpleData>
					<SimpleData name="Author">Soderlund et al</SimpleData>
					<SimpleData name="Journal">PreCam</SimpleData>
					<SimpleData name="Volume">329</SimpleData>
					<SimpleData name="Year">2019</SimpleData>
					<SimpleData name="Page">26-43</SimpleData>
					<SimpleData name="doi">https://doi.org/10.1016/j.precamres.2018.12.017</SimpleData>
					<SimpleData name="unnamed">0</SimpleData>
					<SimpleData name="unnamed_2">0</SimpleData>
					<SimpleData name="unnamed_3">0</SimpleData>
					<SimpleData name="unnamed_4">0</SimpleData>
					<SimpleData name="unnamed_5">0</SimpleData>
					<SimpleData name="unnamed_6">0</SimpleData>
					<SimpleData name="unnamed_7">0</SimpleData>
					<SimpleData name="unnamed_8">0</SimpleData>
				</SchemaData>
			</ExtendedData>
			<Point>
				<coordinates>78.42100000000001,13.64900000000001,0</coordinates>
			</Point>
		</Placemark>
		<Placemark>
			<styleUrl>#pointStyleMap1</styleUrl>
			<Style id="inline">
				<IconStyle>
					<color>ff7f55ff</color>
					<colorMode>normal</colorMode>
					<Icon>
						<href>http://maps.google.com/mapfiles/kml/shapes/square.png</href>
					</Icon>
				</IconStyle>
				<LineStyle>
					<color>ff7f55ff</color>
					<colorMode>normal</colorMode>
				</LineStyle>
				<PolyStyle>
					<color>ff7f55ff</color>
					<colorMode>normal</colorMode>
				</PolyStyle>
			</Style>
			<ExtendedData>
				<SchemaData schemaUrl="#S_dykeages2026_SSIDDDDSSSIISSIIIIIIII">
					<SimpleData name="Dyke">BCD-2</SimpleData>
					<SimpleData name="Craton">Bastar</SimpleData>
					<SimpleData name="Trend">303</SimpleData>
					<SimpleData name="Lat__N_">20.4167</SimpleData>
					<SimpleData name="Long__E__">81.08</SimpleData>
					<SimpleData name="Age">2367</SimpleData>
					<SimpleData name="Error">5</SimpleData>
					<SimpleData name="Method">U-Pb</SimpleData>
					<SimpleData name="Author">Pandey et al.</SimpleData>
					<SimpleData name="Journal">PreCam</SimpleData>
					<SimpleData name="Volume">347</SimpleData>
					<SimpleData name="Year">2020</SimpleData>
					<SimpleData name="Page"></SimpleData>
					<SimpleData name="doi">https://doi.org/10.1016/j.precamres.2020.105853</SimpleData>
					<SimpleData name="unnamed">0</SimpleData>
					<SimpleData name="unnamed_2">0</SimpleData>
					<SimpleData name="unnamed_3">0</SimpleData>
					<SimpleData name="unnamed_4">0</SimpleData>
					<SimpleData name="unnamed_5">0</SimpleData>
					<SimpleData name="unnamed_6">0</SimpleData>
					<SimpleData name="unnamed_7">0</SimpleData>
					<SimpleData name="unnamed_8">0</SimpleData>
				</SchemaData>
			</ExtendedData>
			<Point>
				<coordinates>81.08,20.41669999999998,0</coordinates>
			</Point>
		</Placemark>
		<Placemark>
			<styleUrl>#pointStyleMap1</styleUrl>
			<Style id="inline">
				<IconStyle>
					<color>ff7f55ff</color>
					<colorMode>normal</colorMode>
					<Icon>
						<href>http://maps.google.com/mapfiles/kml/shapes/square.png</href>
					</Icon>
				</IconStyle>
				<LineStyle>
					<color>ff7f55ff</color>
					<colorMode>normal</colorMode>
				</LineStyle>
				<PolyStyle>
					<color>ff7f55ff</color>
					<colorMode>normal</colorMode>
				</PolyStyle>
			</Style>
			<ExtendedData>
				<SchemaData schemaUrl="#S_dykeages2026_SSIDDDDSSSIISSIIIIIIII">
					<SimpleData name="Dyke">KK9/31</SimpleData>
					<SimpleData name="Craton">Bastar</SimpleData>
					<SimpleData name="Trend">300</SimpleData>
					<SimpleData name="Lat__N_">20.178</SimpleData>
					<SimpleData name="Long__E__">81.514</SimpleData>
					<SimpleData name="Age">2367</SimpleData>
					<SimpleData name="Error">3</SimpleData>
					<SimpleData name="Method">U-Pb</SimpleData>
					<SimpleData name="Author">Pandey et al.</SimpleData>
					<SimpleData name="Journal">PreCam</SimpleData>
					<SimpleData name="Volume">347</SimpleData>
					<SimpleData name="Year">2020</SimpleData>
					<SimpleData name="Page"></SimpleData>
					<SimpleData name="doi">https://doi.org/10.1016/j.precamres.2020.105853</SimpleData>
					<SimpleData name="unnamed">0</SimpleData>
					<SimpleData name="unnamed_2">0</SimpleData>
					<SimpleData name="unnamed_3">0</SimpleData>
					<SimpleData name="unnamed_4">0</SimpleData>
					<SimpleData name="unnamed_5">0</SimpleData>
					<SimpleData name="unnamed_6">0</SimpleData>
					<SimpleData name="unnamed_7">0</SimpleData>
					<SimpleData name="unnamed_8">0</SimpleData>
				</SchemaData>
			</ExtendedData>
			<Point>
				<coordinates>81.514,20.17800000000002,0</coordinates>
			</Point>
		</Placemark>
		<Placemark>
			<styleUrl>#pointStyleMap1</styleUrl>
			<Style id="inline">
				<IconStyle>
					<color>ff7f55ff</color>
					<colorMode>normal</colorMode>
					<Icon>
						<href>http://maps.google.com/mapfiles/kml/shapes/square.png</href>
					</Icon>
				</IconStyle>
				<LineStyle>
					<color>ff7f55ff</color>
					<colorMode>normal</colorMode>
				</LineStyle>
				<PolyStyle>
					<color>ff7f55ff</color>
					<colorMode>normal</colorMode>
				</PolyStyle>
			</Style>
			<ExtendedData>
				<SchemaData schemaUrl="#S_dykeages2026_SSIDDDDSSSIISSIIIIIIII">
					<SimpleData name="Dyke">KB-2</SimpleData>
					<SimpleData name="Craton">Dharwar</SimpleData>
					<SimpleData name="Trend">290</SimpleData>
					<SimpleData name="Lat__N_">12.01</SimpleData>
					<SimpleData name="Long__E__">77.02</SimpleData>
					<SimpleData name="Age">2366.7</SimpleData>
					<SimpleData name="Error">1</SimpleData>
					<SimpleData name="Method">U-Pb</SimpleData>
					<SimpleData name="Author">Halls et al</SimpleData>
					<SimpleData name="Journal">PreCam</SimpleData>
					<SimpleData name="Volume">153</SimpleData>
					<SimpleData name="Year">2007</SimpleData>
					<SimpleData name="Page">47-68</SimpleData>
					<SimpleData name="doi">http://dx.doi.org/10.1016/j.precamres.2007.01.007</SimpleData>
					<SimpleData name="unnamed">0</SimpleData>
					<SimpleData name="unnamed_2">0</SimpleData>
					<SimpleData name="unnamed_3">0</SimpleData>
					<SimpleData name="unnamed_4">0</SimpleData>
					<SimpleData name="unnamed_5">0</SimpleData>
					<SimpleData name="unnamed_6">0</SimpleData>
					<SimpleData name="unnamed_7">0</SimpleData>
					<SimpleData name="unnamed_8">0</SimpleData>
				</SchemaData>
			</ExtendedData>
			<Point>
				<coordinates>77.01999999999998,12.00999999999998,0</coordinates>
			</Point>
		</Placemark>
		<Placemark>
			<styleUrl>#pointStyleMap1</styleUrl>
			<Style id="inline">
				<IconStyle>
					<color>ff7f55ff</color>
					<colorMode>normal</colorMode>
					<Icon>
						<href>http://maps.google.com/mapfiles/kml/shapes/square.png</href>
					</Icon>
				</IconStyle>
				<LineStyle>
					<color>ff7f55ff</color>
					<colorMode>normal</colorMode>
				</LineStyle>
				<PolyStyle>
					<color>ff7f55ff</color>
					<colorMode>normal</colorMode>
				</PolyStyle>
			</Style>
			<ExtendedData>
				<SchemaData schemaUrl="#S_dykeages2026_SSIDDDDSSSIISSIIIIIIII">
					<SimpleData name="Dyke">DH05</SimpleData>
					<SimpleData name="Craton">Dharwar</SimpleData>
					<SimpleData name="Trend">87</SimpleData>
					<SimpleData name="Lat__N_">13.651</SimpleData>
					<SimpleData name="Long__E__">78.42</SimpleData>
					<SimpleData name="Age">2366.4</SimpleData>
					<SimpleData name="Error">0.8</SimpleData>
					<SimpleData name="Method">Pb-Pb</SimpleData>
					<SimpleData name="Author">Sarma et al</SimpleData>
					<SimpleData name="Journal">GF</SimpleData>
					<SimpleData name="Volume">11</SimpleData>
					<SimpleData name="Year">2020</SimpleData>
					<SimpleData name="Page">2127-2139</SimpleData>
					<SimpleData name="doi">https://doi.org/10.1016/j.gsf.2020.05.014</SimpleData>
					<SimpleData name="unnamed">0</SimpleData>
					<SimpleData name="unnamed_2">0</SimpleData>
					<SimpleData name="unnamed_3">0</SimpleData>
					<SimpleData name="unnamed_4">0</SimpleData>
					<SimpleData name="unnamed_5">0</SimpleData>
					<SimpleData name="unnamed_6">0</SimpleData>
					<SimpleData name="unnamed_7">0</SimpleData>
					<SimpleData name="unnamed_8">0</SimpleData>
				</SchemaData>
			</ExtendedData>
			<Point>
				<coordinates>78.42,13.65100000000002,0</coordinates>
			</Point>
		</Placemark>
		<Placemark>
			<styleUrl>#pointStyleMap1</styleUrl>
			<Style id="inline">
				<IconStyle>
					<color>ff7f55ff</color>
					<colorMode>normal</colorMode>
					<Icon>
						<href>http://maps.google.com/mapfiles/kml/shapes/square.png</href>
					</Icon>
				</IconStyle>
				<LineStyle>
					<color>ff7f55ff</color>
					<colorMode>normal</colorMode>
				</LineStyle>
				<PolyStyle>
					<color>ff7f55ff</color>
					<colorMode>normal</colorMode>
				</PolyStyle>
			</Style>
			<ExtendedData>
				<SchemaData schemaUrl="#S_dykeages2026_SSIDDDDSSSIISSIIIIIIII">
					<SimpleData name="Dyke">MB87</SimpleData>
					<SimpleData name="Craton">Dharwar</SimpleData>
					<SimpleData name="Trend">62</SimpleData>
					<SimpleData name="Lat__N_">16.474</SimpleData>
					<SimpleData name="Long__E__">77.736</SimpleData>
					<SimpleData name="Age">2366.3</SimpleData>
					<SimpleData name="Error">1.1</SimpleData>
					<SimpleData name="Method">Pb-Pb</SimpleData>
					<SimpleData name="Author">Sarma et al</SimpleData>
					<SimpleData name="Journal">GF</SimpleData>
					<SimpleData name="Volume">11</SimpleData>
					<SimpleData name="Year">2020</SimpleData>
					<SimpleData name="Page">2127-2139</SimpleData>
					<SimpleData name="doi">https://doi.org/10.1016/j.gsf.2020.05.014</SimpleData>
					<SimpleData name="unnamed">0</SimpleData>
					<SimpleData name="unnamed_2">0</SimpleData>
					<SimpleData name="unnamed_3">0</SimpleData>
					<SimpleData name="unnamed_4">0</SimpleData>
					<SimpleData name="unnamed_5">0</SimpleData>
					<SimpleData name="unnamed_6">0</SimpleData>
					<SimpleData name="unnamed_7">0</SimpleData>
					<SimpleData name="unnamed_8">0</SimpleData>
				</SchemaData>
			</ExtendedData>
			<Point>
				<coordinates>77.73599999999999,16.47399999999997,0</coordinates>
			</Point>
		</Placemark>
		<Placemark>
			<styleUrl>#pointStyleMap1</styleUrl>
			<Style id="inline">
				<IconStyle>
					<color>ff7f55ff</color>
					<colorMode>normal</colorMode>
					<Icon>
						<href>http://maps.google.com/mapfiles/kml/shapes/square.png</href>
					</Icon>
				</IconStyle>
				<LineStyle>
					<color>ff7f55ff</color>
					<colorMode>normal</colorMode>
				</LineStyle>
				<PolyStyle>
					<color>ff7f55ff</color>
					<colorMode>normal</colorMode>
				</PolyStyle>
			</Style>
			<ExtendedData>
				<SchemaData schemaUrl="#S_dykeages2026_SSIDDDDSSSIISSIIIIIIII">
					<SimpleData name="Dyke">BCD-6</SimpleData>
					<SimpleData name="Craton">Bastar</SimpleData>
					<SimpleData name="Trend">303</SimpleData>
					<SimpleData name="Lat__N_">20.3483</SimpleData>
					<SimpleData name="Long__E__">81.0612</SimpleData>
					<SimpleData name="Age">2366</SimpleData>
					<SimpleData name="Error">21</SimpleData>
					<SimpleData name="Method">U-Pb</SimpleData>
					<SimpleData name="Author">Pandey et al.</SimpleData>
					<SimpleData name="Journal">PreCam</SimpleData>
					<SimpleData name="Volume">347</SimpleData>
					<SimpleData name="Year">2020</SimpleData>
					<SimpleData name="Page"></SimpleData>
					<SimpleData name="doi">https://doi.org/10.1016/j.precamres.2020.105853</SimpleData>
					<SimpleData name="unnamed">0</SimpleData>
					<SimpleData name="unnamed_2">0</SimpleData>
					<SimpleData name="unnamed_3">0</SimpleData>
					<SimpleData name="unnamed_4">0</SimpleData>
					<SimpleData name="unnamed_5">0</SimpleData>
					<SimpleData name="unnamed_6">0</SimpleData>
					<SimpleData name="unnamed_7">0</SimpleData>
					<SimpleData name="unnamed_8">0</SimpleData>
				</SchemaData>
			</ExtendedData>
			<Point>
				<coordinates>81.0612,20.34830000000001,0</coordinates>
			</Point>
		</Placemark>
		<Placemark>
			<styleUrl>#pointStyleMap1</styleUrl>
			<Style id="inline">
				<IconStyle>
					<color>ff7f55ff</color>
					<colorMode>normal</colorMode>
					<Icon>
						<href>http://maps.google.com/mapfiles/kml/shapes/square.png</href>
					</Icon>
				</IconStyle>
				<LineStyle>
					<color>ff7f55ff</color>
					<colorMode>normal</colorMode>
				</LineStyle>
				<PolyStyle>
					<color>ff7f55ff</color>
					<colorMode>normal</colorMode>
				</PolyStyle>
			</Style>
			<ExtendedData>
				<SchemaData schemaUrl="#S_dykeages2026_SSIDDDDSSSIISSIIIIIIII">
					<SimpleData name="Dyke">JEF99-6</SimpleData>
					<SimpleData name="Craton">Dharwar</SimpleData>
					<SimpleData name="Trend">90</SimpleData>
					<SimpleData name="Lat__N_">14.134</SimpleData>
					<SimpleData name="Long__E__">77.601</SimpleData>
					<SimpleData name="Age">2365.9</SimpleData>
					<SimpleData name="Error">1.5</SimpleData>
					<SimpleData name="Method">U-Pb</SimpleData>
					<SimpleData name="Author">French &amp; Heaman</SimpleData>
					<SimpleData name="Journal">PreCam</SimpleData>
					<SimpleData name="Volume">183</SimpleData>
					<SimpleData name="Year">2010</SimpleData>
					<SimpleData name="Page">416-441</SimpleData>
					<SimpleData name="doi">https://doi.org/10.1016/j.precamres.2010.05.003</SimpleData>
					<SimpleData name="unnamed">0</SimpleData>
					<SimpleData name="unnamed_2">0</SimpleData>
					<SimpleData name="unnamed_3">0</SimpleData>
					<SimpleData name="unnamed_4">0</SimpleData>
					<SimpleData name="unnamed_5">0</SimpleData>
					<SimpleData name="unnamed_6">0</SimpleData>
					<SimpleData name="unnamed_7">0</SimpleData>
					<SimpleData name="unnamed_8">0</SimpleData>
				</SchemaData>
			</ExtendedData>
			<Point>
				<coordinates>77.60099999999998,14.13400000000003,0</coordinates>
			</Point>
		</Placemark>
		<Placemark>
			<styleUrl>#pointStyleMap1</styleUrl>
			<Style id="inline">
				<IconStyle>
					<color>ff7f55ff</color>
					<colorMode>normal</colorMode>
					<Icon>
						<href>http://maps.google.com/mapfiles/kml/shapes/square.png</href>
					</Icon>
				</IconStyle>
				<LineStyle>
					<color>ff7f55ff</color>
					<colorMode>normal</colorMode>
				</LineStyle>
				<PolyStyle>
					<color>ff7f55ff</color>
					<colorMode>normal</colorMode>
				</PolyStyle>
			</Style>
			<ExtendedData>
				<SchemaData schemaUrl="#S_dykeages2026_SSIDDDDSSSIISSIIIIIIII">
					<SimpleData name="Dyke">BP-11</SimpleData>
					<SimpleData name="Craton">Bastar</SimpleData>
					<SimpleData name="Trend">114</SimpleData>
					<SimpleData name="Lat__N_">20.036</SimpleData>
					<SimpleData name="Long__E__">80.625</SimpleData>
					<SimpleData name="Age">2365.7</SimpleData>
					<SimpleData name="Error">0.48</SimpleData>
					<SimpleData name="Method">Pb-Pb</SimpleData>
					<SimpleData name="Author">Panda et al.</SimpleData>
					<SimpleData name="Journal">PreCam</SimpleData>
					<SimpleData name="Volume">393</SimpleData>
					<SimpleData name="Year">2023</SimpleData>
					<SimpleData name="Page"></SimpleData>
					<SimpleData name="doi">https://doi.org/10.1016/j.precamres.2023.107090</SimpleData>
					<SimpleData name="unnamed">0</SimpleData>
					<SimpleData name="unnamed_2">0</SimpleData>
					<SimpleData name="unnamed_3">0</SimpleData>
					<SimpleData name="unnamed_4">0</SimpleData>
					<SimpleData name="unnamed_5">0</SimpleData>
					<SimpleData name="unnamed_6">0</SimpleData>
					<SimpleData name="unnamed_7">0</SimpleData>
					<SimpleData name="unnamed_8">0</SimpleData>
				</SchemaData>
			</ExtendedData>
			<Point>
				<coordinates>80.62500000000001,20.036,0</coordinates>
			</Point>
		</Placemark>
		<Placemark>
			<styleUrl>#pointStyleMap1</styleUrl>
			<Style id="inline">
				<IconStyle>
					<color>ff7f55ff</color>
					<colorMode>normal</colorMode>
					<Icon>
						<href>http://maps.google.com/mapfiles/kml/shapes/square.png</href>
					</Icon>
				</IconStyle>
				<LineStyle>
					<color>ff7f55ff</color>
					<colorMode>normal</colorMode>
				</LineStyle>
				<PolyStyle>
					<color>ff7f55ff</color>
					<colorMode>normal</colorMode>
				</PolyStyle>
			</Style>
			<ExtendedData>
				<SchemaData schemaUrl="#S_dykeages2026_SSIDDDDSSSIISSIIIIIIII">
					<SimpleData name="Dyke">B/29</SimpleData>
					<SimpleData name="Craton">Bastar</SimpleData>
					<SimpleData name="Trend">125</SimpleData>
					<SimpleData name="Lat__N_">20.325</SimpleData>
					<SimpleData name="Long__E__">81.184</SimpleData>
					<SimpleData name="Age">2365.6</SimpleData>
					<SimpleData name="Error">0.9</SimpleData>
					<SimpleData name="Method">U-Pb</SimpleData>
					<SimpleData name="Author">Liao et al.</SimpleData>
					<SimpleData name="Journal">GR</SimpleData>
					<SimpleData name="Volume">69</SimpleData>
					<SimpleData name="Year">2019</SimpleData>
					<SimpleData name="Page">193-211</SimpleData>
					<SimpleData name="doi">https://doi.org/10.1016/j.gr.2018.12.007</SimpleData>
					<SimpleData name="unnamed">0</SimpleData>
					<SimpleData name="unnamed_2">0</SimpleData>
					<SimpleData name="unnamed_3">0</SimpleData>
					<SimpleData name="unnamed_4">0</SimpleData>
					<SimpleData name="unnamed_5">0</SimpleData>
					<SimpleData name="unnamed_6">0</SimpleData>
					<SimpleData name="unnamed_7">0</SimpleData>
					<SimpleData name="unnamed_8">0</SimpleData>
				</SchemaData>
			</ExtendedData>
			<Point>
				<coordinates>81.18399999999995,20.32499999999998,0</coordinates>
			</Point>
		</Placemark>
		<Placemark>
			<styleUrl>#pointStyleMap1</styleUrl>
			<Style id="inline">
				<IconStyle>
					<color>ff7f55ff</color>
					<colorMode>normal</colorMode>
					<Icon>
						<href>http://maps.google.com/mapfiles/kml/shapes/square.png</href>
					</Icon>
				</IconStyle>
				<LineStyle>
					<color>ff7f55ff</color>
					<colorMode>normal</colorMode>
				</LineStyle>
				<PolyStyle>
					<color>ff7f55ff</color>
					<colorMode>normal</colorMode>
				</PolyStyle>
			</Style>
			<ExtendedData>
				<SchemaData schemaUrl="#S_dykeages2026_SSIDDDDSSSIISSIIIIIIII">
					<SimpleData name="Dyke">JEF99-1</SimpleData>
					<SimpleData name="Craton">Dharwar</SimpleData>
					<SimpleData name="Trend">90</SimpleData>
					<SimpleData name="Lat__N_">12.649</SimpleData>
					<SimpleData name="Long__E__">77.497</SimpleData>
					<SimpleData name="Age">2365.4</SimpleData>
					<SimpleData name="Error">1</SimpleData>
					<SimpleData name="Method">U-Pb</SimpleData>
					<SimpleData name="Author">French &amp; Heaman</SimpleData>
					<SimpleData name="Journal">PreCam</SimpleData>
					<SimpleData name="Volume">183</SimpleData>
					<SimpleData name="Year">2010</SimpleData>
					<SimpleData name="Page">416-441</SimpleData>
					<SimpleData name="doi">https://doi.org/10.1016/j.precamres.2010.05.003</SimpleData>
					<SimpleData name="unnamed">0</SimpleData>
					<SimpleData name="unnamed_2">0</SimpleData>
					<SimpleData name="unnamed_3">0</SimpleData>
					<SimpleData name="unnamed_4">0</SimpleData>
					<SimpleData name="unnamed_5">0</SimpleData>
					<SimpleData name="unnamed_6">0</SimpleData>
					<SimpleData name="unnamed_7">0</SimpleData>
					<SimpleData name="unnamed_8">0</SimpleData>
				</SchemaData>
			</ExtendedData>
			<Point>
				<coordinates>77.49700000000003,12.64900000000001,0</coordinates>
			</Point>
		</Placemark>
		<Placemark>
			<styleUrl>#pointStyleMap1</styleUrl>
			<Style id="inline">
				<IconStyle>
					<color>ff7f55ff</color>
					<colorMode>normal</colorMode>
					<Icon>
						<href>http://maps.google.com/mapfiles/kml/shapes/square.png</href>
					</Icon>
				</IconStyle>
				<LineStyle>
					<color>ff7f55ff</color>
					<colorMode>normal</colorMode>
				</LineStyle>
				<PolyStyle>
					<color>ff7f55ff</color>
					<colorMode>normal</colorMode>
				</PolyStyle>
			</Style>
			<ExtendedData>
				<SchemaData schemaUrl="#S_dykeages2026_SSIDDDDSSSIISSIIIIIIII">
					<SimpleData name="Dyke">BT-6</SimpleData>
					<SimpleData name="Craton">Bastar</SimpleData>
					<SimpleData name="Trend">140</SimpleData>
					<SimpleData name="Lat__N_">19.987</SimpleData>
					<SimpleData name="Long__E__">81.313</SimpleData>
					<SimpleData name="Age">2365.3</SimpleData>
					<SimpleData name="Error">0.54</SimpleData>
					<SimpleData name="Method">Pb-Pb</SimpleData>
					<SimpleData name="Author">Panda et al.</SimpleData>
					<SimpleData name="Journal">PreCam</SimpleData>
					<SimpleData name="Volume">393</SimpleData>
					<SimpleData name="Year">2023</SimpleData>
					<SimpleData name="Page"></SimpleData>
					<SimpleData name="doi">https://doi.org/10.1016/j.precamres.2023.107090</SimpleData>
					<SimpleData name="unnamed">0</SimpleData>
					<SimpleData name="unnamed_2">0</SimpleData>
					<SimpleData name="unnamed_3">0</SimpleData>
					<SimpleData name="unnamed_4">0</SimpleData>
					<SimpleData name="unnamed_5">0</SimpleData>
					<SimpleData name="unnamed_6">0</SimpleData>
					<SimpleData name="unnamed_7">0</SimpleData>
					<SimpleData name="unnamed_8">0</SimpleData>
				</SchemaData>
			</ExtendedData>
			<Point>
				<coordinates>81.313,19.987,0</coordinates>
			</Point>
		</Placemark>
		<Placemark>
			<styleUrl>#pointStyleMap1</styleUrl>
			<Style id="inline">
				<IconStyle>
					<color>ff7f55ff</color>
					<colorMode>normal</colorMode>
					<Icon>
						<href>http://maps.google.com/mapfiles/kml/shapes/square.png</href>
					</Icon>
				</IconStyle>
				<LineStyle>
					<color>ff7f55ff</color>
					<colorMode>normal</colorMode>
				</LineStyle>
				<PolyStyle>
					<color>ff7f55ff</color>
					<colorMode>normal</colorMode>
				</PolyStyle>
			</Style>
			<ExtendedData>
				<SchemaData schemaUrl="#S_dykeages2026_SSIDDDDSSSIISSIIIIIIII">
					<SimpleData name="Dyke">KK9/13</SimpleData>
					<SimpleData name="Craton">Bastar</SimpleData>
					<SimpleData name="Trend">309</SimpleData>
					<SimpleData name="Lat__N_">20.438</SimpleData>
					<SimpleData name="Long__E__">81.0895</SimpleData>
					<SimpleData name="Age">2365</SimpleData>
					<SimpleData name="Error">13</SimpleData>
					<SimpleData name="Method">U-Pb</SimpleData>
					<SimpleData name="Author">Pandey et al.</SimpleData>
					<SimpleData name="Journal">PreCam</SimpleData>
					<SimpleData name="Volume">347</SimpleData>
					<SimpleData name="Year">2020</SimpleData>
					<SimpleData name="Page"></SimpleData>
					<SimpleData name="doi">https://doi.org/10.1016/j.precamres.2020.105853</SimpleData>
					<SimpleData name="unnamed">0</SimpleData>
					<SimpleData name="unnamed_2">0</SimpleData>
					<SimpleData name="unnamed_3">0</SimpleData>
					<SimpleData name="unnamed_4">0</SimpleData>
					<SimpleData name="unnamed_5">0</SimpleData>
					<SimpleData name="unnamed_6">0</SimpleData>
					<SimpleData name="unnamed_7">0</SimpleData>
					<SimpleData name="unnamed_8">0</SimpleData>
				</SchemaData>
			</ExtendedData>
			<Point>
				<coordinates>81.08949999999997,20.438,0</coordinates>
			</Point>
		</Placemark>
		<Placemark>
			<styleUrl>#pointStyleMap1</styleUrl>
			<Style id="inline">
				<IconStyle>
					<color>ff7f55ff</color>
					<colorMode>normal</colorMode>
					<Icon>
						<href>http://maps.google.com/mapfiles/kml/shapes/square.png</href>
					</Icon>
				</IconStyle>
				<LineStyle>
					<color>ff7f55ff</color>
					<colorMode>normal</colorMode>
				</LineStyle>
				<PolyStyle>
					<color>ff7f55ff</color>
					<colorMode>normal</colorMode>
				</PolyStyle>
			</Style>
			<ExtendedData>
				<SchemaData schemaUrl="#S_dykeages2026_SSIDDDDSSSIISSIIIIIIII">
					<SimpleData name="Dyke">BNB10-021</SimpleData>
					<SimpleData name="Craton">Dharwar</SimpleData>
					<SimpleData name="Trend">50</SimpleData>
					<SimpleData name="Lat__N_">17.503</SimpleData>
					<SimpleData name="Long__E__">78.868</SimpleData>
					<SimpleData name="Age">2364</SimpleData>
					<SimpleData name="Error">4</SimpleData>
					<SimpleData name="Method">U-Pb</SimpleData>
					<SimpleData name="Author">Soderlund et al</SimpleData>
					<SimpleData name="Journal">PreCam</SimpleData>
					<SimpleData name="Volume">329</SimpleData>
					<SimpleData name="Year">2019</SimpleData>
					<SimpleData name="Page">26-43</SimpleData>
					<SimpleData name="doi">https://doi.org/10.1016/j.precamres.2018.12.017</SimpleData>
					<SimpleData name="unnamed">0</SimpleData>
					<SimpleData name="unnamed_2">0</SimpleData>
					<SimpleData name="unnamed_3">0</SimpleData>
					<SimpleData name="unnamed_4">0</SimpleData>
					<SimpleData name="unnamed_5">0</SimpleData>
					<SimpleData name="unnamed_6">0</SimpleData>
					<SimpleData name="unnamed_7">0</SimpleData>
					<SimpleData name="unnamed_8">0</SimpleData>
				</SchemaData>
			</ExtendedData>
			<Point>
				<coordinates>78.86800000000001,17.503,0</coordinates>
			</Point>
		</Placemark>
		<Placemark>
			<styleUrl>#pointStyleMap1</styleUrl>
			<Style id="inline">
				<IconStyle>
					<color>ff7f55ff</color>
					<colorMode>normal</colorMode>
					<Icon>
						<href>http://maps.google.com/mapfiles/kml/shapes/square.png</href>
					</Icon>
				</IconStyle>
				<LineStyle>
					<color>ff7f55ff</color>
					<colorMode>normal</colorMode>
				</LineStyle>
				<PolyStyle>
					<color>ff7f55ff</color>
					<colorMode>normal</colorMode>
				</PolyStyle>
			</Style>
			<ExtendedData>
				<SchemaData schemaUrl="#S_dykeages2026_SSIDDDDSSSIISSIIIIIIII">
					<SimpleData name="Dyke">BCD-4</SimpleData>
					<SimpleData name="Craton">Bastar</SimpleData>
					<SimpleData name="Trend">301</SimpleData>
					<SimpleData name="Lat__N_">20.3865</SimpleData>
					<SimpleData name="Long__E__">81.078</SimpleData>
					<SimpleData name="Age">2364</SimpleData>
					<SimpleData name="Error">4</SimpleData>
					<SimpleData name="Method">U-Pb</SimpleData>
					<SimpleData name="Author">Pandey et al.</SimpleData>
					<SimpleData name="Journal">PreCam</SimpleData>
					<SimpleData name="Volume">347</SimpleData>
					<SimpleData name="Year">2020</SimpleData>
					<SimpleData name="Page"></SimpleData>
					<SimpleData name="doi">https://doi.org/10.1016/j.precamres.2020.105853</SimpleData>
					<SimpleData name="unnamed">0</SimpleData>
					<SimpleData name="unnamed_2">0</SimpleData>
					<SimpleData name="unnamed_3">0</SimpleData>
					<SimpleData name="unnamed_4">0</SimpleData>
					<SimpleData name="unnamed_5">0</SimpleData>
					<SimpleData name="unnamed_6">0</SimpleData>
					<SimpleData name="unnamed_7">0</SimpleData>
					<SimpleData name="unnamed_8">0</SimpleData>
				</SchemaData>
			</ExtendedData>
			<Point>
				<coordinates>81.07799999999999,20.38650000000002,0</coordinates>
			</Point>
		</Placemark>
		<Placemark>
			<styleUrl>#pointStyleMap1</styleUrl>
			<Style id="inline">
				<IconStyle>
					<color>ff7f55ff</color>
					<colorMode>normal</colorMode>
					<Icon>
						<href>http://maps.google.com/mapfiles/kml/shapes/square.png</href>
					</Icon>
				</IconStyle>
				<LineStyle>
					<color>ff7f55ff</color>
					<colorMode>normal</colorMode>
				</LineStyle>
				<PolyStyle>
					<color>ff7f55ff</color>
					<colorMode>normal</colorMode>
				</PolyStyle>
			</Style>
			<ExtendedData>
				<SchemaData schemaUrl="#S_dykeages2026_SSIDDDDSSSIISSIIIIIIII">
					<SimpleData name="Dyke">BG-6</SimpleData>
					<SimpleData name="Craton">Bastar</SimpleData>
					<SimpleData name="Trend">140</SimpleData>
					<SimpleData name="Lat__N_">20.257</SimpleData>
					<SimpleData name="Long__E__">82.301</SimpleData>
					<SimpleData name="Age">2363.9</SimpleData>
					<SimpleData name="Error">0.8</SimpleData>
					<SimpleData name="Method">Pb-Pb</SimpleData>
					<SimpleData name="Author">Panda et al.</SimpleData>
					<SimpleData name="Journal">PreCam</SimpleData>
					<SimpleData name="Volume">393</SimpleData>
					<SimpleData name="Year">2023</SimpleData>
					<SimpleData name="Page"></SimpleData>
					<SimpleData name="doi">https://doi.org/10.1016/j.precamres.2023.107090</SimpleData>
					<SimpleData name="unnamed">0</SimpleData>
					<SimpleData name="unnamed_2">0</SimpleData>
					<SimpleData name="unnamed_3">0</SimpleData>
					<SimpleData name="unnamed_4">0</SimpleData>
					<SimpleData name="unnamed_5">0</SimpleData>
					<SimpleData name="unnamed_6">0</SimpleData>
					<SimpleData name="unnamed_7">0</SimpleData>
					<SimpleData name="unnamed_8">0</SimpleData>
				</SchemaData>
			</ExtendedData>
			<Point>
				<coordinates>82.301,20.25700000000001,0</coordinates>
			</Point>
		</Placemark>
		<Placemark>
			<styleUrl>#pointStyleMap1</styleUrl>
			<Style id="inline">
				<IconStyle>
					<color>ff7f55ff</color>
					<colorMode>normal</colorMode>
					<Icon>
						<href>http://maps.google.com/mapfiles/kml/shapes/square.png</href>
					</Icon>
				</IconStyle>
				<LineStyle>
					<color>ff7f55ff</color>
					<colorMode>normal</colorMode>
				</LineStyle>
				<PolyStyle>
					<color>ff7f55ff</color>
					<colorMode>normal</colorMode>
				</PolyStyle>
			</Style>
			<ExtendedData>
				<SchemaData schemaUrl="#S_dykeages2026_SSIDDDDSSSIISSIIIIIIII">
					<SimpleData name="Dyke">I1535</SimpleData>
					<SimpleData name="Craton">Dharwar</SimpleData>
					<SimpleData name="Trend">150</SimpleData>
					<SimpleData name="Lat__N_">12.476</SimpleData>
					<SimpleData name="Long__E__">77.966</SimpleData>
					<SimpleData name="Age">2363</SimpleData>
					<SimpleData name="Error">6.6</SimpleData>
					<SimpleData name="Method">U-Pb</SimpleData>
					<SimpleData name="Author">Pivarunas et al</SimpleData>
					<SimpleData name="Journal">Tectonophys</SimpleData>
					<SimpleData name="Volume">760</SimpleData>
					<SimpleData name="Year">2019</SimpleData>
					<SimpleData name="Page">22-Apr</SimpleData>
					<SimpleData name="doi">https://doi.org/10.1016/j.tecto.2018.01.024</SimpleData>
					<SimpleData name="unnamed">0</SimpleData>
					<SimpleData name="unnamed_2">0</SimpleData>
					<SimpleData name="unnamed_3">0</SimpleData>
					<SimpleData name="unnamed_4">0</SimpleData>
					<SimpleData name="unnamed_5">0</SimpleData>
					<SimpleData name="unnamed_6">0</SimpleData>
					<SimpleData name="unnamed_7">0</SimpleData>
					<SimpleData name="unnamed_8">0</SimpleData>
				</SchemaData>
			</ExtendedData>
			<Point>
				<coordinates>77.96600000000002,12.476,0</coordinates>
			</Point>
		</Placemark>
		<Placemark>
			<styleUrl>#pointStyleMap1</styleUrl>
			<Style id="inline">
				<IconStyle>
					<color>ff7f55ff</color>
					<colorMode>normal</colorMode>
					<Icon>
						<href>http://maps.google.com/mapfiles/kml/shapes/square.png</href>
					</Icon>
				</IconStyle>
				<LineStyle>
					<color>ff7f55ff</color>
					<colorMode>normal</colorMode>
				</LineStyle>
				<PolyStyle>
					<color>ff7f55ff</color>
					<colorMode>normal</colorMode>
				</PolyStyle>
			</Style>
			<ExtendedData>
				<SchemaData schemaUrl="#S_dykeages2026_SSIDDDDSSSIISSIIIIIIII">
					<SimpleData name="Dyke">BNB10-003B</SimpleData>
					<SimpleData name="Craton">Dharwar</SimpleData>
					<SimpleData name="Trend">80</SimpleData>
					<SimpleData name="Lat__N_">13.589</SimpleData>
					<SimpleData name="Long__E__">78.523</SimpleData>
					<SimpleData name="Age">2361</SimpleData>
					<SimpleData name="Error">3</SimpleData>
					<SimpleData name="Method">U-Pb</SimpleData>
					<SimpleData name="Author">Soderlund et al</SimpleData>
					<SimpleData name="Journal">PreCam</SimpleData>
					<SimpleData name="Volume">329</SimpleData>
					<SimpleData name="Year">2019</SimpleData>
					<SimpleData name="Page">26-43</SimpleData>
					<SimpleData name="doi">https://doi.org/10.1016/j.precamres.2018.12.017</SimpleData>
					<SimpleData name="unnamed">0</SimpleData>
					<SimpleData name="unnamed_2">0</SimpleData>
					<SimpleData name="unnamed_3">0</SimpleData>
					<SimpleData name="unnamed_4">0</SimpleData>
					<SimpleData name="unnamed_5">0</SimpleData>
					<SimpleData name="unnamed_6">0</SimpleData>
					<SimpleData name="unnamed_7">0</SimpleData>
					<SimpleData name="unnamed_8">0</SimpleData>
				</SchemaData>
			</ExtendedData>
			<Point>
				<coordinates>78.52300000000002,13.58900000000002,0</coordinates>
			</Point>
		</Placemark>
		<Placemark>
			<styleUrl>#pointStyleMap1</styleUrl>
			<Style id="inline">
				<IconStyle>
					<color>ff7f55ff</color>
					<colorMode>normal</colorMode>
					<Icon>
						<href>http://maps.google.com/mapfiles/kml/shapes/square.png</href>
					</Icon>
				</IconStyle>
				<LineStyle>
					<color>ff7f55ff</color>
					<colorMode>normal</colorMode>
				</LineStyle>
				<PolyStyle>
					<color>ff7f55ff</color>
					<colorMode>normal</colorMode>
				</PolyStyle>
			</Style>
			<ExtendedData>
				<SchemaData schemaUrl="#S_dykeages2026_SSIDDDDSSSIISSIIIIIIII">
					<SimpleData name="Dyke">BCD-5</SimpleData>
					<SimpleData name="Craton">Bastar</SimpleData>
					<SimpleData name="Trend">298</SimpleData>
					<SimpleData name="Lat__N_">20.3736</SimpleData>
					<SimpleData name="Long__E__">81.0733</SimpleData>
					<SimpleData name="Age">2356</SimpleData>
					<SimpleData name="Error">8</SimpleData>
					<SimpleData name="Method">U-Pb</SimpleData>
					<SimpleData name="Author">Pandey et al.</SimpleData>
					<SimpleData name="Journal">PreCam</SimpleData>
					<SimpleData name="Volume">347</SimpleData>
					<SimpleData name="Year">2020</SimpleData>
					<SimpleData name="Page"></SimpleData>
					<SimpleData name="doi">https://doi.org/10.1016/j.precamres.2020.105853</SimpleData>
					<SimpleData name="unnamed">0</SimpleData>
					<SimpleData name="unnamed_2">0</SimpleData>
					<SimpleData name="unnamed_3">0</SimpleData>
					<SimpleData name="unnamed_4">0</SimpleData>
					<SimpleData name="unnamed_5">0</SimpleData>
					<SimpleData name="unnamed_6">0</SimpleData>
					<SimpleData name="unnamed_7">0</SimpleData>
					<SimpleData name="unnamed_8">0</SimpleData>
				</SchemaData>
			</ExtendedData>
			<Point>
				<coordinates>81.07330000000003,20.37360000000002,0</coordinates>
			</Point>
		</Placemark>
		<Placemark>
			<styleUrl>#pointStyleMap1</styleUrl>
			<Style id="inline">
				<IconStyle>
					<color>ff7f55ff</color>
					<colorMode>normal</colorMode>
					<Icon>
						<href>http://maps.google.com/mapfiles/kml/shapes/square.png</href>
					</Icon>
				</IconStyle>
				<LineStyle>
					<color>ff7f55ff</color>
					<colorMode>normal</colorMode>
				</LineStyle>
				<PolyStyle>
					<color>ff7f55ff</color>
					<colorMode>normal</colorMode>
				</PolyStyle>
			</Style>
			<ExtendedData>
				<SchemaData schemaUrl="#S_dykeages2026_SSIDDDDSSSIISSIIIIIIII">
					<SimpleData name="Dyke">P58</SimpleData>
					<SimpleData name="Craton">Dharwar</SimpleData>
					<SimpleData name="Trend">115</SimpleData>
					<SimpleData name="Lat__N_">12.11</SimpleData>
					<SimpleData name="Long__E__">79.25</SimpleData>
					<SimpleData name="Age">2318</SimpleData>
					<SimpleData name="Error">60</SimpleData>
					<SimpleData name="Method">Rb-Sr</SimpleData>
					<SimpleData name="Author">Dash et al.</SimpleData>
					<SimpleData name="Journal">PreCam</SimpleData>
					<SimpleData name="Volume">228</SimpleData>
					<SimpleData name="Year">2013</SimpleData>
					<SimpleData name="Page">164-176</SimpleData>
					<SimpleData name="doi">http://dx.doi.org/10.1016/j.precamres.2013.01.004</SimpleData>
					<SimpleData name="unnamed">0</SimpleData>
					<SimpleData name="unnamed_2">0</SimpleData>
					<SimpleData name="unnamed_3">0</SimpleData>
					<SimpleData name="unnamed_4">0</SimpleData>
					<SimpleData name="unnamed_5">0</SimpleData>
					<SimpleData name="unnamed_6">0</SimpleData>
					<SimpleData name="unnamed_7">0</SimpleData>
					<SimpleData name="unnamed_8">0</SimpleData>
				</SchemaData>
			</ExtendedData>
			<Point>
				<coordinates>79.25,12.11,0</coordinates>
			</Point>
		</Placemark>
		<Placemark>
			<styleUrl>#pointStyleMap1</styleUrl>
			<Style id="inline">
				<IconStyle>
					<color>ff7f55ff</color>
					<colorMode>normal</colorMode>
					<Icon>
						<href>http://maps.google.com/mapfiles/kml/shapes/square.png</href>
					</Icon>
				</IconStyle>
				<LineStyle>
					<color>ff7f55ff</color>
					<colorMode>normal</colorMode>
				</LineStyle>
				<PolyStyle>
					<color>ff7f55ff</color>
					<colorMode>normal</colorMode>
				</PolyStyle>
			</Style>
			<ExtendedData>
				<SchemaData schemaUrl="#S_dykeages2026_SSIDDDDSSSIISSIIIIIIII">
					<SimpleData name="Dyke">BNB10-031</SimpleData>
					<SimpleData name="Craton">Dharwar</SimpleData>
					<SimpleData name="Trend">5</SimpleData>
					<SimpleData name="Lat__N_">16.752</SimpleData>
					<SimpleData name="Long__E__">78.043</SimpleData>
					<SimpleData name="Age">2257</SimpleData>
					<SimpleData name="Error">4</SimpleData>
					<SimpleData name="Method">U-Pb</SimpleData>
					<SimpleData name="Author">Soderlund et al</SimpleData>
					<SimpleData name="Journal">PreCam</SimpleData>
					<SimpleData name="Volume">329</SimpleData>
					<SimpleData name="Year">2019</SimpleData>
					<SimpleData name="Page">26-43</SimpleData>
					<SimpleData name="doi">https://doi.org/10.1016/j.precamres.2018.12.017</SimpleData>
					<SimpleData name="unnamed">0</SimpleData>
					<SimpleData name="unnamed_2">0</SimpleData>
					<SimpleData name="unnamed_3">0</SimpleData>
					<SimpleData name="unnamed_4">0</SimpleData>
					<SimpleData name="unnamed_5">0</SimpleData>
					<SimpleData name="unnamed_6">0</SimpleData>
					<SimpleData name="unnamed_7">0</SimpleData>
					<SimpleData name="unnamed_8">0</SimpleData>
				</SchemaData>
			</ExtendedData>
			<Point>
				<coordinates>78.04300000000001,16.752,0</coordinates>
			</Point>
		</Placemark>
		<Placemark>
			<styleUrl>#pointStyleMap1</styleUrl>
			<Style id="inline">
				<IconStyle>
					<color>ff7f55ff</color>
					<colorMode>normal</colorMode>
					<Icon>
						<href>http://maps.google.com/mapfiles/kml/shapes/square.png</href>
					</Icon>
				</IconStyle>
				<LineStyle>
					<color>ff7f55ff</color>
					<colorMode>normal</colorMode>
				</LineStyle>
				<PolyStyle>
					<color>ff7f55ff</color>
					<colorMode>normal</colorMode>
				</PolyStyle>
			</Style>
			<ExtendedData>
				<SchemaData schemaUrl="#S_dykeages2026_SSIDDDDSSSIISSIIIIIIII">
					<SimpleData name="Dyke">BNB10-029</SimpleData>
					<SimpleData name="Craton">Dharwar</SimpleData>
					<SimpleData name="Trend">7</SimpleData>
					<SimpleData name="Lat__N_">16.425</SimpleData>
					<SimpleData name="Long__E__">78.115</SimpleData>
					<SimpleData name="Age">2256</SimpleData>
					<SimpleData name="Error">5</SimpleData>
					<SimpleData name="Method">U-Pb</SimpleData>
					<SimpleData name="Author">Soderlund et al</SimpleData>
					<SimpleData name="Journal">PreCam</SimpleData>
					<SimpleData name="Volume">329</SimpleData>
					<SimpleData name="Year">2019</SimpleData>
					<SimpleData name="Page">26-43</SimpleData>
					<SimpleData name="doi">https://doi.org/10.1016/j.precamres.2018.12.017</SimpleData>
					<SimpleData name="unnamed">0</SimpleData>
					<SimpleData name="unnamed_2">0</SimpleData>
					<SimpleData name="unnamed_3">0</SimpleData>
					<SimpleData name="unnamed_4">0</SimpleData>
					<SimpleData name="unnamed_5">0</SimpleData>
					<SimpleData name="unnamed_6">0</SimpleData>
					<SimpleData name="unnamed_7">0</SimpleData>
					<SimpleData name="unnamed_8">0</SimpleData>
				</SchemaData>
			</ExtendedData>
			<Point>
				<coordinates>78.11499999999999,16.42500000000001,0</coordinates>
			</Point>
		</Placemark>
		<Placemark>
			<styleUrl>#pointStyleMap1</styleUrl>
			<Style id="inline">
				<IconStyle>
					<color>ff7f55ff</color>
					<colorMode>normal</colorMode>
					<Icon>
						<href>http://maps.google.com/mapfiles/kml/shapes/square.png</href>
					</Icon>
				</IconStyle>
				<LineStyle>
					<color>ff7f55ff</color>
					<colorMode>normal</colorMode>
				</LineStyle>
				<PolyStyle>
					<color>ff7f55ff</color>
					<colorMode>normal</colorMode>
				</PolyStyle>
			</Style>
			<ExtendedData>
				<SchemaData schemaUrl="#S_dykeages2026_SSIDDDDSSSIISSIIIIIIII">
					<SimpleData name="Dyke">BNB10-001B</SimpleData>
					<SimpleData name="Craton">Dharwar</SimpleData>
					<SimpleData name="Trend">25</SimpleData>
					<SimpleData name="Lat__N_">13.6</SimpleData>
					<SimpleData name="Long__E__">77.892</SimpleData>
					<SimpleData name="Age">2255</SimpleData>
					<SimpleData name="Error">1</SimpleData>
					<SimpleData name="Method">U-Pb</SimpleData>
					<SimpleData name="Author">Soderlund et al</SimpleData>
					<SimpleData name="Journal">PreCam</SimpleData>
					<SimpleData name="Volume">329</SimpleData>
					<SimpleData name="Year">2019</SimpleData>
					<SimpleData name="Page">26-43</SimpleData>
					<SimpleData name="doi">https://doi.org/10.1016/j.precamres.2018.12.017</SimpleData>
					<SimpleData name="unnamed">0</SimpleData>
					<SimpleData name="unnamed_2">0</SimpleData>
					<SimpleData name="unnamed_3">0</SimpleData>
					<SimpleData name="unnamed_4">0</SimpleData>
					<SimpleData name="unnamed_5">0</SimpleData>
					<SimpleData name="unnamed_6">0</SimpleData>
					<SimpleData name="unnamed_7">0</SimpleData>
					<SimpleData name="unnamed_8">0</SimpleData>
				</SchemaData>
			</ExtendedData>
			<Point>
				<coordinates>77.89200000000001,13.60000000000001,0</coordinates>
			</Point>
		</Placemark>
		<Placemark>
			<styleUrl>#pointStyleMap1</styleUrl>
			<Style id="inline">
				<IconStyle>
					<color>ff7f55ff</color>
					<colorMode>normal</colorMode>
					<Icon>
						<href>http://maps.google.com/mapfiles/kml/shapes/square.png</href>
					</Icon>
				</IconStyle>
				<LineStyle>
					<color>ff7f55ff</color>
					<colorMode>normal</colorMode>
				</LineStyle>
				<PolyStyle>
					<color>ff7f55ff</color>
					<colorMode>normal</colorMode>
				</PolyStyle>
			</Style>
			<ExtendedData>
				<SchemaData schemaUrl="#S_dykeages2026_SSIDDDDSSSIISSIIIIIIII">
					<SimpleData name="Dyke">IB90</SimpleData>
					<SimpleData name="Craton">Dharwar</SimpleData>
					<SimpleData name="Trend">17</SimpleData>
					<SimpleData name="Lat__N_">17.475</SimpleData>
					<SimpleData name="Long__E__">78.879</SimpleData>
					<SimpleData name="Age">2252.7</SimpleData>
					<SimpleData name="Error">0.5</SimpleData>
					<SimpleData name="Method">Pb-Pb</SimpleData>
					<SimpleData name="Author">Nagaraju et al.</SimpleData>
					<SimpleData name="Journal">PreCam</SimpleData>
					<SimpleData name="Volume">317</SimpleData>
					<SimpleData name="Year">2018</SimpleData>
					<SimpleData name="Page">89-100</SimpleData>
					<SimpleData name="doi">https://doi.org/10.1016/j.precamres.2018.08.009</SimpleData>
					<SimpleData name="unnamed">0</SimpleData>
					<SimpleData name="unnamed_2">0</SimpleData>
					<SimpleData name="unnamed_3">0</SimpleData>
					<SimpleData name="unnamed_4">0</SimpleData>
					<SimpleData name="unnamed_5">0</SimpleData>
					<SimpleData name="unnamed_6">0</SimpleData>
					<SimpleData name="unnamed_7">0</SimpleData>
					<SimpleData name="unnamed_8">0</SimpleData>
				</SchemaData>
			</ExtendedData>
			<Point>
				<coordinates>78.879,17.47500000000002,0</coordinates>
			</Point>
		</Placemark>
		<Placemark>
			<styleUrl>#pointStyleMap1</styleUrl>
			<Style id="inline">
				<IconStyle>
					<color>ff7f55ff</color>
					<colorMode>normal</colorMode>
					<Icon>
						<href>http://maps.google.com/mapfiles/kml/shapes/square.png</href>
					</Icon>
				</IconStyle>
				<LineStyle>
					<color>ff7f55ff</color>
					<colorMode>normal</colorMode>
				</LineStyle>
				<PolyStyle>
					<color>ff7f55ff</color>
					<colorMode>normal</colorMode>
				</PolyStyle>
			</Style>
			<ExtendedData>
				<SchemaData schemaUrl="#S_dykeages2026_SSIDDDDSSSIISSIIIIIIII">
					<SimpleData name="Dyke">BNB10-024</SimpleData>
					<SimpleData name="Craton">Dharwar</SimpleData>
					<SimpleData name="Trend">355</SimpleData>
					<SimpleData name="Lat__N_">17.772</SimpleData>
					<SimpleData name="Long__E__">79.367</SimpleData>
					<SimpleData name="Age">2252</SimpleData>
					<SimpleData name="Error">9</SimpleData>
					<SimpleData name="Method">U-Pb</SimpleData>
					<SimpleData name="Author">Soderlund et al</SimpleData>
					<SimpleData name="Journal">PreCam</SimpleData>
					<SimpleData name="Volume">329</SimpleData>
					<SimpleData name="Year">2019</SimpleData>
					<SimpleData name="Page">26-43</SimpleData>
					<SimpleData name="doi">https://doi.org/10.1016/j.precamres.2018.12.017</SimpleData>
					<SimpleData name="unnamed">0</SimpleData>
					<SimpleData name="unnamed_2">0</SimpleData>
					<SimpleData name="unnamed_3">0</SimpleData>
					<SimpleData name="unnamed_4">0</SimpleData>
					<SimpleData name="unnamed_5">0</SimpleData>
					<SimpleData name="unnamed_6">0</SimpleData>
					<SimpleData name="unnamed_7">0</SimpleData>
					<SimpleData name="unnamed_8">0</SimpleData>
				</SchemaData>
			</ExtendedData>
			<Point>
				<coordinates>79.367,17.772,0</coordinates>
			</Point>
		</Placemark>
		<Placemark>
			<styleUrl>#pointStyleMap1</styleUrl>
			<Style id="inline">
				<IconStyle>
					<color>ff7f55ff</color>
					<colorMode>normal</colorMode>
					<Icon>
						<href>http://maps.google.com/mapfiles/kml/shapes/square.png</href>
					</Icon>
				</IconStyle>
				<LineStyle>
					<color>ff7f55ff</color>
					<colorMode>normal</colorMode>
				</LineStyle>
				<PolyStyle>
					<color>ff7f55ff</color>
					<colorMode>normal</colorMode>
				</PolyStyle>
			</Style>
			<ExtendedData>
				<SchemaData schemaUrl="#S_dykeages2026_SSIDDDDSSSIISSIIIIIIII">
					<SimpleData name="Dyke">KTPD-09-07</SimpleData>
					<SimpleData name="Craton">Singhbhum</SimpleData>
					<SimpleData name="Trend">28</SimpleData>
					<SimpleData name="Lat__N_">21.494</SimpleData>
					<SimpleData name="Long__E__">86.568</SimpleData>
					<SimpleData name="Age">2251</SimpleData>
					<SimpleData name="Error">2</SimpleData>
					<SimpleData name="Method">Pb-Pb</SimpleData>
					<SimpleData name="Author">Srivastava et al.</SimpleData>
					<SimpleData name="Journal">PreCam</SimpleData>
					<SimpleData name="Volume">329</SimpleData>
					<SimpleData name="Year">2018</SimpleData>
					<SimpleData name="Page">17-May</SimpleData>
					<SimpleData name="doi">https://doi.org/10.1016/j.precamres.2018.08.001</SimpleData>
					<SimpleData name="unnamed">0</SimpleData>
					<SimpleData name="unnamed_2">0</SimpleData>
					<SimpleData name="unnamed_3">0</SimpleData>
					<SimpleData name="unnamed_4">0</SimpleData>
					<SimpleData name="unnamed_5">0</SimpleData>
					<SimpleData name="unnamed_6">0</SimpleData>
					<SimpleData name="unnamed_7">0</SimpleData>
					<SimpleData name="unnamed_8">0</SimpleData>
				</SchemaData>
			</ExtendedData>
			<Point>
				<coordinates>86.56799999999998,21.494,0</coordinates>
			</Point>
		</Placemark>
		<Placemark>
			<styleUrl>#pointStyleMap1</styleUrl>
			<Style id="inline">
				<IconStyle>
					<color>ff7f55ff</color>
					<colorMode>normal</colorMode>
					<Icon>
						<href>http://maps.google.com/mapfiles/kml/shapes/square.png</href>
					</Icon>
				</IconStyle>
				<LineStyle>
					<color>ff7f55ff</color>
					<colorMode>normal</colorMode>
				</LineStyle>
				<PolyStyle>
					<color>ff7f55ff</color>
					<colorMode>normal</colorMode>
				</PolyStyle>
			</Style>
			<ExtendedData>
				<SchemaData schemaUrl="#S_dykeages2026_SSIDDDDSSSIISSIIIIIIII">
					<SimpleData name="Dyke">NB10/15</SimpleData>
					<SimpleData name="Craton">Bastar</SimpleData>
					<SimpleData name="Trend">65</SimpleData>
					<SimpleData name="Lat__N_">20.856</SimpleData>
					<SimpleData name="Long__E__">82.246</SimpleData>
					<SimpleData name="Age">2251</SimpleData>
					<SimpleData name="Error">4</SimpleData>
					<SimpleData name="Method">Pb-Pb</SimpleData>
					<SimpleData name="Author">Srivastava et al.</SimpleData>
					<SimpleData name="Journal">PreCam</SimpleData>
					<SimpleData name="Volume">360</SimpleData>
					<SimpleData name="Year">2021</SimpleData>
					<SimpleData name="Page"></SimpleData>
					<SimpleData name="doi">https://doi.org/10.1016/j.precamres.2021.106232</SimpleData>
					<SimpleData name="unnamed">0</SimpleData>
					<SimpleData name="unnamed_2">0</SimpleData>
					<SimpleData name="unnamed_3">0</SimpleData>
					<SimpleData name="unnamed_4">0</SimpleData>
					<SimpleData name="unnamed_5">0</SimpleData>
					<SimpleData name="unnamed_6">0</SimpleData>
					<SimpleData name="unnamed_7">0</SimpleData>
					<SimpleData name="unnamed_8">0</SimpleData>
				</SchemaData>
			</ExtendedData>
			<Point>
				<coordinates>82.24599999999997,20.85599999999998,0</coordinates>
			</Point>
		</Placemark>
		<Placemark>
			<styleUrl>#pointStyleMap1</styleUrl>
			<Style id="inline">
				<IconStyle>
					<color>ff7f55ff</color>
					<colorMode>normal</colorMode>
					<Icon>
						<href>http://maps.google.com/mapfiles/kml/shapes/square.png</href>
					</Icon>
				</IconStyle>
				<LineStyle>
					<color>ff7f55ff</color>
					<colorMode>normal</colorMode>
				</LineStyle>
				<PolyStyle>
					<color>ff7f55ff</color>
					<colorMode>normal</colorMode>
				</PolyStyle>
			</Style>
			<ExtendedData>
				<SchemaData schemaUrl="#S_dykeages2026_SSIDDDDSSSIISSIIIIIIII">
					<SimpleData name="Dyke">JEF00-55</SimpleData>
					<SimpleData name="Craton">Dharwar</SimpleData>
					<SimpleData name="Trend">165</SimpleData>
					<SimpleData name="Lat__N_">13.67</SimpleData>
					<SimpleData name="Long__E__">78.43</SimpleData>
					<SimpleData name="Age">2220.5</SimpleData>
					<SimpleData name="Error">4.9</SimpleData>
					<SimpleData name="Method">U-Pb</SimpleData>
					<SimpleData name="Author">French &amp; Heaman</SimpleData>
					<SimpleData name="Journal">PreCam</SimpleData>
					<SimpleData name="Volume">183</SimpleData>
					<SimpleData name="Year">2010</SimpleData>
					<SimpleData name="Page">416-441</SimpleData>
					<SimpleData name="doi">https://doi.org/10.1016/j.precamres.2010.05.003</SimpleData>
					<SimpleData name="unnamed">0</SimpleData>
					<SimpleData name="unnamed_2">0</SimpleData>
					<SimpleData name="unnamed_3">0</SimpleData>
					<SimpleData name="unnamed_4">0</SimpleData>
					<SimpleData name="unnamed_5">0</SimpleData>
					<SimpleData name="unnamed_6">0</SimpleData>
					<SimpleData name="unnamed_7">0</SimpleData>
					<SimpleData name="unnamed_8">0</SimpleData>
				</SchemaData>
			</ExtendedData>
			<Point>
				<coordinates>78.43000000000002,13.66999999999999,0</coordinates>
			</Point>
		</Placemark>
		<Placemark>
			<styleUrl>#pointStyleMap1</styleUrl>
			<Style id="inline">
				<IconStyle>
					<color>ff7f55ff</color>
					<colorMode>normal</colorMode>
					<Icon>
						<href>http://maps.google.com/mapfiles/kml/shapes/square.png</href>
					</Icon>
				</IconStyle>
				<LineStyle>
					<color>ff7f55ff</color>
					<colorMode>normal</colorMode>
				</LineStyle>
				<PolyStyle>
					<color>ff7f55ff</color>
					<colorMode>normal</colorMode>
				</PolyStyle>
			</Style>
			<ExtendedData>
				<SchemaData schemaUrl="#S_dykeages2026_SSIDDDDSSSIISSIIIIIIII">
					<SimpleData name="Dyke">KP-48-2(V)</SimpleData>
					<SimpleData name="Craton">Dharwar</SimpleData>
					<SimpleData name="Trend">350</SimpleData>
					<SimpleData name="Lat__N_">15.777</SimpleData>
					<SimpleData name="Long__E__">76.301</SimpleData>
					<SimpleData name="Age">2216.6</SimpleData>
					<SimpleData name="Error">0.7</SimpleData>
					<SimpleData name="Method">Pb-Pb</SimpleData>
					<SimpleData name="Author">Nagaraju et al.</SimpleData>
					<SimpleData name="Journal">PEPI</SimpleData>
					<SimpleData name="Volume">274</SimpleData>
					<SimpleData name="Year">2018</SimpleData>
					<SimpleData name="Page">222-231</SimpleData>
					<SimpleData name="doi">https://doi.org/10.1016/j.pepi.2017.11.006</SimpleData>
					<SimpleData name="unnamed">0</SimpleData>
					<SimpleData name="unnamed_2">0</SimpleData>
					<SimpleData name="unnamed_3">0</SimpleData>
					<SimpleData name="unnamed_4">0</SimpleData>
					<SimpleData name="unnamed_5">0</SimpleData>
					<SimpleData name="unnamed_6">0</SimpleData>
					<SimpleData name="unnamed_7">0</SimpleData>
					<SimpleData name="unnamed_8">0</SimpleData>
				</SchemaData>
			</ExtendedData>
			<Point>
				<coordinates>76.30099999999999,15.777,0</coordinates>
			</Point>
		</Placemark>
		<Placemark>
			<styleUrl>#pointStyleMap1</styleUrl>
			<Style id="inline">
				<IconStyle>
					<color>ff7f55ff</color>
					<colorMode>normal</colorMode>
					<Icon>
						<href>http://maps.google.com/mapfiles/kml/shapes/square.png</href>
					</Icon>
				</IconStyle>
				<LineStyle>
					<color>ff7f55ff</color>
					<colorMode>normal</colorMode>
				</LineStyle>
				<PolyStyle>
					<color>ff7f55ff</color>
					<colorMode>normal</colorMode>
				</PolyStyle>
			</Style>
			<ExtendedData>
				<SchemaData schemaUrl="#S_dykeages2026_SSIDDDDSSSIISSIIIIIIII">
					<SimpleData name="Dyke">GD-08</SimpleData>
					<SimpleData name="Craton">Dharwar</SimpleData>
					<SimpleData name="Trend">345</SimpleData>
					<SimpleData name="Lat__N_">14.231</SimpleData>
					<SimpleData name="Long__E__">76.354</SimpleData>
					<SimpleData name="Age">2215.9</SimpleData>
					<SimpleData name="Error">0.3</SimpleData>
					<SimpleData name="Method">Pb-Pb</SimpleData>
					<SimpleData name="Author">Kumar et al</SimpleData>
					<SimpleData name="Journal">Chem Geo</SimpleData>
					<SimpleData name="Volume">372</SimpleData>
					<SimpleData name="Year">2014</SimpleData>
					<SimpleData name="Page">72-79</SimpleData>
					<SimpleData name="doi">http://dx.doi.org/10.1016/j.chemgeo.2014.02.017</SimpleData>
					<SimpleData name="unnamed">0</SimpleData>
					<SimpleData name="unnamed_2">0</SimpleData>
					<SimpleData name="unnamed_3">0</SimpleData>
					<SimpleData name="unnamed_4">0</SimpleData>
					<SimpleData name="unnamed_5">0</SimpleData>
					<SimpleData name="unnamed_6">0</SimpleData>
					<SimpleData name="unnamed_7">0</SimpleData>
					<SimpleData name="unnamed_8">0</SimpleData>
				</SchemaData>
			</ExtendedData>
			<Point>
				<coordinates>76.35399999999997,14.23099999999998,0</coordinates>
			</Point>
		</Placemark>
		<Placemark>
			<styleUrl>#pointStyleMap1</styleUrl>
			<Style id="inline">
				<IconStyle>
					<color>ff7f55ff</color>
					<colorMode>normal</colorMode>
					<Icon>
						<href>http://maps.google.com/mapfiles/kml/shapes/square.png</href>
					</Icon>
				</IconStyle>
				<LineStyle>
					<color>ff7f55ff</color>
					<colorMode>normal</colorMode>
				</LineStyle>
				<PolyStyle>
					<color>ff7f55ff</color>
					<colorMode>normal</colorMode>
				</PolyStyle>
			</Style>
			<ExtendedData>
				<SchemaData schemaUrl="#S_dykeages2026_SSIDDDDSSSIISSIIIIIIII">
					<SimpleData name="Dyke">DC08/12</SimpleData>
					<SimpleData name="Craton">Dharwar</SimpleData>
					<SimpleData name="Trend">360</SimpleData>
					<SimpleData name="Lat__N_">13.357</SimpleData>
					<SimpleData name="Long__E__">77.048</SimpleData>
					<SimpleData name="Age">2215.2</SimpleData>
					<SimpleData name="Error">2</SimpleData>
					<SimpleData name="Method">U-Pb</SimpleData>
					<SimpleData name="Author">Srivastava et al.</SimpleData>
					<SimpleData name="Journal">Internationa Symposium Abstract</SimpleData>
					<SimpleData name="Volume">0</SimpleData>
					<SimpleData name="Year">2011</SimpleData>
					<SimpleData name="Page">263-266</SimpleData>
					<SimpleData name="doi">no link</SimpleData>
					<SimpleData name="unnamed">0</SimpleData>
					<SimpleData name="unnamed_2">0</SimpleData>
					<SimpleData name="unnamed_3">0</SimpleData>
					<SimpleData name="unnamed_4">0</SimpleData>
					<SimpleData name="unnamed_5">0</SimpleData>
					<SimpleData name="unnamed_6">0</SimpleData>
					<SimpleData name="unnamed_7">0</SimpleData>
					<SimpleData name="unnamed_8">0</SimpleData>
				</SchemaData>
			</ExtendedData>
			<Point>
				<coordinates>77.048,13.35700000000001,0</coordinates>
			</Point>
		</Placemark>
		<Placemark>
			<styleUrl>#pointStyleMap1</styleUrl>
			<Style id="inline">
				<IconStyle>
					<color>ff7f55ff</color>
					<colorMode>normal</colorMode>
					<Icon>
						<href>http://maps.google.com/mapfiles/kml/shapes/square.png</href>
					</Icon>
				</IconStyle>
				<LineStyle>
					<color>ff7f55ff</color>
					<colorMode>normal</colorMode>
				</LineStyle>
				<PolyStyle>
					<color>ff7f55ff</color>
					<colorMode>normal</colorMode>
				</PolyStyle>
			</Style>
			<ExtendedData>
				<SchemaData schemaUrl="#S_dykeages2026_SSIDDDDSSSIISSIIIIIIII">
					<SimpleData name="Dyke">BNB10-026</SimpleData>
					<SimpleData name="Craton">Dharwar</SimpleData>
					<SimpleData name="Trend">280</SimpleData>
					<SimpleData name="Lat__N_">17.073</SimpleData>
					<SimpleData name="Long__E__">78.477</SimpleData>
					<SimpleData name="Age">2215</SimpleData>
					<SimpleData name="Error">4</SimpleData>
					<SimpleData name="Method">U-Pb</SimpleData>
					<SimpleData name="Author">Soderlund et al</SimpleData>
					<SimpleData name="Journal">PreCam</SimpleData>
					<SimpleData name="Volume">329</SimpleData>
					<SimpleData name="Year">2019</SimpleData>
					<SimpleData name="Page">26-43</SimpleData>
					<SimpleData name="doi">https://doi.org/10.1016/j.precamres.2018.12.017</SimpleData>
					<SimpleData name="unnamed">0</SimpleData>
					<SimpleData name="unnamed_2">0</SimpleData>
					<SimpleData name="unnamed_3">0</SimpleData>
					<SimpleData name="unnamed_4">0</SimpleData>
					<SimpleData name="unnamed_5">0</SimpleData>
					<SimpleData name="unnamed_6">0</SimpleData>
					<SimpleData name="unnamed_7">0</SimpleData>
					<SimpleData name="unnamed_8">0</SimpleData>
				</SchemaData>
			</ExtendedData>
			<Point>
				<coordinates>78.47699999999998,17.07300000000002,0</coordinates>
			</Point>
		</Placemark>
		<Placemark>
			<styleUrl>#pointStyleMap1</styleUrl>
			<Style id="inline">
				<IconStyle>
					<color>ff7f55ff</color>
					<colorMode>normal</colorMode>
					<Icon>
						<href>http://maps.google.com/mapfiles/kml/shapes/square.png</href>
					</Icon>
				</IconStyle>
				<LineStyle>
					<color>ff7f55ff</color>
					<colorMode>normal</colorMode>
				</LineStyle>
				<PolyStyle>
					<color>ff7f55ff</color>
					<colorMode>normal</colorMode>
				</PolyStyle>
			</Style>
			<ExtendedData>
				<SchemaData schemaUrl="#S_dykeages2026_SSIDDDDSSSIISSIIIIIIII">
					<SimpleData name="Dyke">WD-38</SimpleData>
					<SimpleData name="Craton">Dharwar</SimpleData>
					<SimpleData name="Trend">330</SimpleData>
					<SimpleData name="Lat__N_">15.152</SimpleData>
					<SimpleData name="Long__E__">75.585</SimpleData>
					<SimpleData name="Age">2212.9</SimpleData>
					<SimpleData name="Error">0.4</SimpleData>
					<SimpleData name="Method">U-Pb</SimpleData>
					<SimpleData name="Author">Yadav et al.</SimpleData>
					<SimpleData name="Journal">JAES</SimpleData>
					<SimpleData name="Volume">191</SimpleData>
					<SimpleData name="Year">2020</SimpleData>
					<SimpleData name="Page">104221</SimpleData>
					<SimpleData name="doi">https://doi.org/10.1016/j.jseaes.2019.104221</SimpleData>
					<SimpleData name="unnamed">0</SimpleData>
					<SimpleData name="unnamed_2">0</SimpleData>
					<SimpleData name="unnamed_3">0</SimpleData>
					<SimpleData name="unnamed_4">0</SimpleData>
					<SimpleData name="unnamed_5">0</SimpleData>
					<SimpleData name="unnamed_6">0</SimpleData>
					<SimpleData name="unnamed_7">0</SimpleData>
					<SimpleData name="unnamed_8">0</SimpleData>
				</SchemaData>
			</ExtendedData>
			<Point>
				<coordinates>75.58499999999997,15.15199999999998,0</coordinates>
			</Point>
		</Placemark>
		<Placemark>
			<styleUrl>#pointStyleMap1</styleUrl>
			<Style id="inline">
				<IconStyle>
					<color>ff7f55ff</color>
					<colorMode>normal</colorMode>
					<Icon>
						<href>http://maps.google.com/mapfiles/kml/shapes/square.png</href>
					</Icon>
				</IconStyle>
				<LineStyle>
					<color>ff7f55ff</color>
					<colorMode>normal</colorMode>
				</LineStyle>
				<PolyStyle>
					<color>ff7f55ff</color>
					<colorMode>normal</colorMode>
				</PolyStyle>
			</Style>
			<ExtendedData>
				<SchemaData schemaUrl="#S_dykeages2026_SSIDDDDSSSIISSIIIIIIII">
					<SimpleData name="Dyke">WD-02</SimpleData>
					<SimpleData name="Craton">Dharwar</SimpleData>
					<SimpleData name="Trend">330</SimpleData>
					<SimpleData name="Lat__N_">12.741</SimpleData>
					<SimpleData name="Long__E__">77.315</SimpleData>
					<SimpleData name="Age">2212.3</SimpleData>
					<SimpleData name="Error">0.8</SimpleData>
					<SimpleData name="Method">U-Pb</SimpleData>
					<SimpleData name="Author">Yadav et al.</SimpleData>
					<SimpleData name="Journal">JAES</SimpleData>
					<SimpleData name="Volume">191</SimpleData>
					<SimpleData name="Year">2020</SimpleData>
					<SimpleData name="Page">104221</SimpleData>
					<SimpleData name="doi">https://doi.org/10.1016/j.jseaes.2019.104221</SimpleData>
					<SimpleData name="unnamed">0</SimpleData>
					<SimpleData name="unnamed_2">0</SimpleData>
					<SimpleData name="unnamed_3">0</SimpleData>
					<SimpleData name="unnamed_4">0</SimpleData>
					<SimpleData name="unnamed_5">0</SimpleData>
					<SimpleData name="unnamed_6">0</SimpleData>
					<SimpleData name="unnamed_7">0</SimpleData>
					<SimpleData name="unnamed_8">0</SimpleData>
				</SchemaData>
			</ExtendedData>
			<Point>
				<coordinates>77.315,12.74099999999997,0</coordinates>
			</Point>
		</Placemark>
		<Placemark>
			<styleUrl>#pointStyleMap1</styleUrl>
			<Style id="inline">
				<IconStyle>
					<color>ff7f55ff</color>
					<colorMode>normal</colorMode>
					<Icon>
						<href>http://maps.google.com/mapfiles/kml/shapes/square.png</href>
					</Icon>
				</IconStyle>
				<LineStyle>
					<color>ff7f55ff</color>
					<colorMode>normal</colorMode>
				</LineStyle>
				<PolyStyle>
					<color>ff7f55ff</color>
					<colorMode>normal</colorMode>
				</PolyStyle>
			</Style>
			<ExtendedData>
				<SchemaData schemaUrl="#S_dykeages2026_SSIDDDDSSSIISSIIIIIIII">
					<SimpleData name="Dyke">EDD09/04</SimpleData>
					<SimpleData name="Craton">Dharwar</SimpleData>
					<SimpleData name="Trend">360</SimpleData>
					<SimpleData name="Lat__N_">12.498</SimpleData>
					<SimpleData name="Long__E__">77.234</SimpleData>
					<SimpleData name="Age">2211.7</SimpleData>
					<SimpleData name="Error">0.9</SimpleData>
					<SimpleData name="Method">Pb-Pb</SimpleData>
					<SimpleData name="Author">Srivastava et al.</SimpleData>
					<SimpleData name="Journal">Internationa Symposium Abstract</SimpleData>
					<SimpleData name="Volume">0</SimpleData>
					<SimpleData name="Year">2011</SimpleData>
					<SimpleData name="Page">263-266</SimpleData>
					<SimpleData name="doi">no link</SimpleData>
					<SimpleData name="unnamed">0</SimpleData>
					<SimpleData name="unnamed_2">0</SimpleData>
					<SimpleData name="unnamed_3">0</SimpleData>
					<SimpleData name="unnamed_4">0</SimpleData>
					<SimpleData name="unnamed_5">0</SimpleData>
					<SimpleData name="unnamed_6">0</SimpleData>
					<SimpleData name="unnamed_7">0</SimpleData>
					<SimpleData name="unnamed_8">0</SimpleData>
				</SchemaData>
			</ExtendedData>
			<Point>
				<coordinates>77.23399999999998,12.49799999999998,0</coordinates>
			</Point>
		</Placemark>
		<Placemark>
			<styleUrl>#pointStyleMap1</styleUrl>
			<Style id="inline">
				<IconStyle>
					<color>ff7f55ff</color>
					<colorMode>normal</colorMode>
					<Icon>
						<href>http://maps.google.com/mapfiles/kml/shapes/square.png</href>
					</Icon>
				</IconStyle>
				<LineStyle>
					<color>ff7f55ff</color>
					<colorMode>normal</colorMode>
				</LineStyle>
				<PolyStyle>
					<color>ff7f55ff</color>
					<colorMode>normal</colorMode>
				</PolyStyle>
			</Style>
			<ExtendedData>
				<SchemaData schemaUrl="#S_dykeages2026_SSIDDDDSSSIISSIIIIIIII">
					<SimpleData name="Dyke">JEF99-11</SimpleData>
					<SimpleData name="Craton">Dharwar</SimpleData>
					<SimpleData name="Trend">150</SimpleData>
					<SimpleData name="Lat__N_">13.488</SimpleData>
					<SimpleData name="Long__E__">78.831</SimpleData>
					<SimpleData name="Age">2209.3</SimpleData>
					<SimpleData name="Error">2.8</SimpleData>
					<SimpleData name="Method">U-Pb</SimpleData>
					<SimpleData name="Author">French &amp; Heaman</SimpleData>
					<SimpleData name="Journal">PreCam</SimpleData>
					<SimpleData name="Volume">183</SimpleData>
					<SimpleData name="Year">2010</SimpleData>
					<SimpleData name="Page">416-441</SimpleData>
					<SimpleData name="doi">https://doi.org/10.1016/j.precamres.2010.05.003</SimpleData>
					<SimpleData name="unnamed">0</SimpleData>
					<SimpleData name="unnamed_2">0</SimpleData>
					<SimpleData name="unnamed_3">0</SimpleData>
					<SimpleData name="unnamed_4">0</SimpleData>
					<SimpleData name="unnamed_5">0</SimpleData>
					<SimpleData name="unnamed_6">0</SimpleData>
					<SimpleData name="unnamed_7">0</SimpleData>
					<SimpleData name="unnamed_8">0</SimpleData>
				</SchemaData>
			</ExtendedData>
			<Point>
				<coordinates>78.83100000000002,13.48799999999999,0</coordinates>
			</Point>
		</Placemark>
		<Placemark>
			<styleUrl>#pointStyleMap1</styleUrl>
			<Style id="inline">
				<IconStyle>
					<color>ff7f55ff</color>
					<colorMode>normal</colorMode>
					<Icon>
						<href>http://maps.google.com/mapfiles/kml/shapes/square.png</href>
					</Icon>
				</IconStyle>
				<LineStyle>
					<color>ff7f55ff</color>
					<colorMode>normal</colorMode>
				</LineStyle>
				<PolyStyle>
					<color>ff7f55ff</color>
					<colorMode>normal</colorMode>
				</PolyStyle>
			</Style>
			<ExtendedData>
				<SchemaData schemaUrl="#S_dykeages2026_SSIDDDDSSSIISSIIIIIIII">
					<SimpleData name="Dyke">WD-17</SimpleData>
					<SimpleData name="Craton">Dharwar</SimpleData>
					<SimpleData name="Trend">120</SimpleData>
					<SimpleData name="Lat__N_">12.738</SimpleData>
					<SimpleData name="Long__E__">76.301</SimpleData>
					<SimpleData name="Age">2208.1</SimpleData>
					<SimpleData name="Error">0.8</SimpleData>
					<SimpleData name="Method">U-Pb</SimpleData>
					<SimpleData name="Author">Yadav et al.</SimpleData>
					<SimpleData name="Journal">JAES</SimpleData>
					<SimpleData name="Volume">191</SimpleData>
					<SimpleData name="Year">2020</SimpleData>
					<SimpleData name="Page">104221</SimpleData>
					<SimpleData name="doi">https://doi.org/10.1016/j.jseaes.2019.104221</SimpleData>
					<SimpleData name="unnamed">0</SimpleData>
					<SimpleData name="unnamed_2">0</SimpleData>
					<SimpleData name="unnamed_3">0</SimpleData>
					<SimpleData name="unnamed_4">0</SimpleData>
					<SimpleData name="unnamed_5">0</SimpleData>
					<SimpleData name="unnamed_6">0</SimpleData>
					<SimpleData name="unnamed_7">0</SimpleData>
					<SimpleData name="unnamed_8">0</SimpleData>
				</SchemaData>
			</ExtendedData>
			<Point>
				<coordinates>76.30099999999999,12.738,0</coordinates>
			</Point>
		</Placemark>
		<Placemark>
			<styleUrl>#pointStyleMap1</styleUrl>
			<Style id="inline">
				<IconStyle>
					<color>ff7f55ff</color>
					<colorMode>normal</colorMode>
					<Icon>
						<href>http://maps.google.com/mapfiles/kml/shapes/square.png</href>
					</Icon>
				</IconStyle>
				<LineStyle>
					<color>ff7f55ff</color>
					<colorMode>normal</colorMode>
				</LineStyle>
				<PolyStyle>
					<color>ff7f55ff</color>
					<colorMode>normal</colorMode>
				</PolyStyle>
			</Style>
			<ExtendedData>
				<SchemaData schemaUrl="#S_dykeages2026_SSIDDDDSSSIISSIIIIIIII">
					<SimpleData name="Dyke">IB115</SimpleData>
					<SimpleData name="Craton">Dharwar</SimpleData>
					<SimpleData name="Trend">97</SimpleData>
					<SimpleData name="Lat__N_">17.047</SimpleData>
					<SimpleData name="Long__E__">78.723</SimpleData>
					<SimpleData name="Age">2207.2</SimpleData>
					<SimpleData name="Error">0.7</SimpleData>
					<SimpleData name="Method">Pb-Pb</SimpleData>
					<SimpleData name="Author">Sarma et al</SimpleData>
					<SimpleData name="Journal">GF</SimpleData>
					<SimpleData name="Volume">11</SimpleData>
					<SimpleData name="Year">2020</SimpleData>
					<SimpleData name="Page">2127-2139</SimpleData>
					<SimpleData name="doi">https://doi.org/10.1016/j.gsf.2020.05.014</SimpleData>
					<SimpleData name="unnamed">0</SimpleData>
					<SimpleData name="unnamed_2">0</SimpleData>
					<SimpleData name="unnamed_3">0</SimpleData>
					<SimpleData name="unnamed_4">0</SimpleData>
					<SimpleData name="unnamed_5">0</SimpleData>
					<SimpleData name="unnamed_6">0</SimpleData>
					<SimpleData name="unnamed_7">0</SimpleData>
					<SimpleData name="unnamed_8">0</SimpleData>
				</SchemaData>
			</ExtendedData>
			<Point>
				<coordinates>78.72300000000003,17.04700000000001,0</coordinates>
			</Point>
		</Placemark>
		<Placemark>
			<styleUrl>#pointStyleMap1</styleUrl>
			<Style id="inline">
				<IconStyle>
					<color>ff7f55ff</color>
					<colorMode>normal</colorMode>
					<Icon>
						<href>http://maps.google.com/mapfiles/kml/shapes/square.png</href>
					</Icon>
				</IconStyle>
				<LineStyle>
					<color>ff7f55ff</color>
					<colorMode>normal</colorMode>
				</LineStyle>
				<PolyStyle>
					<color>ff7f55ff</color>
					<colorMode>normal</colorMode>
				</PolyStyle>
			</Style>
			<ExtendedData>
				<SchemaData schemaUrl="#S_dykeages2026_SSIDDDDSSSIISSIIIIIIII">
					<SimpleData name="Dyke">BNB10-015A</SimpleData>
					<SimpleData name="Craton">Dharwar</SimpleData>
					<SimpleData name="Trend">310</SimpleData>
					<SimpleData name="Lat__N_">14.887</SimpleData>
					<SimpleData name="Long__E__">77.3</SimpleData>
					<SimpleData name="Age">2207</SimpleData>
					<SimpleData name="Error">6</SimpleData>
					<SimpleData name="Method">U-Pb</SimpleData>
					<SimpleData name="Author">Soderlund et al</SimpleData>
					<SimpleData name="Journal">PreCam</SimpleData>
					<SimpleData name="Volume">329</SimpleData>
					<SimpleData name="Year">2019</SimpleData>
					<SimpleData name="Page">26-43</SimpleData>
					<SimpleData name="doi">https://doi.org/10.1016/j.precamres.2018.12.017</SimpleData>
					<SimpleData name="unnamed">0</SimpleData>
					<SimpleData name="unnamed_2">0</SimpleData>
					<SimpleData name="unnamed_3">0</SimpleData>
					<SimpleData name="unnamed_4">0</SimpleData>
					<SimpleData name="unnamed_5">0</SimpleData>
					<SimpleData name="unnamed_6">0</SimpleData>
					<SimpleData name="unnamed_7">0</SimpleData>
					<SimpleData name="unnamed_8">0</SimpleData>
				</SchemaData>
			</ExtendedData>
			<Point>
				<coordinates>77.30000000000001,14.88700000000001,0</coordinates>
			</Point>
		</Placemark>
		<Placemark>
			<styleUrl>#pointStyleMap1</styleUrl>
			<Style id="inline">
				<IconStyle>
					<color>ff7f55ff</color>
					<colorMode>normal</colorMode>
					<Icon>
						<href>http://maps.google.com/mapfiles/kml/shapes/square.png</href>
					</Icon>
				</IconStyle>
				<LineStyle>
					<color>ff7f55ff</color>
					<colorMode>normal</colorMode>
				</LineStyle>
				<PolyStyle>
					<color>ff7f55ff</color>
					<colorMode>normal</colorMode>
				</PolyStyle>
			</Style>
			<ExtendedData>
				<SchemaData schemaUrl="#S_dykeages2026_SSIDDDDSSSIISSIIIIIIII">
					<SimpleData name="Dyke">MS68</SimpleData>
					<SimpleData name="Craton">Dharwar</SimpleData>
					<SimpleData name="Trend">93</SimpleData>
					<SimpleData name="Lat__N_">16.918</SimpleData>
					<SimpleData name="Long__E__">79.433</SimpleData>
					<SimpleData name="Age">2206.6</SimpleData>
					<SimpleData name="Error">0.9</SimpleData>
					<SimpleData name="Method">Pb-Pb</SimpleData>
					<SimpleData name="Author">Nagaraju et al.</SimpleData>
					<SimpleData name="Journal">PreCam</SimpleData>
					<SimpleData name="Volume">317</SimpleData>
					<SimpleData name="Year">2018</SimpleData>
					<SimpleData name="Page">89-100</SimpleData>
					<SimpleData name="doi">https://doi.org/10.1016/j.precamres.2018.08.009</SimpleData>
					<SimpleData name="unnamed">0</SimpleData>
					<SimpleData name="unnamed_2">0</SimpleData>
					<SimpleData name="unnamed_3">0</SimpleData>
					<SimpleData name="unnamed_4">0</SimpleData>
					<SimpleData name="unnamed_5">0</SimpleData>
					<SimpleData name="unnamed_6">0</SimpleData>
					<SimpleData name="unnamed_7">0</SimpleData>
					<SimpleData name="unnamed_8">0</SimpleData>
				</SchemaData>
			</ExtendedData>
			<Point>
				<coordinates>79.43299999999999,16.918,0</coordinates>
			</Point>
		</Placemark>
		<Placemark>
			<styleUrl>#pointStyleMap1</styleUrl>
			<Style id="inline">
				<IconStyle>
					<color>ff7f55ff</color>
					<colorMode>normal</colorMode>
					<Icon>
						<href>http://maps.google.com/mapfiles/kml/shapes/square.png</href>
					</Icon>
				</IconStyle>
				<LineStyle>
					<color>ff7f55ff</color>
					<colorMode>normal</colorMode>
				</LineStyle>
				<PolyStyle>
					<color>ff7f55ff</color>
					<colorMode>normal</colorMode>
				</PolyStyle>
			</Style>
			<ExtendedData>
				<SchemaData schemaUrl="#S_dykeages2026_SSIDDDDSSSIISSIIIIIIII">
					<SimpleData name="Dyke">WD-25</SimpleData>
					<SimpleData name="Craton">Dharwar</SimpleData>
					<SimpleData name="Trend">320</SimpleData>
					<SimpleData name="Lat__N_">13.289</SimpleData>
					<SimpleData name="Long__E__">75.932</SimpleData>
					<SimpleData name="Age">2205.2</SimpleData>
					<SimpleData name="Error">1.8</SimpleData>
					<SimpleData name="Method">U-Pb</SimpleData>
					<SimpleData name="Author">Yadav et al.</SimpleData>
					<SimpleData name="Journal">JAES</SimpleData>
					<SimpleData name="Volume">191</SimpleData>
					<SimpleData name="Year">2020</SimpleData>
					<SimpleData name="Page">104221</SimpleData>
					<SimpleData name="doi">https://doi.org/10.1016/j.jseaes.2019.104221</SimpleData>
					<SimpleData name="unnamed">0</SimpleData>
					<SimpleData name="unnamed_2">0</SimpleData>
					<SimpleData name="unnamed_3">0</SimpleData>
					<SimpleData name="unnamed_4">0</SimpleData>
					<SimpleData name="unnamed_5">0</SimpleData>
					<SimpleData name="unnamed_6">0</SimpleData>
					<SimpleData name="unnamed_7">0</SimpleData>
					<SimpleData name="unnamed_8">0</SimpleData>
				</SchemaData>
			</ExtendedData>
			<Point>
				<coordinates>75.932,13.28899999999997,0</coordinates>
			</Point>
		</Placemark>
		<Placemark>
			<styleUrl>#pointStyleMap1</styleUrl>
			<Style id="inline">
				<IconStyle>
					<color>ff7f55ff</color>
					<colorMode>normal</colorMode>
					<Icon>
						<href>http://maps.google.com/mapfiles/kml/shapes/square.png</href>
					</Icon>
				</IconStyle>
				<LineStyle>
					<color>ff7f55ff</color>
					<colorMode>normal</colorMode>
				</LineStyle>
				<PolyStyle>
					<color>ff7f55ff</color>
					<colorMode>normal</colorMode>
				</PolyStyle>
			</Style>
			<ExtendedData>
				<SchemaData schemaUrl="#S_dykeages2026_SSIDDDDSSSIISSIIIIIIII">
					<SimpleData name="Dyke">EDD09-026</SimpleData>
					<SimpleData name="Craton">Dharwar</SimpleData>
					<SimpleData name="Trend">290</SimpleData>
					<SimpleData name="Lat__N_">17.422</SimpleData>
					<SimpleData name="Long__E__">78.641</SimpleData>
					<SimpleData name="Age">2199</SimpleData>
					<SimpleData name="Error">8</SimpleData>
					<SimpleData name="Method">U-Pb</SimpleData>
					<SimpleData name="Author">Soderlund et al</SimpleData>
					<SimpleData name="Journal">PreCam</SimpleData>
					<SimpleData name="Volume">329</SimpleData>
					<SimpleData name="Year">2019</SimpleData>
					<SimpleData name="Page">26-43</SimpleData>
					<SimpleData name="doi">https://doi.org/10.1016/j.precamres.2018.12.017</SimpleData>
					<SimpleData name="unnamed">0</SimpleData>
					<SimpleData name="unnamed_2">0</SimpleData>
					<SimpleData name="unnamed_3">0</SimpleData>
					<SimpleData name="unnamed_4">0</SimpleData>
					<SimpleData name="unnamed_5">0</SimpleData>
					<SimpleData name="unnamed_6">0</SimpleData>
					<SimpleData name="unnamed_7">0</SimpleData>
					<SimpleData name="unnamed_8">0</SimpleData>
				</SchemaData>
			</ExtendedData>
			<Point>
				<coordinates>78.64100000000001,17.42199999999999,0</coordinates>
			</Point>
		</Placemark>
		<Placemark>
			<styleUrl>#pointStyleMap1</styleUrl>
			<Style id="inline">
				<IconStyle>
					<color>ff7f55ff</color>
					<colorMode>normal</colorMode>
					<Icon>
						<href>http://maps.google.com/mapfiles/kml/shapes/square.png</href>
					</Icon>
				</IconStyle>
				<LineStyle>
					<color>ff7f55ff</color>
					<colorMode>normal</colorMode>
				</LineStyle>
				<PolyStyle>
					<color>ff7f55ff</color>
					<colorMode>normal</colorMode>
				</PolyStyle>
			</Style>
			<ExtendedData>
				<SchemaData schemaUrl="#S_dykeages2026_SSIDDDDSSSIISSIIIIIIII">
					<SimpleData name="Dyke">HD-19(B)</SimpleData>
					<SimpleData name="Craton">Dharwar</SimpleData>
					<SimpleData name="Trend">357</SimpleData>
					<SimpleData name="Lat__N_">12.851</SimpleData>
					<SimpleData name="Long__E__">77.069</SimpleData>
					<SimpleData name="Age">2190</SimpleData>
					<SimpleData name="Error">51</SimpleData>
					<SimpleData name="Method">Sm-Nd</SimpleData>
					<SimpleData name="Author">Kumar et al</SimpleData>
					<SimpleData name="Journal">PreCam</SimpleData>
					<SimpleData name="Volume">220</SimpleData>
					<SimpleData name="Year">2012</SimpleData>
					<SimpleData name="Page">123-138</SimpleData>
					<SimpleData name="doi">http://dx.doi.org/10.1016/j.precamres.2012.08.001</SimpleData>
					<SimpleData name="unnamed">0</SimpleData>
					<SimpleData name="unnamed_2">0</SimpleData>
					<SimpleData name="unnamed_3">0</SimpleData>
					<SimpleData name="unnamed_4">0</SimpleData>
					<SimpleData name="unnamed_5">0</SimpleData>
					<SimpleData name="unnamed_6">0</SimpleData>
					<SimpleData name="unnamed_7">0</SimpleData>
					<SimpleData name="unnamed_8">0</SimpleData>
				</SchemaData>
			</ExtendedData>
			<Point>
				<coordinates>77.06900000000002,12.85100000000002,0</coordinates>
			</Point>
		</Placemark>
		<Placemark>
			<styleUrl>#pointStyleMap1</styleUrl>
			<Style id="inline">
				<IconStyle>
					<color>ff7f55ff</color>
					<colorMode>normal</colorMode>
					<Icon>
						<href>http://maps.google.com/mapfiles/kml/shapes/square.png</href>
					</Icon>
				</IconStyle>
				<LineStyle>
					<color>ff7f55ff</color>
					<colorMode>normal</colorMode>
				</LineStyle>
				<PolyStyle>
					<color>ff7f55ff</color>
					<colorMode>normal</colorMode>
				</PolyStyle>
			</Style>
			<ExtendedData>
				<SchemaData schemaUrl="#S_dykeages2026_SSIDDDDSSSIISSIIIIIIII">
					<SimpleData name="Dyke">JEF00-1</SimpleData>
					<SimpleData name="Craton">Dharwar</SimpleData>
					<SimpleData name="Trend">120</SimpleData>
					<SimpleData name="Lat__N_">15.325</SimpleData>
					<SimpleData name="Long__E__">74.601</SimpleData>
					<SimpleData name="Age">2180.8</SimpleData>
					<SimpleData name="Error">0.9</SimpleData>
					<SimpleData name="Method">U-Pb</SimpleData>
					<SimpleData name="Author">French &amp; Heaman</SimpleData>
					<SimpleData name="Journal">PreCam</SimpleData>
					<SimpleData name="Volume">183</SimpleData>
					<SimpleData name="Year">2010</SimpleData>
					<SimpleData name="Page">416-441</SimpleData>
					<SimpleData name="doi">https://doi.org/10.1016/j.precamres.2010.05.003</SimpleData>
					<SimpleData name="unnamed">0</SimpleData>
					<SimpleData name="unnamed_2">0</SimpleData>
					<SimpleData name="unnamed_3">0</SimpleData>
					<SimpleData name="unnamed_4">0</SimpleData>
					<SimpleData name="unnamed_5">0</SimpleData>
					<SimpleData name="unnamed_6">0</SimpleData>
					<SimpleData name="unnamed_7">0</SimpleData>
					<SimpleData name="unnamed_8">0</SimpleData>
				</SchemaData>
			</ExtendedData>
			<Point>
				<coordinates>74.601,15.325,0</coordinates>
			</Point>
		</Placemark>
		<Placemark>
			<styleUrl>#pointStyleMap1</styleUrl>
			<Style id="inline">
				<IconStyle>
					<color>ff7f55ff</color>
					<colorMode>normal</colorMode>
					<Icon>
						<href>http://maps.google.com/mapfiles/kml/shapes/square.png</href>
					</Icon>
				</IconStyle>
				<LineStyle>
					<color>ff7f55ff</color>
					<colorMode>normal</colorMode>
				</LineStyle>
				<PolyStyle>
					<color>ff7f55ff</color>
					<colorMode>normal</colorMode>
				</PolyStyle>
			</Style>
			<ExtendedData>
				<SchemaData schemaUrl="#S_dykeages2026_SSIDDDDSSSIISSIIIIIIII">
					<SimpleData name="Dyke">JEF00-43</SimpleData>
					<SimpleData name="Craton">Dharwar</SimpleData>
					<SimpleData name="Trend">90</SimpleData>
					<SimpleData name="Lat__N_">17.144</SimpleData>
					<SimpleData name="Long__E__">79.458</SimpleData>
					<SimpleData name="Age">2176.5</SimpleData>
					<SimpleData name="Error">3.7</SimpleData>
					<SimpleData name="Method">U-Pb</SimpleData>
					<SimpleData name="Author">French &amp; Heaman</SimpleData>
					<SimpleData name="Journal">PreCam</SimpleData>
					<SimpleData name="Volume">183</SimpleData>
					<SimpleData name="Year">2010</SimpleData>
					<SimpleData name="Page">416-441</SimpleData>
					<SimpleData name="doi">https://doi.org/10.1016/j.precamres.2010.05.003</SimpleData>
					<SimpleData name="unnamed">0</SimpleData>
					<SimpleData name="unnamed_2">0</SimpleData>
					<SimpleData name="unnamed_3">0</SimpleData>
					<SimpleData name="unnamed_4">0</SimpleData>
					<SimpleData name="unnamed_5">0</SimpleData>
					<SimpleData name="unnamed_6">0</SimpleData>
					<SimpleData name="unnamed_7">0</SimpleData>
					<SimpleData name="unnamed_8">0</SimpleData>
				</SchemaData>
			</ExtendedData>
			<Point>
				<coordinates>79.45799999999996,17.14400000000001,0</coordinates>
			</Point>
		</Placemark>
		<Placemark>
			<styleUrl>#pointStyleMap1</styleUrl>
			<Style id="inline">
				<IconStyle>
					<color>ff7f55ff</color>
					<colorMode>normal</colorMode>
					<Icon>
						<href>http://maps.google.com/mapfiles/kml/shapes/square.png</href>
					</Icon>
				</IconStyle>
				<LineStyle>
					<color>ff7f55ff</color>
					<colorMode>normal</colorMode>
				</LineStyle>
				<PolyStyle>
					<color>ff7f55ff</color>
					<colorMode>normal</colorMode>
				</PolyStyle>
			</Style>
			<ExtendedData>
				<SchemaData schemaUrl="#S_dykeages2026_SSIDDDDSSSIISSIIIIIIII">
					<SimpleData name="Dyke">HD-14(A)</SimpleData>
					<SimpleData name="Craton">Dharwar</SimpleData>
					<SimpleData name="Trend">14</SimpleData>
					<SimpleData name="Lat__N_">12.767</SimpleData>
					<SimpleData name="Long__E__">77.056</SimpleData>
					<SimpleData name="Age">2173</SimpleData>
					<SimpleData name="Error">43</SimpleData>
					<SimpleData name="Method">Sm-Nd</SimpleData>
					<SimpleData name="Author">Kumar et al</SimpleData>
					<SimpleData name="Journal">PreCam</SimpleData>
					<SimpleData name="Volume">220</SimpleData>
					<SimpleData name="Year">2012</SimpleData>
					<SimpleData name="Page">123-138</SimpleData>
					<SimpleData name="doi">http://dx.doi.org/10.1016/j.precamres.2012.08.001</SimpleData>
					<SimpleData name="unnamed">0</SimpleData>
					<SimpleData name="unnamed_2">0</SimpleData>
					<SimpleData name="unnamed_3">0</SimpleData>
					<SimpleData name="unnamed_4">0</SimpleData>
					<SimpleData name="unnamed_5">0</SimpleData>
					<SimpleData name="unnamed_6">0</SimpleData>
					<SimpleData name="unnamed_7">0</SimpleData>
					<SimpleData name="unnamed_8">0</SimpleData>
				</SchemaData>
			</ExtendedData>
			<Point>
				<coordinates>77.05599999999997,12.76699999999999,0</coordinates>
			</Point>
		</Placemark>
		<Placemark>
			<styleUrl>#pointStyleMap1</styleUrl>
			<Style id="inline">
				<IconStyle>
					<color>ff7f55ff</color>
					<colorMode>normal</colorMode>
					<Icon>
						<href>http://maps.google.com/mapfiles/kml/shapes/square.png</href>
					</Icon>
				</IconStyle>
				<LineStyle>
					<color>ff7f55ff</color>
					<colorMode>normal</colorMode>
				</LineStyle>
				<PolyStyle>
					<color>ff7f55ff</color>
					<colorMode>normal</colorMode>
				</PolyStyle>
			</Style>
			<ExtendedData>
				<SchemaData schemaUrl="#S_dykeages2026_SSIDDDDSSSIISSIIIIIIII">
					<SimpleData name="Dyke">JG-13</SimpleData>
					<SimpleData name="Craton">Bundelkhand</SimpleData>
					<SimpleData name="Trend">0</SimpleData>
					<SimpleData name="Lat__N_">26.267</SimpleData>
					<SimpleData name="Long__E__">78.228</SimpleData>
					<SimpleData name="Age">2104</SimpleData>
					<SimpleData name="Error">23</SimpleData>
					<SimpleData name="Method">Sm-Nd</SimpleData>
					<SimpleData name="Author">Samam et al</SimpleData>
					<SimpleData name="Journal">GeolSocSpecPub</SimpleData>
					<SimpleData name="Volume">463</SimpleData>
					<SimpleData name="Year">2017</SimpleData>
					<SimpleData name="Page">243-268</SimpleData>
					<SimpleData name="doi">https://doi.org/10.1144/SP463.10</SimpleData>
					<SimpleData name="unnamed">0</SimpleData>
					<SimpleData name="unnamed_2">0</SimpleData>
					<SimpleData name="unnamed_3">0</SimpleData>
					<SimpleData name="unnamed_4">0</SimpleData>
					<SimpleData name="unnamed_5">0</SimpleData>
					<SimpleData name="unnamed_6">0</SimpleData>
					<SimpleData name="unnamed_7">0</SimpleData>
					<SimpleData name="unnamed_8">0</SimpleData>
				</SchemaData>
			</ExtendedData>
			<Point>
				<coordinates>78.22800000000002,26.26699999999998,0</coordinates>
			</Point>
		</Placemark>
		<Placemark>
			<styleUrl>#pointStyleMap1</styleUrl>
			<Style id="inline">
				<IconStyle>
					<color>ff7f55ff</color>
					<colorMode>normal</colorMode>
					<Icon>
						<href>http://maps.google.com/mapfiles/kml/shapes/square.png</href>
					</Icon>
				</IconStyle>
				<LineStyle>
					<color>ff7f55ff</color>
					<colorMode>normal</colorMode>
				</LineStyle>
				<PolyStyle>
					<color>ff7f55ff</color>
					<colorMode>normal</colorMode>
				</PolyStyle>
			</Style>
			<ExtendedData>
				<SchemaData schemaUrl="#S_dykeages2026_SSIDDDDSSSIISSIIIIIIII">
					<SimpleData name="Dyke">MSG-14</SimpleData>
					<SimpleData name="Craton">Dharwar</SimpleData>
					<SimpleData name="Trend">28</SimpleData>
					<SimpleData name="Lat__N_">16.831</SimpleData>
					<SimpleData name="Long__E__">79.438</SimpleData>
					<SimpleData name="Age">2082.8</SimpleData>
					<SimpleData name="Error">0.9</SimpleData>
					<SimpleData name="Method">Pb-Pb</SimpleData>
					<SimpleData name="Author">Kumar et al</SimpleData>
					<SimpleData name="Journal">PreCam</SimpleData>
					<SimpleData name="Volume">266</SimpleData>
					<SimpleData name="Year">2015</SimpleData>
					<SimpleData name="Page">490-505</SimpleData>
					<SimpleData name="doi">http://dx.doi.org/10.1016/j.precamres.2015.05.039</SimpleData>
					<SimpleData name="unnamed">0</SimpleData>
					<SimpleData name="unnamed_2">0</SimpleData>
					<SimpleData name="unnamed_3">0</SimpleData>
					<SimpleData name="unnamed_4">0</SimpleData>
					<SimpleData name="unnamed_5">0</SimpleData>
					<SimpleData name="unnamed_6">0</SimpleData>
					<SimpleData name="unnamed_7">0</SimpleData>
					<SimpleData name="unnamed_8">0</SimpleData>
				</SchemaData>
			</ExtendedData>
			<Point>
				<coordinates>79.43799999999999,16.83099999999999,0</coordinates>
			</Point>
		</Placemark>
		<Placemark>
			<styleUrl>#pointStyleMap1</styleUrl>
			<Style id="inline">
				<IconStyle>
					<color>ff7f55ff</color>
					<colorMode>normal</colorMode>
					<Icon>
						<href>http://maps.google.com/mapfiles/kml/shapes/square.png</href>
					</Icon>
				</IconStyle>
				<LineStyle>
					<color>ff7f55ff</color>
					<colorMode>normal</colorMode>
				</LineStyle>
				<PolyStyle>
					<color>ff7f55ff</color>
					<colorMode>normal</colorMode>
				</PolyStyle>
			</Style>
			<ExtendedData>
				<SchemaData schemaUrl="#S_dykeages2026_SSIDDDDSSSIISSIIIIIIII">
					<SimpleData name="Dyke">DK-106</SimpleData>
					<SimpleData name="Craton">Dharwar</SimpleData>
					<SimpleData name="Trend">360</SimpleData>
					<SimpleData name="Lat__N_">16.619</SimpleData>
					<SimpleData name="Long__E__">78.973</SimpleData>
					<SimpleData name="Age">2081.8</SimpleData>
					<SimpleData name="Error">0.7</SimpleData>
					<SimpleData name="Method">Pb-Pb</SimpleData>
					<SimpleData name="Author">Kumar et al</SimpleData>
					<SimpleData name="Journal">PreCam</SimpleData>
					<SimpleData name="Volume">266</SimpleData>
					<SimpleData name="Year">2015</SimpleData>
					<SimpleData name="Page">490-505</SimpleData>
					<SimpleData name="doi">http://dx.doi.org/10.1016/j.precamres.2015.05.039</SimpleData>
					<SimpleData name="unnamed">0</SimpleData>
					<SimpleData name="unnamed_2">0</SimpleData>
					<SimpleData name="unnamed_3">0</SimpleData>
					<SimpleData name="unnamed_4">0</SimpleData>
					<SimpleData name="unnamed_5">0</SimpleData>
					<SimpleData name="unnamed_6">0</SimpleData>
					<SimpleData name="unnamed_7">0</SimpleData>
					<SimpleData name="unnamed_8">0</SimpleData>
				</SchemaData>
			</ExtendedData>
			<Point>
				<coordinates>78.97300000000003,16.619,0</coordinates>
			</Point>
		</Placemark>
		<Placemark>
			<styleUrl>#pointStyleMap1</styleUrl>
			<Style id="inline">
				<IconStyle>
					<color>ff7f55ff</color>
					<colorMode>normal</colorMode>
					<Icon>
						<href>http://maps.google.com/mapfiles/kml/shapes/square.png</href>
					</Icon>
				</IconStyle>
				<LineStyle>
					<color>ff7f55ff</color>
					<colorMode>normal</colorMode>
				</LineStyle>
				<PolyStyle>
					<color>ff7f55ff</color>
					<colorMode>normal</colorMode>
				</PolyStyle>
			</Style>
			<ExtendedData>
				<SchemaData schemaUrl="#S_dykeages2026_SSIDDDDSSSIISSIIIIIIII">
					<SimpleData name="Dyke">TP-1</SimpleData>
					<SimpleData name="Craton">Dharwar</SimpleData>
					<SimpleData name="Trend">314</SimpleData>
					<SimpleData name="Lat__N_">15.423</SimpleData>
					<SimpleData name="Long__E__">77.794</SimpleData>
					<SimpleData name="Age">2081.8</SimpleData>
					<SimpleData name="Error">1.1</SimpleData>
					<SimpleData name="Method">Pb-Pb</SimpleData>
					<SimpleData name="Author">Kumar et al</SimpleData>
					<SimpleData name="Journal">PreCam</SimpleData>
					<SimpleData name="Volume">266</SimpleData>
					<SimpleData name="Year">2015</SimpleData>
					<SimpleData name="Page">490-505</SimpleData>
					<SimpleData name="doi">http://dx.doi.org/10.1016/j.precamres.2015.05.039</SimpleData>
					<SimpleData name="unnamed">0</SimpleData>
					<SimpleData name="unnamed_2">0</SimpleData>
					<SimpleData name="unnamed_3">0</SimpleData>
					<SimpleData name="unnamed_4">0</SimpleData>
					<SimpleData name="unnamed_5">0</SimpleData>
					<SimpleData name="unnamed_6">0</SimpleData>
					<SimpleData name="unnamed_7">0</SimpleData>
					<SimpleData name="unnamed_8">0</SimpleData>
				</SchemaData>
			</ExtendedData>
			<Point>
				<coordinates>77.79399999999997,15.423,0</coordinates>
			</Point>
		</Placemark>
		<Placemark>
			<styleUrl>#pointStyleMap1</styleUrl>
			<Style id="inline">
				<IconStyle>
					<color>ff7f55ff</color>
					<colorMode>normal</colorMode>
					<Icon>
						<href>http://maps.google.com/mapfiles/kml/shapes/square.png</href>
					</Icon>
				</IconStyle>
				<LineStyle>
					<color>ff7f55ff</color>
					<colorMode>normal</colorMode>
				</LineStyle>
				<PolyStyle>
					<color>ff7f55ff</color>
					<colorMode>normal</colorMode>
				</PolyStyle>
			</Style>
			<ExtendedData>
				<SchemaData schemaUrl="#S_dykeages2026_SSIDDDDSSSIISSIIIIIIII">
					<SimpleData name="Dyke">DK-153</SimpleData>
					<SimpleData name="Craton">Dharwar</SimpleData>
					<SimpleData name="Trend">7</SimpleData>
					<SimpleData name="Lat__N_">16.615</SimpleData>
					<SimpleData name="Long__E__">79.114</SimpleData>
					<SimpleData name="Age">2081.1</SimpleData>
					<SimpleData name="Error">0.7</SimpleData>
					<SimpleData name="Method">Pb-Pb</SimpleData>
					<SimpleData name="Author">Kumar et al</SimpleData>
					<SimpleData name="Journal">PreCam</SimpleData>
					<SimpleData name="Volume">266</SimpleData>
					<SimpleData name="Year">2015</SimpleData>
					<SimpleData name="Page">490-505</SimpleData>
					<SimpleData name="doi">http://dx.doi.org/10.1016/j.precamres.2015.05.039</SimpleData>
					<SimpleData name="unnamed">0</SimpleData>
					<SimpleData name="unnamed_2">0</SimpleData>
					<SimpleData name="unnamed_3">0</SimpleData>
					<SimpleData name="unnamed_4">0</SimpleData>
					<SimpleData name="unnamed_5">0</SimpleData>
					<SimpleData name="unnamed_6">0</SimpleData>
					<SimpleData name="unnamed_7">0</SimpleData>
					<SimpleData name="unnamed_8">0</SimpleData>
				</SchemaData>
			</ExtendedData>
			<Point>
				<coordinates>79.11400000000003,16.61500000000002,0</coordinates>
			</Point>
		</Placemark>
		<Placemark>
			<styleUrl>#pointStyleMap1</styleUrl>
			<Style id="inline">
				<IconStyle>
					<color>ff7f55ff</color>
					<colorMode>normal</colorMode>
					<Icon>
						<href>http://maps.google.com/mapfiles/kml/shapes/square.png</href>
					</Icon>
				</IconStyle>
				<LineStyle>
					<color>ff7f55ff</color>
					<colorMode>normal</colorMode>
				</LineStyle>
				<PolyStyle>
					<color>ff7f55ff</color>
					<colorMode>normal</colorMode>
				</PolyStyle>
			</Style>
			<ExtendedData>
				<SchemaData schemaUrl="#S_dykeages2026_SSIDDDDSSSIISSIIIIIIII">
					<SimpleData name="Dyke">BNB10-020</SimpleData>
					<SimpleData name="Craton">Dharwar</SimpleData>
					<SimpleData name="Trend">300</SimpleData>
					<SimpleData name="Lat__N_">15.425</SimpleData>
					<SimpleData name="Long__E__">77.747</SimpleData>
					<SimpleData name="Age">2081</SimpleData>
					<SimpleData name="Error">2</SimpleData>
					<SimpleData name="Method">U-Pb</SimpleData>
					<SimpleData name="Author">Soderlund et al</SimpleData>
					<SimpleData name="Journal">PreCam</SimpleData>
					<SimpleData name="Volume">329</SimpleData>
					<SimpleData name="Year">2019</SimpleData>
					<SimpleData name="Page">26-43</SimpleData>
					<SimpleData name="doi">https://doi.org/10.1016/j.precamres.2018.12.017</SimpleData>
					<SimpleData name="unnamed">0</SimpleData>
					<SimpleData name="unnamed_2">0</SimpleData>
					<SimpleData name="unnamed_3">0</SimpleData>
					<SimpleData name="unnamed_4">0</SimpleData>
					<SimpleData name="unnamed_5">0</SimpleData>
					<SimpleData name="unnamed_6">0</SimpleData>
					<SimpleData name="unnamed_7">0</SimpleData>
					<SimpleData name="unnamed_8">0</SimpleData>
				</SchemaData>
			</ExtendedData>
			<Point>
				<coordinates>77.74700000000003,15.42500000000001,0</coordinates>
			</Point>
		</Placemark>
		<Placemark>
			<styleUrl>#pointStyleMap1</styleUrl>
			<Style id="inline">
				<IconStyle>
					<color>ff7f55ff</color>
					<colorMode>normal</colorMode>
					<Icon>
						<href>http://maps.google.com/mapfiles/kml/shapes/square.png</href>
					</Icon>
				</IconStyle>
				<LineStyle>
					<color>ff7f55ff</color>
					<colorMode>normal</colorMode>
				</LineStyle>
				<PolyStyle>
					<color>ff7f55ff</color>
					<colorMode>normal</colorMode>
				</PolyStyle>
			</Style>
			<ExtendedData>
				<SchemaData schemaUrl="#S_dykeages2026_SSIDDDDSSSIISSIIIIIIII">
					<SimpleData name="Dyke">EDD09-023</SimpleData>
					<SimpleData name="Craton">Dharwar</SimpleData>
					<SimpleData name="Trend">15</SimpleData>
					<SimpleData name="Lat__N_">17.291</SimpleData>
					<SimpleData name="Long__E__">79.088</SimpleData>
					<SimpleData name="Age">2081</SimpleData>
					<SimpleData name="Error">3</SimpleData>
					<SimpleData name="Method">U-Pb</SimpleData>
					<SimpleData name="Author">Soderlund et al</SimpleData>
					<SimpleData name="Journal">PreCam</SimpleData>
					<SimpleData name="Volume">329</SimpleData>
					<SimpleData name="Year">2019</SimpleData>
					<SimpleData name="Page">26-43</SimpleData>
					<SimpleData name="doi">https://doi.org/10.1016/j.precamres.2018.12.017</SimpleData>
					<SimpleData name="unnamed">0</SimpleData>
					<SimpleData name="unnamed_2">0</SimpleData>
					<SimpleData name="unnamed_3">0</SimpleData>
					<SimpleData name="unnamed_4">0</SimpleData>
					<SimpleData name="unnamed_5">0</SimpleData>
					<SimpleData name="unnamed_6">0</SimpleData>
					<SimpleData name="unnamed_7">0</SimpleData>
					<SimpleData name="unnamed_8">0</SimpleData>
				</SchemaData>
			</ExtendedData>
			<Point>
				<coordinates>79.08799999999998,17.29100000000001,0</coordinates>
			</Point>
		</Placemark>
		<Placemark>
			<styleUrl>#pointStyleMap1</styleUrl>
			<Style id="inline">
				<IconStyle>
					<color>ff7f55ff</color>
					<colorMode>normal</colorMode>
					<Icon>
						<href>http://maps.google.com/mapfiles/kml/shapes/square.png</href>
					</Icon>
				</IconStyle>
				<LineStyle>
					<color>ff7f55ff</color>
					<colorMode>normal</colorMode>
				</LineStyle>
				<PolyStyle>
					<color>ff7f55ff</color>
					<colorMode>normal</colorMode>
				</PolyStyle>
			</Style>
			<ExtendedData>
				<SchemaData schemaUrl="#S_dykeages2026_SSIDDDDSSSIISSIIIIIIII">
					<SimpleData name="Dyke">BNB10-011</SimpleData>
					<SimpleData name="Craton">Dharwar</SimpleData>
					<SimpleData name="Trend">320</SimpleData>
					<SimpleData name="Lat__N_">15.348</SimpleData>
					<SimpleData name="Long__E__">77.816</SimpleData>
					<SimpleData name="Age">2081</SimpleData>
					<SimpleData name="Error">6</SimpleData>
					<SimpleData name="Method">U-Pb</SimpleData>
					<SimpleData name="Author">Soderlund et al</SimpleData>
					<SimpleData name="Journal">PreCam</SimpleData>
					<SimpleData name="Volume">329</SimpleData>
					<SimpleData name="Year">2019</SimpleData>
					<SimpleData name="Page">26-43</SimpleData>
					<SimpleData name="doi">https://doi.org/10.1016/j.precamres.2018.12.017</SimpleData>
					<SimpleData name="unnamed">0</SimpleData>
					<SimpleData name="unnamed_2">0</SimpleData>
					<SimpleData name="unnamed_3">0</SimpleData>
					<SimpleData name="unnamed_4">0</SimpleData>
					<SimpleData name="unnamed_5">0</SimpleData>
					<SimpleData name="unnamed_6">0</SimpleData>
					<SimpleData name="unnamed_7">0</SimpleData>
					<SimpleData name="unnamed_8">0</SimpleData>
				</SchemaData>
			</ExtendedData>
			<Point>
				<coordinates>77.81600000000003,15.34800000000003,0</coordinates>
			</Point>
		</Placemark>
		<Placemark>
			<styleUrl>#pointStyleMap1</styleUrl>
			<Style id="inline">
				<IconStyle>
					<color>ff7f55ff</color>
					<colorMode>normal</colorMode>
					<Icon>
						<href>http://maps.google.com/mapfiles/kml/shapes/square.png</href>
					</Icon>
				</IconStyle>
				<LineStyle>
					<color>ff7f55ff</color>
					<colorMode>normal</colorMode>
				</LineStyle>
				<PolyStyle>
					<color>ff7f55ff</color>
					<colorMode>normal</colorMode>
				</PolyStyle>
			</Style>
			<ExtendedData>
				<SchemaData schemaUrl="#S_dykeages2026_SSIDDDDSSSIISSIIIIIIII">
					<SimpleData name="Dyke">AJ-02</SimpleData>
					<SimpleData name="Craton">Bundelkhand</SimpleData>
					<SimpleData name="Trend">330</SimpleData>
					<SimpleData name="Lat__N_">24.902</SimpleData>
					<SimpleData name="Long__E__">80.2061</SimpleData>
					<SimpleData name="Age">2005</SimpleData>
					<SimpleData name="Error">0.8</SimpleData>
					<SimpleData name="Method">Pb-Pb</SimpleData>
					<SimpleData name="Author">Shankar et al</SimpleData>
					<SimpleData name="Journal">J. Asian Earth Sci.</SimpleData>
					<SimpleData name="Volume">246</SimpleData>
					<SimpleData name="Year">2023</SimpleData>
					<SimpleData name="Page"></SimpleData>
					<SimpleData name="doi">https://doi.org/10.1016/j.jseaes.2023.105579</SimpleData>
					<SimpleData name="unnamed">0</SimpleData>
					<SimpleData name="unnamed_2">0</SimpleData>
					<SimpleData name="unnamed_3">0</SimpleData>
					<SimpleData name="unnamed_4">0</SimpleData>
					<SimpleData name="unnamed_5">0</SimpleData>
					<SimpleData name="unnamed_6">0</SimpleData>
					<SimpleData name="unnamed_7">0</SimpleData>
					<SimpleData name="unnamed_8">0</SimpleData>
				</SchemaData>
			</ExtendedData>
			<Point>
				<coordinates>80.20609999999999,24.90199999999999,0</coordinates>
			</Point>
		</Placemark>
		<Placemark>
			<styleUrl>#pointStyleMap1</styleUrl>
			<Style id="inline">
				<IconStyle>
					<color>ff7f55ff</color>
					<colorMode>normal</colorMode>
					<Icon>
						<href>http://maps.google.com/mapfiles/kml/shapes/square.png</href>
					</Icon>
				</IconStyle>
				<LineStyle>
					<color>ff7f55ff</color>
					<colorMode>normal</colorMode>
				</LineStyle>
				<PolyStyle>
					<color>ff7f55ff</color>
					<colorMode>normal</colorMode>
				</PolyStyle>
			</Style>
			<ExtendedData>
				<SchemaData schemaUrl="#S_dykeages2026_SSIDDDDSSSIISSIIIIIIII">
					<SimpleData name="Dyke">AJ-03</SimpleData>
					<SimpleData name="Craton">Bundelkhand</SimpleData>
					<SimpleData name="Trend">330</SimpleData>
					<SimpleData name="Lat__N_">24.896</SimpleData>
					<SimpleData name="Long__E__">80.283</SimpleData>
					<SimpleData name="Age">2004.5</SimpleData>
					<SimpleData name="Error">0.7</SimpleData>
					<SimpleData name="Method">Pb-Pb</SimpleData>
					<SimpleData name="Author">Shankar et al</SimpleData>
					<SimpleData name="Journal">J. Asian Earth Sci.</SimpleData>
					<SimpleData name="Volume">246</SimpleData>
					<SimpleData name="Year">2023</SimpleData>
					<SimpleData name="Page"></SimpleData>
					<SimpleData name="doi">https://doi.org/10.1016/j.jseaes.2023.105579</SimpleData>
					<SimpleData name="unnamed">0</SimpleData>
					<SimpleData name="unnamed_2">0</SimpleData>
					<SimpleData name="unnamed_3">0</SimpleData>
					<SimpleData name="unnamed_4">0</SimpleData>
					<SimpleData name="unnamed_5">0</SimpleData>
					<SimpleData name="unnamed_6">0</SimpleData>
					<SimpleData name="unnamed_7">0</SimpleData>
					<SimpleData name="unnamed_8">0</SimpleData>
				</SchemaData>
			</ExtendedData>
			<Point>
				<coordinates>80.28300000000002,24.89600000000003,0</coordinates>
			</Point>
		</Placemark>
		<Placemark>
			<styleUrl>#pointStyleMap1</styleUrl>
			<Style id="inline">
				<IconStyle>
					<color>ff7f55ff</color>
					<colorMode>normal</colorMode>
					<Icon>
						<href>http://maps.google.com/mapfiles/kml/shapes/square.png</href>
					</Icon>
				</IconStyle>
				<LineStyle>
					<color>ff7f55ff</color>
					<colorMode>normal</colorMode>
				</LineStyle>
				<PolyStyle>
					<color>ff7f55ff</color>
					<colorMode>normal</colorMode>
				</PolyStyle>
			</Style>
			<ExtendedData>
				<SchemaData schemaUrl="#S_dykeages2026_SSIDDDDSSSIISSIIIIIIII">
					<SimpleData name="Dyke">AJ-01</SimpleData>
					<SimpleData name="Craton">Bundelkhand</SimpleData>
					<SimpleData name="Trend">330</SimpleData>
					<SimpleData name="Lat__N_">24.897</SimpleData>
					<SimpleData name="Long__E__">80.027</SimpleData>
					<SimpleData name="Age">2001.5</SimpleData>
					<SimpleData name="Error">1.3</SimpleData>
					<SimpleData name="Method">Pb-Pb</SimpleData>
					<SimpleData name="Author">Shankar et al</SimpleData>
					<SimpleData name="Journal">J. Asian Earth Sci.</SimpleData>
					<SimpleData name="Volume">246</SimpleData>
					<SimpleData name="Year">2023</SimpleData>
					<SimpleData name="Page"></SimpleData>
					<SimpleData name="doi">https://doi.org/10.1016/j.jseaes.2023.105579</SimpleData>
					<SimpleData name="unnamed">0</SimpleData>
					<SimpleData name="unnamed_2">0</SimpleData>
					<SimpleData name="unnamed_3">0</SimpleData>
					<SimpleData name="unnamed_4">0</SimpleData>
					<SimpleData name="unnamed_5">0</SimpleData>
					<SimpleData name="unnamed_6">0</SimpleData>
					<SimpleData name="unnamed_7">0</SimpleData>
					<SimpleData name="unnamed_8">0</SimpleData>
				</SchemaData>
			</ExtendedData>
			<Point>
				<coordinates>80.02699999999997,24.89699999999999,0</coordinates>
			</Point>
		</Placemark>
		<Placemark>
			<styleUrl>#pointStyleMap1</styleUrl>
			<Style id="inline">
				<IconStyle>
					<color>ff7f55ff</color>
					<colorMode>normal</colorMode>
					<Icon>
						<href>http://maps.google.com/mapfiles/kml/shapes/square.png</href>
					</Icon>
				</IconStyle>
				<LineStyle>
					<color>ff7f55ff</color>
					<colorMode>normal</colorMode>
				</LineStyle>
				<PolyStyle>
					<color>ff7f55ff</color>
					<colorMode>normal</colorMode>
				</PolyStyle>
			</Style>
			<ExtendedData>
				<SchemaData schemaUrl="#S_dykeages2026_SSIDDDDSSSIISSIIIIIIII">
					<SimpleData name="Dyke">I9GS_9</SimpleData>
					<SimpleData name="Craton">Bundelkhand</SimpleData>
					<SimpleData name="Trend">330</SimpleData>
					<SimpleData name="Lat__N_">25.192</SimpleData>
					<SimpleData name="Long__E__">80.464</SimpleData>
					<SimpleData name="Age">1979.1</SimpleData>
					<SimpleData name="Error">7.9</SimpleData>
					<SimpleData name="Method">U-Pb</SimpleData>
					<SimpleData name="Author">Pradhan et al</SimpleData>
					<SimpleData name="Journal">PreCam</SimpleData>
					<SimpleData name="Volume">198</SimpleData>
					<SimpleData name="Year">2012</SimpleData>
					<SimpleData name="Page">51-76</SimpleData>
					<SimpleData name="doi">http://dx.doi.org/10.1016/j.precamres.2011.11.011</SimpleData>
					<SimpleData name="unnamed">0</SimpleData>
					<SimpleData name="unnamed_2">0</SimpleData>
					<SimpleData name="unnamed_3">0</SimpleData>
					<SimpleData name="unnamed_4">0</SimpleData>
					<SimpleData name="unnamed_5">0</SimpleData>
					<SimpleData name="unnamed_6">0</SimpleData>
					<SimpleData name="unnamed_7">0</SimpleData>
					<SimpleData name="unnamed_8">0</SimpleData>
				</SchemaData>
			</ExtendedData>
			<Point>
				<coordinates>80.464,25.19200000000001,0</coordinates>
			</Point>
		</Placemark>
		<Placemark>
			<styleUrl>#pointStyleMap1</styleUrl>
			<Style id="inline">
				<IconStyle>
					<color>ff7f55ff</color>
					<colorMode>normal</colorMode>
					<Icon>
						<href>http://maps.google.com/mapfiles/kml/shapes/square.png</href>
					</Icon>
				</IconStyle>
				<LineStyle>
					<color>ff7f55ff</color>
					<colorMode>normal</colorMode>
				</LineStyle>
				<PolyStyle>
					<color>ff7f55ff</color>
					<colorMode>normal</colorMode>
				</PolyStyle>
			</Style>
			<ExtendedData>
				<SchemaData schemaUrl="#S_dykeages2026_SSIDDDDSSSIISSIIIIIIII">
					<SimpleData name="Dyke">WD-39</SimpleData>
					<SimpleData name="Craton">Dharwar</SimpleData>
					<SimpleData name="Trend">290</SimpleData>
					<SimpleData name="Lat__N_">15.132</SimpleData>
					<SimpleData name="Long__E__">75.815</SimpleData>
					<SimpleData name="Age">1957.3</SimpleData>
					<SimpleData name="Error">0.7</SimpleData>
					<SimpleData name="Method">U-Pb</SimpleData>
					<SimpleData name="Author">Yadav et al.</SimpleData>
					<SimpleData name="Journal">JAES</SimpleData>
					<SimpleData name="Volume">191</SimpleData>
					<SimpleData name="Year">2020</SimpleData>
					<SimpleData name="Page">104221</SimpleData>
					<SimpleData name="doi">https://doi.org/10.1016/j.jseaes.2019.104221</SimpleData>
					<SimpleData name="unnamed">0</SimpleData>
					<SimpleData name="unnamed_2">0</SimpleData>
					<SimpleData name="unnamed_3">0</SimpleData>
					<SimpleData name="unnamed_4">0</SimpleData>
					<SimpleData name="unnamed_5">0</SimpleData>
					<SimpleData name="unnamed_6">0</SimpleData>
					<SimpleData name="unnamed_7">0</SimpleData>
					<SimpleData name="unnamed_8">0</SimpleData>
				</SchemaData>
			</ExtendedData>
			<Point>
				<coordinates>75.815,15.13200000000001,0</coordinates>
			</Point>
		</Placemark>
		<Placemark>
			<styleUrl>#pointStyleMap1</styleUrl>
			<Style id="inline">
				<IconStyle>
					<color>ff7f55ff</color>
					<colorMode>normal</colorMode>
					<Icon>
						<href>http://maps.google.com/mapfiles/kml/shapes/square.png</href>
					</Icon>
				</IconStyle>
				<LineStyle>
					<color>ff7f55ff</color>
					<colorMode>normal</colorMode>
				</LineStyle>
				<PolyStyle>
					<color>ff7f55ff</color>
					<colorMode>normal</colorMode>
				</PolyStyle>
			</Style>
			<ExtendedData>
				<SchemaData schemaUrl="#S_dykeages2026_SSIDDDDSSSIISSIIIIIIII">
					<SimpleData name="Dyke">PJ22/5</SimpleData>
					<SimpleData name="Craton">Bastar</SimpleData>
					<SimpleData name="Trend">316</SimpleData>
					<SimpleData name="Lat__N_">19.8958</SimpleData>
					<SimpleData name="Long__E__">80.6617</SimpleData>
					<SimpleData name="Age">1944</SimpleData>
					<SimpleData name="Error">6</SimpleData>
					<SimpleData name="Method">U-Pb</SimpleData>
					<SimpleData name="Author">Ashutosh et al.</SimpleData>
					<SimpleData name="Journal">Lithos</SimpleData>
					<SimpleData name="Volume">514</SimpleData>
					<SimpleData name="Year">2025</SimpleData>
					<SimpleData name="Page"></SimpleData>
					<SimpleData name="doi">https://www.sciencedirect.com/science/article/pii/S0024493725002427#s0130</SimpleData>
					<SimpleData name="unnamed">0</SimpleData>
					<SimpleData name="unnamed_2">0</SimpleData>
					<SimpleData name="unnamed_3">0</SimpleData>
					<SimpleData name="unnamed_4">0</SimpleData>
					<SimpleData name="unnamed_5">0</SimpleData>
					<SimpleData name="unnamed_6">0</SimpleData>
					<SimpleData name="unnamed_7">0</SimpleData>
					<SimpleData name="unnamed_8">0</SimpleData>
				</SchemaData>
			</ExtendedData>
			<Point>
				<coordinates>80.66167000000002,19.89582999999997,0</coordinates>
			</Point>
		</Placemark>
		<Placemark>
			<styleUrl>#pointStyleMap1</styleUrl>
			<Style id="inline">
				<IconStyle>
					<color>ff7f55ff</color>
					<colorMode>normal</colorMode>
					<Icon>
						<href>http://maps.google.com/mapfiles/kml/shapes/square.png</href>
					</Icon>
				</IconStyle>
				<LineStyle>
					<color>ff7f55ff</color>
					<colorMode>normal</colorMode>
				</LineStyle>
				<PolyStyle>
					<color>ff7f55ff</color>
					<colorMode>normal</colorMode>
				</PolyStyle>
			</Style>
			<ExtendedData>
				<SchemaData schemaUrl="#S_dykeages2026_SSIDDDDSSSIISSIIIIIIII">
					<SimpleData name="Dyke">JEF-00-30</SimpleData>
					<SimpleData name="Craton">Bastar</SimpleData>
					<SimpleData name="Trend">330</SimpleData>
					<SimpleData name="Lat__N_">18.819</SimpleData>
					<SimpleData name="Long__E__">81.331</SimpleData>
					<SimpleData name="Age">1891.1</SimpleData>
					<SimpleData name="Error">0.9</SimpleData>
					<SimpleData name="Method">U-Pb</SimpleData>
					<SimpleData name="Author">French et al</SimpleData>
					<SimpleData name="Journal">PreCam</SimpleData>
					<SimpleData name="Volume">160</SimpleData>
					<SimpleData name="Year">2008</SimpleData>
					<SimpleData name="Page">308-322</SimpleData>
					<SimpleData name="doi">https://doi.org/10.1016/j.precamres.2007.08.005</SimpleData>
					<SimpleData name="unnamed">0</SimpleData>
					<SimpleData name="unnamed_2">0</SimpleData>
					<SimpleData name="unnamed_3">0</SimpleData>
					<SimpleData name="unnamed_4">0</SimpleData>
					<SimpleData name="unnamed_5">0</SimpleData>
					<SimpleData name="unnamed_6">0</SimpleData>
					<SimpleData name="unnamed_7">0</SimpleData>
					<SimpleData name="unnamed_8">0</SimpleData>
				</SchemaData>
			</ExtendedData>
			<Point>
				<coordinates>81.331,18.81899999999998,0</coordinates>
			</Point>
		</Placemark>
		<Placemark>
			<styleUrl>#pointStyleMap1</styleUrl>
			<Style id="inline">
				<IconStyle>
					<color>ff7f55ff</color>
					<colorMode>normal</colorMode>
					<Icon>
						<href>http://maps.google.com/mapfiles/kml/shapes/square.png</href>
					</Icon>
				</IconStyle>
				<LineStyle>
					<color>ff7f55ff</color>
					<colorMode>normal</colorMode>
				</LineStyle>
				<PolyStyle>
					<color>ff7f55ff</color>
					<colorMode>normal</colorMode>
				</PolyStyle>
			</Style>
			<ExtendedData>
				<SchemaData schemaUrl="#S_dykeages2026_SSIDDDDSSSIISSIIIIIIII">
					<SimpleData name="Dyke">IB99</SimpleData>
					<SimpleData name="Craton">Dharwar</SimpleData>
					<SimpleData name="Trend">100</SimpleData>
					<SimpleData name="Lat__N_">17.201</SimpleData>
					<SimpleData name="Long__E__">78.612</SimpleData>
					<SimpleData name="Age">1887.3</SimpleData>
					<SimpleData name="Error">1</SimpleData>
					<SimpleData name="Method">Pb-Pb</SimpleData>
					<SimpleData name="Author">Sarma et al</SimpleData>
					<SimpleData name="Journal">GF</SimpleData>
					<SimpleData name="Volume">11</SimpleData>
					<SimpleData name="Year">2020</SimpleData>
					<SimpleData name="Page">2127-2139</SimpleData>
					<SimpleData name="doi">https://doi.org/10.1016/j.gsf.2020.05.014</SimpleData>
					<SimpleData name="unnamed">0</SimpleData>
					<SimpleData name="unnamed_2">0</SimpleData>
					<SimpleData name="unnamed_3">0</SimpleData>
					<SimpleData name="unnamed_4">0</SimpleData>
					<SimpleData name="unnamed_5">0</SimpleData>
					<SimpleData name="unnamed_6">0</SimpleData>
					<SimpleData name="unnamed_7">0</SimpleData>
					<SimpleData name="unnamed_8">0</SimpleData>
				</SchemaData>
			</ExtendedData>
			<Point>
				<coordinates>78.61199999999998,17.20099999999998,0</coordinates>
			</Point>
		</Placemark>
		<Placemark>
			<styleUrl>#pointStyleMap1</styleUrl>
			<Style id="inline">
				<IconStyle>
					<color>ff7f55ff</color>
					<colorMode>normal</colorMode>
					<Icon>
						<href>http://maps.google.com/mapfiles/kml/shapes/square.png</href>
					</Icon>
				</IconStyle>
				<LineStyle>
					<color>ff7f55ff</color>
					<colorMode>normal</colorMode>
				</LineStyle>
				<PolyStyle>
					<color>ff7f55ff</color>
					<colorMode>normal</colorMode>
				</PolyStyle>
			</Style>
			<ExtendedData>
				<SchemaData schemaUrl="#S_dykeages2026_SSIDDDDSSSIISSIIIIIIII">
					<SimpleData name="Dyke">BNK-25</SimpleData>
					<SimpleData name="Craton">Bastar</SimpleData>
					<SimpleData name="Trend">160</SimpleData>
					<SimpleData name="Lat__N_">19.609</SimpleData>
					<SimpleData name="Long__E__">81.743</SimpleData>
					<SimpleData name="Age">1886.5</SimpleData>
					<SimpleData name="Error">1.8</SimpleData>
					<SimpleData name="Method">Pb-Pb</SimpleData>
					<SimpleData name="Author">Panda et al.</SimpleData>
					<SimpleData name="Journal">PreCam</SimpleData>
					<SimpleData name="Volume">393</SimpleData>
					<SimpleData name="Year">2023</SimpleData>
					<SimpleData name="Page"></SimpleData>
					<SimpleData name="doi">https://doi.org/10.1016/j.precamres.2023.107090</SimpleData>
					<SimpleData name="unnamed">0</SimpleData>
					<SimpleData name="unnamed_2">0</SimpleData>
					<SimpleData name="unnamed_3">0</SimpleData>
					<SimpleData name="unnamed_4">0</SimpleData>
					<SimpleData name="unnamed_5">0</SimpleData>
					<SimpleData name="unnamed_6">0</SimpleData>
					<SimpleData name="unnamed_7">0</SimpleData>
					<SimpleData name="unnamed_8">0</SimpleData>
				</SchemaData>
			</ExtendedData>
			<Point>
				<coordinates>81.74299999999998,19.60900000000001,0</coordinates>
			</Point>
		</Placemark>
		<Placemark>
			<styleUrl>#pointStyleMap1</styleUrl>
			<Style id="inline">
				<IconStyle>
					<color>ff7f55ff</color>
					<colorMode>normal</colorMode>
					<Icon>
						<href>http://maps.google.com/mapfiles/kml/shapes/square.png</href>
					</Icon>
				</IconStyle>
				<LineStyle>
					<color>ff7f55ff</color>
					<colorMode>normal</colorMode>
				</LineStyle>
				<PolyStyle>
					<color>ff7f55ff</color>
					<colorMode>normal</colorMode>
				</PolyStyle>
			</Style>
			<ExtendedData>
				<SchemaData schemaUrl="#S_dykeages2026_SSIDDDDSSSIISSIIIIIIII">
					<SimpleData name="Dyke">JEF-99-9</SimpleData>
					<SimpleData name="Craton">Dharwar</SimpleData>
					<SimpleData name="Trend">0</SimpleData>
					<SimpleData name="Lat__N_">14.431</SimpleData>
					<SimpleData name="Long__E__">78.214</SimpleData>
					<SimpleData name="Age">1885.4</SimpleData>
					<SimpleData name="Error">3.1</SimpleData>
					<SimpleData name="Method">U-Pb</SimpleData>
					<SimpleData name="Author">French et al</SimpleData>
					<SimpleData name="Journal">PreCam</SimpleData>
					<SimpleData name="Volume">160</SimpleData>
					<SimpleData name="Year">2008</SimpleData>
					<SimpleData name="Page">308-322</SimpleData>
					<SimpleData name="doi">https://doi.org/10.1016/j.precamres.2007.08.005</SimpleData>
					<SimpleData name="unnamed">0</SimpleData>
					<SimpleData name="unnamed_2">0</SimpleData>
					<SimpleData name="unnamed_3">0</SimpleData>
					<SimpleData name="unnamed_4">0</SimpleData>
					<SimpleData name="unnamed_5">0</SimpleData>
					<SimpleData name="unnamed_6">0</SimpleData>
					<SimpleData name="unnamed_7">0</SimpleData>
					<SimpleData name="unnamed_8">0</SimpleData>
				</SchemaData>
			</ExtendedData>
			<Point>
				<coordinates>78.214,14.43100000000002,0</coordinates>
			</Point>
		</Placemark>
		<Placemark>
			<styleUrl>#pointStyleMap1</styleUrl>
			<Style id="inline">
				<IconStyle>
					<color>ff7f55ff</color>
					<colorMode>normal</colorMode>
					<Icon>
						<href>http://maps.google.com/mapfiles/kml/shapes/square.png</href>
					</Icon>
				</IconStyle>
				<LineStyle>
					<color>ff7f55ff</color>
					<colorMode>normal</colorMode>
				</LineStyle>
				<PolyStyle>
					<color>ff7f55ff</color>
					<colorMode>normal</colorMode>
				</PolyStyle>
			</Style>
			<ExtendedData>
				<SchemaData schemaUrl="#S_dykeages2026_SSIDDDDSSSIISSIIIIIIII">
					<SimpleData name="Dyke">JEF-00-36</SimpleData>
					<SimpleData name="Craton">Bastar</SimpleData>
					<SimpleData name="Trend">330</SimpleData>
					<SimpleData name="Lat__N_">18.974</SimpleData>
					<SimpleData name="Long__E__">81.564</SimpleData>
					<SimpleData name="Age">1883</SimpleData>
					<SimpleData name="Error">1.4</SimpleData>
					<SimpleData name="Method">U-Pb</SimpleData>
					<SimpleData name="Author">French et al</SimpleData>
					<SimpleData name="Journal">PreCam</SimpleData>
					<SimpleData name="Volume">160</SimpleData>
					<SimpleData name="Year">2008</SimpleData>
					<SimpleData name="Page">308-322</SimpleData>
					<SimpleData name="doi">https://doi.org/10.1016/j.precamres.2007.08.005</SimpleData>
					<SimpleData name="unnamed">0</SimpleData>
					<SimpleData name="unnamed_2">0</SimpleData>
					<SimpleData name="unnamed_3">0</SimpleData>
					<SimpleData name="unnamed_4">0</SimpleData>
					<SimpleData name="unnamed_5">0</SimpleData>
					<SimpleData name="unnamed_6">0</SimpleData>
					<SimpleData name="unnamed_7">0</SimpleData>
					<SimpleData name="unnamed_8">0</SimpleData>
				</SchemaData>
			</ExtendedData>
			<Point>
				<coordinates>81.56399999999996,18.974,0</coordinates>
			</Point>
		</Placemark>
		<Placemark>
			<styleUrl>#pointStyleMap1</styleUrl>
			<Style id="inline">
				<IconStyle>
					<color>ff7f55ff</color>
					<colorMode>normal</colorMode>
					<Icon>
						<href>http://maps.google.com/mapfiles/kml/shapes/square.png</href>
					</Icon>
				</IconStyle>
				<LineStyle>
					<color>ff7f55ff</color>
					<colorMode>normal</colorMode>
				</LineStyle>
				<PolyStyle>
					<color>ff7f55ff</color>
					<colorMode>normal</colorMode>
				</PolyStyle>
			</Style>
			<ExtendedData>
				<SchemaData schemaUrl="#S_dykeages2026_SSIDDDDSSSIISSIIIIIIII">
					<SimpleData name="Dyke">PV73</SimpleData>
					<SimpleData name="Craton">Dharwar</SimpleData>
					<SimpleData name="Trend">0</SimpleData>
					<SimpleData name="Lat__N_">14.418</SimpleData>
					<SimpleData name="Long__E__">78.229</SimpleData>
					<SimpleData name="Age">1880.6</SimpleData>
					<SimpleData name="Error">1</SimpleData>
					<SimpleData name="Method">Pb-Pb</SimpleData>
					<SimpleData name="Author">Sarma et al</SimpleData>
					<SimpleData name="Journal">GF</SimpleData>
					<SimpleData name="Volume">11</SimpleData>
					<SimpleData name="Year">2020</SimpleData>
					<SimpleData name="Page">2127-2139</SimpleData>
					<SimpleData name="doi">https://doi.org/10.1016/j.gsf.2020.05.014</SimpleData>
					<SimpleData name="unnamed">0</SimpleData>
					<SimpleData name="unnamed_2">0</SimpleData>
					<SimpleData name="unnamed_3">0</SimpleData>
					<SimpleData name="unnamed_4">0</SimpleData>
					<SimpleData name="unnamed_5">0</SimpleData>
					<SimpleData name="unnamed_6">0</SimpleData>
					<SimpleData name="unnamed_7">0</SimpleData>
					<SimpleData name="unnamed_8">0</SimpleData>
				</SchemaData>
			</ExtendedData>
			<Point>
				<coordinates>78.22899999999998,14.41800000000001,0</coordinates>
			</Point>
		</Placemark>
		<Placemark>
			<styleUrl>#pointStyleMap1</styleUrl>
			<Style id="inline">
				<IconStyle>
					<color>ff7f55ff</color>
					<colorMode>normal</colorMode>
					<Icon>
						<href>http://maps.google.com/mapfiles/kml/shapes/square.png</href>
					</Icon>
				</IconStyle>
				<LineStyle>
					<color>ff7f55ff</color>
					<colorMode>normal</colorMode>
				</LineStyle>
				<PolyStyle>
					<color>ff7f55ff</color>
					<colorMode>normal</colorMode>
				</PolyStyle>
			</Style>
			<ExtendedData>
				<SchemaData schemaUrl="#S_dykeages2026_SSIDDDDSSSIISSIIIIIIII">
					<SimpleData name="Dyke">TP-19</SimpleData>
					<SimpleData name="Craton">Dharwar</SimpleData>
					<SimpleData name="Trend">77</SimpleData>
					<SimpleData name="Lat__N_">13.38</SimpleData>
					<SimpleData name="Long__E__">79.418</SimpleData>
					<SimpleData name="Age">1867.1</SimpleData>
					<SimpleData name="Error">1</SimpleData>
					<SimpleData name="Method">Pb-Pb</SimpleData>
					<SimpleData name="Author">Parashuramulu et al.</SimpleData>
					<SimpleData name="Journal">Tectonophys</SimpleData>
					<SimpleData name="Volume">805</SimpleData>
					<SimpleData name="Year">2021</SimpleData>
					<SimpleData name="Page">228789</SimpleData>
					<SimpleData name="doi">https://doi.org/10.1016/j.tecto.2021.228789</SimpleData>
					<SimpleData name="unnamed">0</SimpleData>
					<SimpleData name="unnamed_2">0</SimpleData>
					<SimpleData name="unnamed_3">0</SimpleData>
					<SimpleData name="unnamed_4">0</SimpleData>
					<SimpleData name="unnamed_5">0</SimpleData>
					<SimpleData name="unnamed_6">0</SimpleData>
					<SimpleData name="unnamed_7">0</SimpleData>
					<SimpleData name="unnamed_8">0</SimpleData>
				</SchemaData>
			</ExtendedData>
			<Point>
				<coordinates>79.41800000000002,13.38000000000001,0</coordinates>
			</Point>
		</Placemark>
		<Placemark>
			<styleUrl>#pointStyleMap1</styleUrl>
			<Style id="inline">
				<IconStyle>
					<color>ff7f55ff</color>
					<colorMode>normal</colorMode>
					<Icon>
						<href>http://maps.google.com/mapfiles/kml/shapes/square.png</href>
					</Icon>
				</IconStyle>
				<LineStyle>
					<color>ff7f55ff</color>
					<colorMode>normal</colorMode>
				</LineStyle>
				<PolyStyle>
					<color>ff7f55ff</color>
					<colorMode>normal</colorMode>
				</PolyStyle>
			</Style>
			<ExtendedData>
				<SchemaData schemaUrl="#S_dykeages2026_SSIDDDDSSSIISSIIIIIIII">
					<SimpleData name="Dyke">PV73</SimpleData>
					<SimpleData name="Craton">Dharwar</SimpleData>
					<SimpleData name="Trend">0</SimpleData>
					<SimpleData name="Lat__N_">14.773</SimpleData>
					<SimpleData name="Long__E__">78.173</SimpleData>
					<SimpleData name="Age">1864.3</SimpleData>
					<SimpleData name="Error">0.6</SimpleData>
					<SimpleData name="Method">Pb-Pb</SimpleData>
					<SimpleData name="Author">Sarma et al</SimpleData>
					<SimpleData name="Journal">GF</SimpleData>
					<SimpleData name="Volume">11</SimpleData>
					<SimpleData name="Year">2020</SimpleData>
					<SimpleData name="Page">2127-2139</SimpleData>
					<SimpleData name="doi">https://doi.org/10.1016/j.gsf.2020.05.014</SimpleData>
					<SimpleData name="unnamed">0</SimpleData>
					<SimpleData name="unnamed_2">0</SimpleData>
					<SimpleData name="unnamed_3">0</SimpleData>
					<SimpleData name="unnamed_4">0</SimpleData>
					<SimpleData name="unnamed_5">0</SimpleData>
					<SimpleData name="unnamed_6">0</SimpleData>
					<SimpleData name="unnamed_7">0</SimpleData>
					<SimpleData name="unnamed_8">0</SimpleData>
				</SchemaData>
			</ExtendedData>
			<Point>
				<coordinates>78.17300000000002,14.77299999999998,0</coordinates>
			</Point>
		</Placemark>
		<Placemark>
			<styleUrl>#pointStyleMap1</styleUrl>
			<Style id="inline">
				<IconStyle>
					<color>ff7f55ff</color>
					<colorMode>normal</colorMode>
					<Icon>
						<href>http://maps.google.com/mapfiles/kml/shapes/square.png</href>
					</Icon>
				</IconStyle>
				<LineStyle>
					<color>ff7f55ff</color>
					<colorMode>normal</colorMode>
				</LineStyle>
				<PolyStyle>
					<color>ff7f55ff</color>
					<colorMode>normal</colorMode>
				</PolyStyle>
			</Style>
			<ExtendedData>
				<SchemaData schemaUrl="#S_dykeages2026_SSIDDDDSSSIISSIIIIIIII">
					<SimpleData name="Dyke">PV63</SimpleData>
					<SimpleData name="Craton">Dharwar</SimpleData>
					<SimpleData name="Trend">0</SimpleData>
					<SimpleData name="Lat__N_">14.501</SimpleData>
					<SimpleData name="Long__E__">78.474</SimpleData>
					<SimpleData name="Age">1863.6</SimpleData>
					<SimpleData name="Error">0.9</SimpleData>
					<SimpleData name="Method">Pb-Pb</SimpleData>
					<SimpleData name="Author">Sarma et al</SimpleData>
					<SimpleData name="Journal">GF</SimpleData>
					<SimpleData name="Volume">11</SimpleData>
					<SimpleData name="Year">2020</SimpleData>
					<SimpleData name="Page">2127-2139</SimpleData>
					<SimpleData name="doi">https://doi.org/10.1016/j.gsf.2020.05.014</SimpleData>
					<SimpleData name="unnamed">0</SimpleData>
					<SimpleData name="unnamed_2">0</SimpleData>
					<SimpleData name="unnamed_3">0</SimpleData>
					<SimpleData name="unnamed_4">0</SimpleData>
					<SimpleData name="unnamed_5">0</SimpleData>
					<SimpleData name="unnamed_6">0</SimpleData>
					<SimpleData name="unnamed_7">0</SimpleData>
					<SimpleData name="unnamed_8">0</SimpleData>
				</SchemaData>
			</ExtendedData>
			<Point>
				<coordinates>78.47399999999999,14.50099999999999,0</coordinates>
			</Point>
		</Placemark>
		<Placemark>
			<styleUrl>#pointStyleMap1</styleUrl>
			<Style id="inline">
				<IconStyle>
					<color>ff7f55ff</color>
					<colorMode>normal</colorMode>
					<Icon>
						<href>http://maps.google.com/mapfiles/kml/shapes/square.png</href>
					</Icon>
				</IconStyle>
				<LineStyle>
					<color>ff7f55ff</color>
					<colorMode>normal</colorMode>
				</LineStyle>
				<PolyStyle>
					<color>ff7f55ff</color>
					<colorMode>normal</colorMode>
				</PolyStyle>
			</Style>
			<ExtendedData>
				<SchemaData schemaUrl="#S_dykeages2026_SSIDDDDSSSIISSIIIIIIII">
					<SimpleData name="Dyke">MSG10</SimpleData>
					<SimpleData name="Craton">Dharwar</SimpleData>
					<SimpleData name="Trend">74</SimpleData>
					<SimpleData name="Lat__N_">16.966</SimpleData>
					<SimpleData name="Long__E__">80.047</SimpleData>
					<SimpleData name="Age">1861.8</SimpleData>
					<SimpleData name="Error">1.4</SimpleData>
					<SimpleData name="Method">Pb-Pb</SimpleData>
					<SimpleData name="Author">Sarma et al</SimpleData>
					<SimpleData name="Journal">GF</SimpleData>
					<SimpleData name="Volume">11</SimpleData>
					<SimpleData name="Year">2020</SimpleData>
					<SimpleData name="Page">2127-2139</SimpleData>
					<SimpleData name="doi">https://doi.org/10.1016/j.gsf.2020.05.014</SimpleData>
					<SimpleData name="unnamed">0</SimpleData>
					<SimpleData name="unnamed_2">0</SimpleData>
					<SimpleData name="unnamed_3">0</SimpleData>
					<SimpleData name="unnamed_4">0</SimpleData>
					<SimpleData name="unnamed_5">0</SimpleData>
					<SimpleData name="unnamed_6">0</SimpleData>
					<SimpleData name="unnamed_7">0</SimpleData>
					<SimpleData name="unnamed_8">0</SimpleData>
				</SchemaData>
			</ExtendedData>
			<Point>
				<coordinates>80.04700000000003,16.966,0</coordinates>
			</Point>
		</Placemark>
		<Placemark>
			<styleUrl>#pointStyleMap1</styleUrl>
			<Style id="inline">
				<IconStyle>
					<color>ff7f55ff</color>
					<colorMode>normal</colorMode>
					<Icon>
						<href>http://maps.google.com/mapfiles/kml/shapes/square.png</href>
					</Icon>
				</IconStyle>
				<LineStyle>
					<color>ff7f55ff</color>
					<colorMode>normal</colorMode>
				</LineStyle>
				<PolyStyle>
					<color>ff7f55ff</color>
					<colorMode>normal</colorMode>
				</PolyStyle>
			</Style>
			<ExtendedData>
				<SchemaData schemaUrl="#S_dykeages2026_SSIDDDDSSSIISSIIIIIIII">
					<SimpleData name="Dyke">SD4</SimpleData>
					<SimpleData name="Craton">Bastar</SimpleData>
					<SimpleData name="Trend">335</SimpleData>
					<SimpleData name="Lat__N_">21.443</SimpleData>
					<SimpleData name="Long__E__">82.598</SimpleData>
					<SimpleData name="Age">1851.1</SimpleData>
					<SimpleData name="Error">2.6</SimpleData>
					<SimpleData name="Method">Pb-Pb</SimpleData>
					<SimpleData name="Author">Shellnutt et al.</SimpleData>
					<SimpleData name="Journal">Lithos</SimpleData>
					<SimpleData name="Volume">334</SimpleData>
					<SimpleData name="Year">2019</SimpleData>
					<SimpleData name="Page">88-101</SimpleData>
					<SimpleData name="doi">https://doi.org/10.1016/j.lithos.2019.03.015</SimpleData>
					<SimpleData name="unnamed">0</SimpleData>
					<SimpleData name="unnamed_2">0</SimpleData>
					<SimpleData name="unnamed_3">0</SimpleData>
					<SimpleData name="unnamed_4">0</SimpleData>
					<SimpleData name="unnamed_5">0</SimpleData>
					<SimpleData name="unnamed_6">0</SimpleData>
					<SimpleData name="unnamed_7">0</SimpleData>
					<SimpleData name="unnamed_8">0</SimpleData>
				</SchemaData>
			</ExtendedData>
			<Point>
				<coordinates>82.59800000000003,21.44300000000003,0</coordinates>
			</Point>
		</Placemark>
		<Placemark>
			<styleUrl>#pointStyleMap1</styleUrl>
			<Style id="inline">
				<IconStyle>
					<color>ff7f55ff</color>
					<colorMode>normal</colorMode>
					<Icon>
						<href>http://maps.google.com/mapfiles/kml/shapes/square.png</href>
					</Icon>
				</IconStyle>
				<LineStyle>
					<color>ff7f55ff</color>
					<colorMode>normal</colorMode>
				</LineStyle>
				<PolyStyle>
					<color>ff7f55ff</color>
					<colorMode>normal</colorMode>
				</PolyStyle>
			</Style>
			<ExtendedData>
				<SchemaData schemaUrl="#S_dykeages2026_SSIDDDDSSSIISSIIIIIIII">
					<SimpleData name="Dyke">I10-19</SimpleData>
					<SimpleData name="Craton">Dharwar</SimpleData>
					<SimpleData name="Trend">330</SimpleData>
					<SimpleData name="Lat__N_">13.063</SimpleData>
					<SimpleData name="Long__E__">77.008</SimpleData>
					<SimpleData name="Age">1847</SimpleData>
					<SimpleData name="Error">6</SimpleData>
					<SimpleData name="Method">U-Pb</SimpleData>
					<SimpleData name="Author">Belica et al.</SimpleData>
					<SimpleData name="Journal">PreCam</SimpleData>
					<SimpleData name="Volume">244</SimpleData>
					<SimpleData name="Year">2014</SimpleData>
					<SimpleData name="Page">100-122</SimpleData>
					<SimpleData name="doi">http://dx.doi.org/10.1016/j.precamres.2013.12.005</SimpleData>
					<SimpleData name="unnamed">0</SimpleData>
					<SimpleData name="unnamed_2">0</SimpleData>
					<SimpleData name="unnamed_3">0</SimpleData>
					<SimpleData name="unnamed_4">0</SimpleData>
					<SimpleData name="unnamed_5">0</SimpleData>
					<SimpleData name="unnamed_6">0</SimpleData>
					<SimpleData name="unnamed_7">0</SimpleData>
					<SimpleData name="unnamed_8">0</SimpleData>
				</SchemaData>
			</ExtendedData>
			<Point>
				<coordinates>77.00799999999998,13.06300000000001,0</coordinates>
			</Point>
		</Placemark>
		<Placemark>
			<styleUrl>#pointStyleMap1</styleUrl>
			<Style id="inline">
				<IconStyle>
					<color>ff7f55ff</color>
					<colorMode>normal</colorMode>
					<Icon>
						<href>http://maps.google.com/mapfiles/kml/shapes/square.png</href>
					</Icon>
				</IconStyle>
				<LineStyle>
					<color>ff7f55ff</color>
					<colorMode>normal</colorMode>
				</LineStyle>
				<PolyStyle>
					<color>ff7f55ff</color>
					<colorMode>normal</colorMode>
				</PolyStyle>
			</Style>
			<ExtendedData>
				<SchemaData schemaUrl="#S_dykeages2026_SSIDDDDSSSIISSIIIIIIII">
					<SimpleData name="Dyke">I10-19</SimpleData>
					<SimpleData name="Craton">Dharwar</SimpleData>
					<SimpleData name="Trend">330</SimpleData>
					<SimpleData name="Lat__N_">13.063</SimpleData>
					<SimpleData name="Long__E__">77.008</SimpleData>
					<SimpleData name="Age">1839</SimpleData>
					<SimpleData name="Error">3</SimpleData>
					<SimpleData name="Method">U-Pb</SimpleData>
					<SimpleData name="Author">Belica et al.</SimpleData>
					<SimpleData name="Journal">PreCam</SimpleData>
					<SimpleData name="Volume">244</SimpleData>
					<SimpleData name="Year">2014</SimpleData>
					<SimpleData name="Page">100-122</SimpleData>
					<SimpleData name="doi">http://dx.doi.org/10.1016/j.precamres.2013.12.005</SimpleData>
					<SimpleData name="unnamed">0</SimpleData>
					<SimpleData name="unnamed_2">0</SimpleData>
					<SimpleData name="unnamed_3">0</SimpleData>
					<SimpleData name="unnamed_4">0</SimpleData>
					<SimpleData name="unnamed_5">0</SimpleData>
					<SimpleData name="unnamed_6">0</SimpleData>
					<SimpleData name="unnamed_7">0</SimpleData>
					<SimpleData name="unnamed_8">0</SimpleData>
				</SchemaData>
			</ExtendedData>
			<Point>
				<coordinates>77.00799999999998,13.06300000000001,0</coordinates>
			</Point>
		</Placemark>
		<Placemark>
			<styleUrl>#pointStyleMap1</styleUrl>
			<Style id="inline">
				<IconStyle>
					<color>ff7f55ff</color>
					<colorMode>normal</colorMode>
					<Icon>
						<href>http://maps.google.com/mapfiles/kml/shapes/square.png</href>
					</Icon>
				</IconStyle>
				<LineStyle>
					<color>ff7f55ff</color>
					<colorMode>normal</colorMode>
				</LineStyle>
				<PolyStyle>
					<color>ff7f55ff</color>
					<colorMode>normal</colorMode>
				</PolyStyle>
			</Style>
			<ExtendedData>
				<SchemaData schemaUrl="#S_dykeages2026_SSIDDDDSSSIISSIIIIIIII">
					<SimpleData name="Dyke">MB-17</SimpleData>
					<SimpleData name="Craton">Dharwar</SimpleData>
					<SimpleData name="Trend">121</SimpleData>
					<SimpleData name="Lat__N_">16.258</SimpleData>
					<SimpleData name="Long__E__">77.94</SimpleData>
					<SimpleData name="Age">1799.1</SimpleData>
					<SimpleData name="Error">0.8</SimpleData>
					<SimpleData name="Method">Pb-Pb</SimpleData>
					<SimpleData name="Author">Parashuramulu et al.</SimpleData>
					<SimpleData name="Journal">PreCam</SimpleData>
					<SimpleData name="Volume">395</SimpleData>
					<SimpleData name="Year">2023</SimpleData>
					<SimpleData name="Page"></SimpleData>
					<SimpleData name="doi">https://doi.org/10.1016/j.precamres.2023.107146</SimpleData>
					<SimpleData name="unnamed">0</SimpleData>
					<SimpleData name="unnamed_2">0</SimpleData>
					<SimpleData name="unnamed_3">0</SimpleData>
					<SimpleData name="unnamed_4">0</SimpleData>
					<SimpleData name="unnamed_5">0</SimpleData>
					<SimpleData name="unnamed_6">0</SimpleData>
					<SimpleData name="unnamed_7">0</SimpleData>
					<SimpleData name="unnamed_8">0</SimpleData>
				</SchemaData>
			</ExtendedData>
			<Point>
				<coordinates>77.94000000000001,16.258,0</coordinates>
			</Point>
		</Placemark>
		<Placemark>
			<styleUrl>#pointStyleMap1</styleUrl>
			<Style id="inline">
				<IconStyle>
					<color>ff7f55ff</color>
					<colorMode>normal</colorMode>
					<Icon>
						<href>http://maps.google.com/mapfiles/kml/shapes/square.png</href>
					</Icon>
				</IconStyle>
				<LineStyle>
					<color>ff7f55ff</color>
					<colorMode>normal</colorMode>
				</LineStyle>
				<PolyStyle>
					<color>ff7f55ff</color>
					<colorMode>normal</colorMode>
				</PolyStyle>
			</Style>
			<ExtendedData>
				<SchemaData schemaUrl="#S_dykeages2026_SSIDDDDSSSIISSIIIIIIII">
					<SimpleData name="Dyke">BNB10-030</SimpleData>
					<SimpleData name="Craton">Dharwar</SimpleData>
					<SimpleData name="Trend">300</SimpleData>
					<SimpleData name="Lat__N_">16.216</SimpleData>
					<SimpleData name="Long__E__">77.996</SimpleData>
					<SimpleData name="Age">1788</SimpleData>
					<SimpleData name="Error">12</SimpleData>
					<SimpleData name="Method">U-Pb</SimpleData>
					<SimpleData name="Author">Soderlund et al</SimpleData>
					<SimpleData name="Journal">PreCam</SimpleData>
					<SimpleData name="Volume">329</SimpleData>
					<SimpleData name="Year">2019</SimpleData>
					<SimpleData name="Page">26-43</SimpleData>
					<SimpleData name="doi">https://doi.org/10.1016/j.precamres.2018.12.017</SimpleData>
					<SimpleData name="unnamed">0</SimpleData>
					<SimpleData name="unnamed_2">0</SimpleData>
					<SimpleData name="unnamed_3">0</SimpleData>
					<SimpleData name="unnamed_4">0</SimpleData>
					<SimpleData name="unnamed_5">0</SimpleData>
					<SimpleData name="unnamed_6">0</SimpleData>
					<SimpleData name="unnamed_7">0</SimpleData>
					<SimpleData name="unnamed_8">0</SimpleData>
				</SchemaData>
			</ExtendedData>
			<Point>
				<coordinates>77.99599999999998,16.216,0</coordinates>
			</Point>
		</Placemark>
		<Placemark>
			<styleUrl>#pointStyleMap1</styleUrl>
			<Style id="inline">
				<IconStyle>
					<color>ff7f55ff</color>
					<colorMode>normal</colorMode>
					<Icon>
						<href>http://maps.google.com/mapfiles/kml/shapes/square.png</href>
					</Icon>
				</IconStyle>
				<LineStyle>
					<color>ff7f55ff</color>
					<colorMode>normal</colorMode>
				</LineStyle>
				<PolyStyle>
					<color>ff7f55ff</color>
					<colorMode>normal</colorMode>
				</PolyStyle>
			</Style>
			<ExtendedData>
				<SchemaData schemaUrl="#S_dykeages2026_SSIDDDDSSSIISSIIIIIIII">
					<SimpleData name="Dyke">SKJ-10</SimpleData>
					<SimpleData name="Craton">Singhbhum</SimpleData>
					<SimpleData name="Trend">294</SimpleData>
					<SimpleData name="Lat__N_">21.549</SimpleData>
					<SimpleData name="Long__E__">85.822</SimpleData>
					<SimpleData name="Age">1766</SimpleData>
					<SimpleData name="Error">1</SimpleData>
					<SimpleData name="Method">U-Pb</SimpleData>
					<SimpleData name="Author">Shankar et al</SimpleData>
					<SimpleData name="Journal">JAES</SimpleData>
					<SimpleData name="Volume">157</SimpleData>
					<SimpleData name="Year">2018</SimpleData>
					<SimpleData name="Page">235-244</SimpleData>
					<SimpleData name="doi">http://dx.doi.org/10.1016/j.jseaes.2017.08.026</SimpleData>
					<SimpleData name="unnamed">0</SimpleData>
					<SimpleData name="unnamed_2">0</SimpleData>
					<SimpleData name="unnamed_3">0</SimpleData>
					<SimpleData name="unnamed_4">0</SimpleData>
					<SimpleData name="unnamed_5">0</SimpleData>
					<SimpleData name="unnamed_6">0</SimpleData>
					<SimpleData name="unnamed_7">0</SimpleData>
					<SimpleData name="unnamed_8">0</SimpleData>
				</SchemaData>
			</ExtendedData>
			<Point>
				<coordinates>85.822,21.54900000000001,0</coordinates>
			</Point>
		</Placemark>
		<Placemark>
			<styleUrl>#pointStyleMap1</styleUrl>
			<Style id="inline">
				<IconStyle>
					<color>ff7f55ff</color>
					<colorMode>normal</colorMode>
					<Icon>
						<href>http://maps.google.com/mapfiles/kml/shapes/square.png</href>
					</Icon>
				</IconStyle>
				<LineStyle>
					<color>ff7f55ff</color>
					<colorMode>normal</colorMode>
				</LineStyle>
				<PolyStyle>
					<color>ff7f55ff</color>
					<colorMode>normal</colorMode>
				</PolyStyle>
			</Style>
			<ExtendedData>
				<SchemaData schemaUrl="#S_dykeages2026_SSIDDDDSSSIISSIIIIIIII">
					<SimpleData name="Dyke">SKJ-15</SimpleData>
					<SimpleData name="Craton">Singhbhum</SimpleData>
					<SimpleData name="Trend">294</SimpleData>
					<SimpleData name="Lat__N_">21.59</SimpleData>
					<SimpleData name="Long__E__">86.81</SimpleData>
					<SimpleData name="Age">1764.6</SimpleData>
					<SimpleData name="Error">0.5</SimpleData>
					<SimpleData name="Method">U-Pb</SimpleData>
					<SimpleData name="Author">Shankar et al</SimpleData>
					<SimpleData name="Journal">JAES</SimpleData>
					<SimpleData name="Volume">157</SimpleData>
					<SimpleData name="Year">2018</SimpleData>
					<SimpleData name="Page">235-244</SimpleData>
					<SimpleData name="doi">http://dx.doi.org/10.1016/j.jseaes.2017.08.026</SimpleData>
					<SimpleData name="unnamed">0</SimpleData>
					<SimpleData name="unnamed_2">0</SimpleData>
					<SimpleData name="unnamed_3">0</SimpleData>
					<SimpleData name="unnamed_4">0</SimpleData>
					<SimpleData name="unnamed_5">0</SimpleData>
					<SimpleData name="unnamed_6">0</SimpleData>
					<SimpleData name="unnamed_7">0</SimpleData>
					<SimpleData name="unnamed_8">0</SimpleData>
				</SchemaData>
			</ExtendedData>
			<Point>
				<coordinates>86.81,21.58999999999999,0</coordinates>
			</Point>
		</Placemark>
		<Placemark>
			<styleUrl>#pointStyleMap1</styleUrl>
			<Style id="inline">
				<IconStyle>
					<color>ff7f55ff</color>
					<colorMode>normal</colorMode>
					<Icon>
						<href>http://maps.google.com/mapfiles/kml/shapes/square.png</href>
					</Icon>
				</IconStyle>
				<LineStyle>
					<color>ff7f55ff</color>
					<colorMode>normal</colorMode>
				</LineStyle>
				<PolyStyle>
					<color>ff7f55ff</color>
					<colorMode>normal</colorMode>
				</PolyStyle>
			</Style>
			<ExtendedData>
				<SchemaData schemaUrl="#S_dykeages2026_SSIDDDDSSSIISSIIIIIIII">
					<SimpleData name="Dyke">GW19/06</SimpleData>
					<SimpleData name="Craton">Bundelkhand</SimpleData>
					<SimpleData name="Trend">0</SimpleData>
					<SimpleData name="Lat__N_">26.267</SimpleData>
					<SimpleData name="Long__E__">78.225</SimpleData>
					<SimpleData name="Age">1733</SimpleData>
					<SimpleData name="Error">23</SimpleData>
					<SimpleData name="Method">Pb-Pb</SimpleData>
					<SimpleData name="Author">Srivastava et al.</SimpleData>
					<SimpleData name="Journal">PreCam</SimpleData>
					<SimpleData name="Volume">377</SimpleData>
					<SimpleData name="Year">2022</SimpleData>
					<SimpleData name="Page"></SimpleData>
					<SimpleData name="doi">https://doi.org/10.1016/j.precamres.2022.106696</SimpleData>
					<SimpleData name="unnamed">0</SimpleData>
					<SimpleData name="unnamed_2">0</SimpleData>
					<SimpleData name="unnamed_3">0</SimpleData>
					<SimpleData name="unnamed_4">0</SimpleData>
					<SimpleData name="unnamed_5">0</SimpleData>
					<SimpleData name="unnamed_6">0</SimpleData>
					<SimpleData name="unnamed_7">0</SimpleData>
					<SimpleData name="unnamed_8">0</SimpleData>
				</SchemaData>
			</ExtendedData>
			<Point>
				<coordinates>78.22500000000004,26.26699999999998,0</coordinates>
			</Point>
		</Placemark>
		<Placemark>
			<styleUrl>#pointStyleMap1</styleUrl>
			<Style id="inline">
				<IconStyle>
					<color>ff7f55ff</color>
					<colorMode>normal</colorMode>
					<Icon>
						<href>http://maps.google.com/mapfiles/kml/shapes/square.png</href>
					</Icon>
				</IconStyle>
				<LineStyle>
					<color>ff7f55ff</color>
					<colorMode>normal</colorMode>
				</LineStyle>
				<PolyStyle>
					<color>ff7f55ff</color>
					<colorMode>normal</colorMode>
				</PolyStyle>
			</Style>
			<ExtendedData>
				<SchemaData schemaUrl="#S_dykeages2026_SSIDDDDSSSIISSIIIIIIII">
					<SimpleData name="Dyke">I1939</SimpleData>
					<SimpleData name="Craton">Bundelkhand</SimpleData>
					<SimpleData name="Trend">0</SimpleData>
					<SimpleData name="Lat__N_">26.268</SimpleData>
					<SimpleData name="Long__E__">78.228</SimpleData>
					<SimpleData name="Age">1719</SimpleData>
					<SimpleData name="Error">7</SimpleData>
					<SimpleData name="Method">Pb-Pb</SimpleData>
					<SimpleData name="Author">Meert et al.</SimpleData>
					<SimpleData name="Journal">Gondwana Res</SimpleData>
					<SimpleData name="Volume">125</SimpleData>
					<SimpleData name="Year">2024</SimpleData>
					<SimpleData name="Page">29-48</SimpleData>
					<SimpleData name="doi">https://doi.org/10.1016/j.gr.2023.08.004</SimpleData>
					<SimpleData name="unnamed">0</SimpleData>
					<SimpleData name="unnamed_2">0</SimpleData>
					<SimpleData name="unnamed_3">0</SimpleData>
					<SimpleData name="unnamed_4">0</SimpleData>
					<SimpleData name="unnamed_5">0</SimpleData>
					<SimpleData name="unnamed_6">0</SimpleData>
					<SimpleData name="unnamed_7">0</SimpleData>
					<SimpleData name="unnamed_8">0</SimpleData>
				</SchemaData>
			</ExtendedData>
			<Point>
				<coordinates>78.22800000000002,26.26799999999999,0</coordinates>
			</Point>
		</Placemark>
		<Placemark>
			<styleUrl>#pointStyleMap1</styleUrl>
			<Style id="inline">
				<IconStyle>
					<color>ff7f55ff</color>
					<colorMode>normal</colorMode>
					<Icon>
						<href>http://maps.google.com/mapfiles/kml/shapes/square.png</href>
					</Icon>
				</IconStyle>
				<LineStyle>
					<color>ff7f55ff</color>
					<colorMode>normal</colorMode>
				</LineStyle>
				<PolyStyle>
					<color>ff7f55ff</color>
					<colorMode>normal</colorMode>
				</PolyStyle>
			</Style>
			<ExtendedData>
				<SchemaData schemaUrl="#S_dykeages2026_SSIDDDDSSSIISSIIIIIIII">
					<SimpleData name="Dyke">D5</SimpleData>
					<SimpleData name="Craton">Bastar</SimpleData>
					<SimpleData name="Trend">360</SimpleData>
					<SimpleData name="Lat__N_">20.752</SimpleData>
					<SimpleData name="Long__E__">82.664</SimpleData>
					<SimpleData name="Age">1466.4</SimpleData>
					<SimpleData name="Error">2.6</SimpleData>
					<SimpleData name="Method">U-Pb</SimpleData>
					<SimpleData name="Author">Pisarevsky et al.</SimpleData>
					<SimpleData name="Journal">Lithos</SimpleData>
					<SimpleData name="Volume">174</SimpleData>
					<SimpleData name="Year">2012</SimpleData>
					<SimpleData name="Page">125-143</SimpleData>
					<SimpleData name="doi">https://doi.org/10.1016/j.lithos.2012.07.015</SimpleData>
					<SimpleData name="unnamed">0</SimpleData>
					<SimpleData name="unnamed_2">0</SimpleData>
					<SimpleData name="unnamed_3">0</SimpleData>
					<SimpleData name="unnamed_4">0</SimpleData>
					<SimpleData name="unnamed_5">0</SimpleData>
					<SimpleData name="unnamed_6">0</SimpleData>
					<SimpleData name="unnamed_7">0</SimpleData>
					<SimpleData name="unnamed_8">0</SimpleData>
				</SchemaData>
			</ExtendedData>
			<Point>
				<coordinates>82.66399999999999,20.75200000000002,0</coordinates>
			</Point>
		</Placemark>
		<Placemark>
			<styleUrl>#pointStyleMap1</styleUrl>
			<Style id="inline">
				<IconStyle>
					<color>ff7f55ff</color>
					<colorMode>normal</colorMode>
					<Icon>
						<href>http://maps.google.com/mapfiles/kml/shapes/square.png</href>
					</Icon>
				</IconStyle>
				<LineStyle>
					<color>ff7f55ff</color>
					<colorMode>normal</colorMode>
				</LineStyle>
				<PolyStyle>
					<color>ff7f55ff</color>
					<colorMode>normal</colorMode>
				</PolyStyle>
			</Style>
			<ExtendedData>
				<SchemaData schemaUrl="#S_dykeages2026_SSIDDDDSSSIISSIIIIIIII">
					<SimpleData name="Dyke">TKB-7</SimpleData>
					<SimpleData name="Craton">Bastar</SimpleData>
					<SimpleData name="Trend">10</SimpleData>
					<SimpleData name="Lat__N_">20.717</SimpleData>
					<SimpleData name="Long__E__">82.651</SimpleData>
					<SimpleData name="Age">1453</SimpleData>
					<SimpleData name="Error">19</SimpleData>
					<SimpleData name="Method">U-Pb</SimpleData>
					<SimpleData name="Author">Ratre et al</SimpleData>
					<SimpleData name="Journal">JAES</SimpleData>
					<SimpleData name="Volume">39</SimpleData>
					<SimpleData name="Year">2010</SimpleData>
					<SimpleData name="Page">565-577</SimpleData>
					<SimpleData name="doi">http://dx.doi.org/10.1016/j.jseaes.2010.04.022</SimpleData>
					<SimpleData name="unnamed">0</SimpleData>
					<SimpleData name="unnamed_2">0</SimpleData>
					<SimpleData name="unnamed_3">0</SimpleData>
					<SimpleData name="unnamed_4">0</SimpleData>
					<SimpleData name="unnamed_5">0</SimpleData>
					<SimpleData name="unnamed_6">0</SimpleData>
					<SimpleData name="unnamed_7">0</SimpleData>
					<SimpleData name="unnamed_8">0</SimpleData>
				</SchemaData>
			</ExtendedData>
			<Point>
				<coordinates>82.65100000000001,20.71699999999999,0</coordinates>
			</Point>
		</Placemark>
		<Placemark>
			<styleUrl>#pointStyleMap1</styleUrl>
			<Style id="inline">
				<IconStyle>
					<color>ff7f55ff</color>
					<colorMode>normal</colorMode>
					<Icon>
						<href>http://maps.google.com/mapfiles/kml/shapes/square.png</href>
					</Icon>
				</IconStyle>
				<LineStyle>
					<color>ff7f55ff</color>
					<colorMode>normal</colorMode>
				</LineStyle>
				<PolyStyle>
					<color>ff7f55ff</color>
					<colorMode>normal</colorMode>
				</PolyStyle>
			</Style>
			<ExtendedData>
				<SchemaData schemaUrl="#S_dykeages2026_SSIDDDDSSSIISSIIIIIIII">
					<SimpleData name="Dyke">TKB-6</SimpleData>
					<SimpleData name="Craton">Bastar</SimpleData>
					<SimpleData name="Trend">360</SimpleData>
					<SimpleData name="Lat__N_">20.803</SimpleData>
					<SimpleData name="Long__E__">82.675</SimpleData>
					<SimpleData name="Age">1450</SimpleData>
					<SimpleData name="Error">22</SimpleData>
					<SimpleData name="Method">U-Pb</SimpleData>
					<SimpleData name="Author">Ratre et al</SimpleData>
					<SimpleData name="Journal">JAES</SimpleData>
					<SimpleData name="Volume">39</SimpleData>
					<SimpleData name="Year">2010</SimpleData>
					<SimpleData name="Page">565-577</SimpleData>
					<SimpleData name="doi">http://dx.doi.org/10.1016/j.jseaes.2010.04.022</SimpleData>
					<SimpleData name="unnamed">0</SimpleData>
					<SimpleData name="unnamed_2">0</SimpleData>
					<SimpleData name="unnamed_3">0</SimpleData>
					<SimpleData name="unnamed_4">0</SimpleData>
					<SimpleData name="unnamed_5">0</SimpleData>
					<SimpleData name="unnamed_6">0</SimpleData>
					<SimpleData name="unnamed_7">0</SimpleData>
					<SimpleData name="unnamed_8">0</SimpleData>
				</SchemaData>
			</ExtendedData>
			<Point>
				<coordinates>82.67500000000001,20.80299999999999,0</coordinates>
			</Point>
		</Placemark>
		<Placemark>
			<styleUrl>#pointStyleMap1</styleUrl>
			<Style id="inline">
				<IconStyle>
					<color>ff7f55ff</color>
					<colorMode>normal</colorMode>
					<Icon>
						<href>http://maps.google.com/mapfiles/kml/shapes/square.png</href>
					</Icon>
				</IconStyle>
				<LineStyle>
					<color>ff7f55ff</color>
					<colorMode>normal</colorMode>
				</LineStyle>
				<PolyStyle>
					<color>ff7f55ff</color>
					<colorMode>normal</colorMode>
				</PolyStyle>
			</Style>
			<ExtendedData>
				<SchemaData schemaUrl="#S_dykeages2026_SSIDDDDSSSIISSIIIIIIII">
					<SimpleData name="Dyke">TKB-9</SimpleData>
					<SimpleData name="Craton">Bastar</SimpleData>
					<SimpleData name="Trend">10</SimpleData>
					<SimpleData name="Lat__N_">20.783</SimpleData>
					<SimpleData name="Long__E__">82.702</SimpleData>
					<SimpleData name="Age">1442</SimpleData>
					<SimpleData name="Error">30</SimpleData>
					<SimpleData name="Method">U-Pb</SimpleData>
					<SimpleData name="Author">Ratre et al</SimpleData>
					<SimpleData name="Journal">JAES</SimpleData>
					<SimpleData name="Volume">39</SimpleData>
					<SimpleData name="Year">2010</SimpleData>
					<SimpleData name="Page">565-577</SimpleData>
					<SimpleData name="doi">http://dx.doi.org/10.1016/j.jseaes.2010.04.022</SimpleData>
					<SimpleData name="unnamed">0</SimpleData>
					<SimpleData name="unnamed_2">0</SimpleData>
					<SimpleData name="unnamed_3">0</SimpleData>
					<SimpleData name="unnamed_4">0</SimpleData>
					<SimpleData name="unnamed_5">0</SimpleData>
					<SimpleData name="unnamed_6">0</SimpleData>
					<SimpleData name="unnamed_7">0</SimpleData>
					<SimpleData name="unnamed_8">0</SimpleData>
				</SchemaData>
			</ExtendedData>
			<Point>
				<coordinates>82.702,20.78300000000002,0</coordinates>
			</Point>
		</Placemark>
		<Placemark>
			<styleUrl>#pointStyleMap1</styleUrl>
			<Style id="inline">
				<IconStyle>
					<color>ff7f55ff</color>
					<colorMode>normal</colorMode>
					<Icon>
						<href>http://maps.google.com/mapfiles/kml/shapes/square.png</href>
					</Icon>
				</IconStyle>
				<LineStyle>
					<color>ff7f55ff</color>
					<colorMode>normal</colorMode>
				</LineStyle>
				<PolyStyle>
					<color>ff7f55ff</color>
					<colorMode>normal</colorMode>
				</PolyStyle>
			</Style>
			<ExtendedData>
				<SchemaData schemaUrl="#S_dykeages2026_SSIDDDDSSSIISSIIIIIIII">
					<SimpleData name="Dyke">I5143</SimpleData>
					<SimpleData name="Craton">Dharwar</SimpleData>
					<SimpleData name="Trend">355</SimpleData>
					<SimpleData name="Lat__N_">12.703</SimpleData>
					<SimpleData name="Long__E__">77.541</SimpleData>
					<SimpleData name="Age">1192</SimpleData>
					<SimpleData name="Error">10</SimpleData>
					<SimpleData name="Method">U-Pb</SimpleData>
					<SimpleData name="Author">Pradhan et al</SimpleData>
					<SimpleData name="Journal">Book</SimpleData>
					<SimpleData name="Volume">0</SimpleData>
					<SimpleData name="Year">2008</SimpleData>
					<SimpleData name="Page">339-352</SimpleData>
					<SimpleData name="doi">Indian Dykes-Narosa Publishing House</SimpleData>
					<SimpleData name="unnamed">0</SimpleData>
					<SimpleData name="unnamed_2">0</SimpleData>
					<SimpleData name="unnamed_3">0</SimpleData>
					<SimpleData name="unnamed_4">0</SimpleData>
					<SimpleData name="unnamed_5">0</SimpleData>
					<SimpleData name="unnamed_6">0</SimpleData>
					<SimpleData name="unnamed_7">0</SimpleData>
					<SimpleData name="unnamed_8">0</SimpleData>
				</SchemaData>
			</ExtendedData>
			<Point>
				<coordinates>77.541,12.70300000000001,0</coordinates>
			</Point>
		</Placemark>
		<Placemark>
			<styleUrl>#pointStyleMap1</styleUrl>
			<Style id="inline">
				<IconStyle>
					<color>ff7f55ff</color>
					<colorMode>normal</colorMode>
					<Icon>
						<href>http://maps.google.com/mapfiles/kml/shapes/square.png</href>
					</Icon>
				</IconStyle>
				<LineStyle>
					<color>ff7f55ff</color>
					<colorMode>normal</colorMode>
				</LineStyle>
				<PolyStyle>
					<color>ff7f55ff</color>
					<colorMode>normal</colorMode>
				</PolyStyle>
			</Style>
			<ExtendedData>
				<SchemaData schemaUrl="#S_dykeages2026_SSIDDDDSSSIISSIIIIIIII">
					<SimpleData name="Dyke">D-1</SimpleData>
					<SimpleData name="Craton">Dharwar</SimpleData>
					<SimpleData name="Trend">0</SimpleData>
					<SimpleData name="Lat__N_">16.168</SimpleData>
					<SimpleData name="Long__E__">75.535</SimpleData>
					<SimpleData name="Age">1154</SimpleData>
					<SimpleData name="Error">4</SimpleData>
					<SimpleData name="Method">Ar-Ar</SimpleData>
					<SimpleData name="Author">Pillai et al.</SimpleData>
					<SimpleData name="Journal">J. Earth Sys. Sci.</SimpleData>
					<SimpleData name="Volume">127</SimpleData>
					<SimpleData name="Year">2018</SimpleData>
					<SimpleData name="Page">32</SimpleData>
					<SimpleData name="doi">https://doi.org/10.1007/s12040-018-0940-5</SimpleData>
					<SimpleData name="unnamed">0</SimpleData>
					<SimpleData name="unnamed_2">0</SimpleData>
					<SimpleData name="unnamed_3">0</SimpleData>
					<SimpleData name="unnamed_4">0</SimpleData>
					<SimpleData name="unnamed_5">0</SimpleData>
					<SimpleData name="unnamed_6">0</SimpleData>
					<SimpleData name="unnamed_7">0</SimpleData>
					<SimpleData name="unnamed_8">0</SimpleData>
				</SchemaData>
			</ExtendedData>
			<Point>
				<coordinates>75.535,16.16800000000001,0</coordinates>
			</Point>
		</Placemark>
		<Placemark>
			<styleUrl>#pointStyleMap1</styleUrl>
			<Style id="inline">
				<IconStyle>
					<color>ff7f55ff</color>
					<colorMode>normal</colorMode>
					<Icon>
						<href>http://maps.google.com/mapfiles/kml/shapes/square.png</href>
					</Icon>
				</IconStyle>
				<LineStyle>
					<color>ff7f55ff</color>
					<colorMode>normal</colorMode>
				</LineStyle>
				<PolyStyle>
					<color>ff7f55ff</color>
					<colorMode>normal</colorMode>
				</PolyStyle>
			</Style>
			<ExtendedData>
				<SchemaData schemaUrl="#S_dykeages2026_SSIDDDDSSSIISSIIIIIIII">
					<SimpleData name="Dyke">NK-2</SimpleData>
					<SimpleData name="Craton">Dharwar</SimpleData>
					<SimpleData name="Trend">0</SimpleData>
					<SimpleData name="Lat__N_">16.768</SimpleData>
					<SimpleData name="Long__E__">77.485</SimpleData>
					<SimpleData name="Age">1141</SimpleData>
					<SimpleData name="Error">18</SimpleData>
					<SimpleData name="Method">U-Pb</SimpleData>
					<SimpleData name="Author">Chalapathi-Rao et al</SimpleData>
					<SimpleData name="Journal">Chem Geo</SimpleData>
					<SimpleData name="Volume">353</SimpleData>
					<SimpleData name="Year">2013</SimpleData>
					<SimpleData name="Page">48-64</SimpleData>
					<SimpleData name="doi">http://dx.doi.org/10.1016/j.chemgeo.2012.04.023</SimpleData>
					<SimpleData name="unnamed">0</SimpleData>
					<SimpleData name="unnamed_2">0</SimpleData>
					<SimpleData name="unnamed_3">0</SimpleData>
					<SimpleData name="unnamed_4">0</SimpleData>
					<SimpleData name="unnamed_5">0</SimpleData>
					<SimpleData name="unnamed_6">0</SimpleData>
					<SimpleData name="unnamed_7">0</SimpleData>
					<SimpleData name="unnamed_8">0</SimpleData>
				</SchemaData>
			</ExtendedData>
			<Point>
				<coordinates>77.48500000000003,16.76800000000002,0</coordinates>
			</Point>
		</Placemark>
		<Placemark>
			<styleUrl>#pointStyleMap1</styleUrl>
			<Style id="inline">
				<IconStyle>
					<color>ff7f55ff</color>
					<colorMode>normal</colorMode>
					<Icon>
						<href>http://maps.google.com/mapfiles/kml/shapes/square.png</href>
					</Icon>
				</IconStyle>
				<LineStyle>
					<color>ff7f55ff</color>
					<colorMode>normal</colorMode>
				</LineStyle>
				<PolyStyle>
					<color>ff7f55ff</color>
					<colorMode>normal</colorMode>
				</PolyStyle>
			</Style>
			<ExtendedData>
				<SchemaData schemaUrl="#S_dykeages2026_SSIDDDDSSSIISSIIIIIIII">
					<SimpleData name="Dyke">KK-6</SimpleData>
					<SimpleData name="Craton">Dharwar</SimpleData>
					<SimpleData name="Trend">0</SimpleData>
					<SimpleData name="Lat__N_">16.718</SimpleData>
					<SimpleData name="Long__E__">77.584</SimpleData>
					<SimpleData name="Age">1140</SimpleData>
					<SimpleData name="Error">10</SimpleData>
					<SimpleData name="Method">U-Pb</SimpleData>
					<SimpleData name="Author">Chalapathi-Rao et al</SimpleData>
					<SimpleData name="Journal">Chem Geo</SimpleData>
					<SimpleData name="Volume">353</SimpleData>
					<SimpleData name="Year">2013</SimpleData>
					<SimpleData name="Page">48-64</SimpleData>
					<SimpleData name="doi">http://dx.doi.org/10.1016/j.chemgeo.2012.04.023</SimpleData>
					<SimpleData name="unnamed">0</SimpleData>
					<SimpleData name="unnamed_2">0</SimpleData>
					<SimpleData name="unnamed_3">0</SimpleData>
					<SimpleData name="unnamed_4">0</SimpleData>
					<SimpleData name="unnamed_5">0</SimpleData>
					<SimpleData name="unnamed_6">0</SimpleData>
					<SimpleData name="unnamed_7">0</SimpleData>
					<SimpleData name="unnamed_8">0</SimpleData>
				</SchemaData>
			</ExtendedData>
			<Point>
				<coordinates>77.58399999999999,16.71799999999997,0</coordinates>
			</Point>
		</Placemark>
		<Placemark>
			<styleUrl>#pointStyleMap1</styleUrl>
			<Style id="inline">
				<IconStyle>
					<color>ff7f55ff</color>
					<colorMode>normal</colorMode>
					<Icon>
						<href>http://maps.google.com/mapfiles/kml/shapes/square.png</href>
					</Icon>
				</IconStyle>
				<LineStyle>
					<color>ff7f55ff</color>
					<colorMode>normal</colorMode>
				</LineStyle>
				<PolyStyle>
					<color>ff7f55ff</color>
					<colorMode>normal</colorMode>
				</PolyStyle>
			</Style>
			<ExtendedData>
				<SchemaData schemaUrl="#S_dykeages2026_SSIDDDDSSSIISSIIIIIIII">
					<SimpleData name="Dyke">CC5/1</SimpleData>
					<SimpleData name="Craton">Dharwar</SimpleData>
					<SimpleData name="Trend">0</SimpleData>
					<SimpleData name="Lat__N_">14.516</SimpleData>
					<SimpleData name="Long__E__">77.633</SimpleData>
					<SimpleData name="Age">1128</SimpleData>
					<SimpleData name="Error">12</SimpleData>
					<SimpleData name="Method">U-Pb</SimpleData>
					<SimpleData name="Author">Chalapathi-Rao et al</SimpleData>
					<SimpleData name="Journal">Chem Geo</SimpleData>
					<SimpleData name="Volume">353</SimpleData>
					<SimpleData name="Year">2013</SimpleData>
					<SimpleData name="Page">48-64</SimpleData>
					<SimpleData name="doi">http://dx.doi.org/10.1016/j.chemgeo.2012.04.023</SimpleData>
					<SimpleData name="unnamed">0</SimpleData>
					<SimpleData name="unnamed_2">0</SimpleData>
					<SimpleData name="unnamed_3">0</SimpleData>
					<SimpleData name="unnamed_4">0</SimpleData>
					<SimpleData name="unnamed_5">0</SimpleData>
					<SimpleData name="unnamed_6">0</SimpleData>
					<SimpleData name="unnamed_7">0</SimpleData>
					<SimpleData name="unnamed_8">0</SimpleData>
				</SchemaData>
			</ExtendedData>
			<Point>
				<coordinates>77.633,14.51599999999997,0</coordinates>
			</Point>
		</Placemark>
		<Placemark>
			<styleUrl>#pointStyleMap1</styleUrl>
			<Style id="inline">
				<IconStyle>
					<color>ff7f55ff</color>
					<colorMode>normal</colorMode>
					<Icon>
						<href>http://maps.google.com/mapfiles/kml/shapes/square.png</href>
					</Icon>
				</IconStyle>
				<LineStyle>
					<color>ff7f55ff</color>
					<colorMode>normal</colorMode>
				</LineStyle>
				<PolyStyle>
					<color>ff7f55ff</color>
					<colorMode>normal</colorMode>
				</PolyStyle>
			</Style>
			<ExtendedData>
				<SchemaData schemaUrl="#S_dykeages2026_SSIDDDDSSSIISSIIIIIIII">
					<SimpleData name="Dyke">WKF-7</SimpleData>
					<SimpleData name="Craton">Dharwar</SimpleData>
					<SimpleData name="Trend">50</SimpleData>
					<SimpleData name="Lat__N_">14.933</SimpleData>
					<SimpleData name="Long__E__">77.375</SimpleData>
					<SimpleData name="Age">1125</SimpleData>
					<SimpleData name="Error">16</SimpleData>
					<SimpleData name="Method">U-Pb</SimpleData>
					<SimpleData name="Author">Chalapathi-Rao et al</SimpleData>
					<SimpleData name="Journal">Chem Geo</SimpleData>
					<SimpleData name="Volume">353</SimpleData>
					<SimpleData name="Year">2013</SimpleData>
					<SimpleData name="Page">48-64</SimpleData>
					<SimpleData name="doi">http://dx.doi.org/10.1016/j.chemgeo.2012.04.023</SimpleData>
					<SimpleData name="unnamed">0</SimpleData>
					<SimpleData name="unnamed_2">0</SimpleData>
					<SimpleData name="unnamed_3">0</SimpleData>
					<SimpleData name="unnamed_4">0</SimpleData>
					<SimpleData name="unnamed_5">0</SimpleData>
					<SimpleData name="unnamed_6">0</SimpleData>
					<SimpleData name="unnamed_7">0</SimpleData>
					<SimpleData name="unnamed_8">0</SimpleData>
				</SchemaData>
			</ExtendedData>
			<Point>
				<coordinates>77.37499999999999,14.93299999999999,0</coordinates>
			</Point>
		</Placemark>
		<Placemark>
			<styleUrl>#pointStyleMap1</styleUrl>
			<Style id="inline">
				<IconStyle>
					<color>ff7f55ff</color>
					<colorMode>normal</colorMode>
					<Icon>
						<href>http://maps.google.com/mapfiles/kml/shapes/square.png</href>
					</Icon>
				</IconStyle>
				<LineStyle>
					<color>ff7f55ff</color>
					<colorMode>normal</colorMode>
				</LineStyle>
				<PolyStyle>
					<color>ff7f55ff</color>
					<colorMode>normal</colorMode>
				</PolyStyle>
			</Style>
			<ExtendedData>
				<SchemaData schemaUrl="#S_dykeages2026_SSIDDDDSSSIISSIIIIIIII">
					<SimpleData name="Dyke">KK-1</SimpleData>
					<SimpleData name="Craton">Dharwar</SimpleData>
					<SimpleData name="Trend">45</SimpleData>
					<SimpleData name="Lat__N_">16.768</SimpleData>
					<SimpleData name="Long__E__">77.668</SimpleData>
					<SimpleData name="Age">1125</SimpleData>
					<SimpleData name="Error">16</SimpleData>
					<SimpleData name="Method">U-Pb</SimpleData>
					<SimpleData name="Author">Chalapathi-Rao et al</SimpleData>
					<SimpleData name="Journal">Chem Geo</SimpleData>
					<SimpleData name="Volume">353</SimpleData>
					<SimpleData name="Year">2013</SimpleData>
					<SimpleData name="Page">48-64</SimpleData>
					<SimpleData name="doi">http://dx.doi.org/10.1016/j.chemgeo.2012.04.023</SimpleData>
					<SimpleData name="unnamed">0</SimpleData>
					<SimpleData name="unnamed_2">0</SimpleData>
					<SimpleData name="unnamed_3">0</SimpleData>
					<SimpleData name="unnamed_4">0</SimpleData>
					<SimpleData name="unnamed_5">0</SimpleData>
					<SimpleData name="unnamed_6">0</SimpleData>
					<SimpleData name="unnamed_7">0</SimpleData>
					<SimpleData name="unnamed_8">0</SimpleData>
				</SchemaData>
			</ExtendedData>
			<Point>
				<coordinates>77.66800000000002,16.76800000000002,0</coordinates>
			</Point>
		</Placemark>
		<Placemark>
			<styleUrl>#pointStyleMap1</styleUrl>
			<Style id="inline">
				<IconStyle>
					<color>ff7f55ff</color>
					<colorMode>normal</colorMode>
					<Icon>
						<href>http://maps.google.com/mapfiles/kml/shapes/square.png</href>
					</Icon>
				</IconStyle>
				<LineStyle>
					<color>ff7f55ff</color>
					<colorMode>normal</colorMode>
				</LineStyle>
				<PolyStyle>
					<color>ff7f55ff</color>
					<colorMode>normal</colorMode>
				</PolyStyle>
			</Style>
			<ExtendedData>
				<SchemaData schemaUrl="#S_dykeages2026_SSIDDDDSSSIISSIIIIIIII">
					<SimpleData name="Dyke">Waj-2</SimpleData>
					<SimpleData name="Craton">Dharwar</SimpleData>
					<SimpleData name="Trend">0</SimpleData>
					<SimpleData name="Lat__N_">15.023</SimpleData>
					<SimpleData name="Long__E__">77.391</SimpleData>
					<SimpleData name="Age">1124.3</SimpleData>
					<SimpleData name="Error">4.6</SimpleData>
					<SimpleData name="Method">U-Pb</SimpleData>
					<SimpleData name="Author">Kumar et al</SimpleData>
					<SimpleData name="Journal">PreCam</SimpleData>
					<SimpleData name="Volume">154</SimpleData>
					<SimpleData name="Year">2007</SimpleData>
					<SimpleData name="Page">192-204</SimpleData>
					<SimpleData name="doi">http://doi:10.1016/j.precamres.2006.12.007</SimpleData>
					<SimpleData name="unnamed">0</SimpleData>
					<SimpleData name="unnamed_2">0</SimpleData>
					<SimpleData name="unnamed_3">0</SimpleData>
					<SimpleData name="unnamed_4">0</SimpleData>
					<SimpleData name="unnamed_5">0</SimpleData>
					<SimpleData name="unnamed_6">0</SimpleData>
					<SimpleData name="unnamed_7">0</SimpleData>
					<SimpleData name="unnamed_8">0</SimpleData>
				</SchemaData>
			</ExtendedData>
			<Point>
				<coordinates>77.39100000000001,15.02299999999998,0</coordinates>
			</Point>
		</Placemark>
		<Placemark>
			<styleUrl>#pointStyleMap1</styleUrl>
			<Style id="inline">
				<IconStyle>
					<color>ff7f55ff</color>
					<colorMode>normal</colorMode>
					<Icon>
						<href>http://maps.google.com/mapfiles/kml/shapes/square.png</href>
					</Icon>
				</IconStyle>
				<LineStyle>
					<color>ff7f55ff</color>
					<colorMode>normal</colorMode>
				</LineStyle>
				<PolyStyle>
					<color>ff7f55ff</color>
					<colorMode>normal</colorMode>
				</PolyStyle>
			</Style>
			<ExtendedData>
				<SchemaData schemaUrl="#S_dykeages2026_SSIDDDDSSSIISSIIIIIIII">
					<SimpleData name="Dyke">NK-1</SimpleData>
					<SimpleData name="Craton">Dharwar</SimpleData>
					<SimpleData name="Trend">0</SimpleData>
					<SimpleData name="Lat__N_">16.767</SimpleData>
					<SimpleData name="Long__E__">77.485</SimpleData>
					<SimpleData name="Age">1123</SimpleData>
					<SimpleData name="Error">17</SimpleData>
					<SimpleData name="Method">U-Pb</SimpleData>
					<SimpleData name="Author">Chalapathi-Rao et al</SimpleData>
					<SimpleData name="Journal">Chem Geo</SimpleData>
					<SimpleData name="Volume">353</SimpleData>
					<SimpleData name="Year">2013</SimpleData>
					<SimpleData name="Page">48-64</SimpleData>
					<SimpleData name="doi">http://dx.doi.org/10.1016/j.chemgeo.2012.04.023</SimpleData>
					<SimpleData name="unnamed">0</SimpleData>
					<SimpleData name="unnamed_2">0</SimpleData>
					<SimpleData name="unnamed_3">0</SimpleData>
					<SimpleData name="unnamed_4">0</SimpleData>
					<SimpleData name="unnamed_5">0</SimpleData>
					<SimpleData name="unnamed_6">0</SimpleData>
					<SimpleData name="unnamed_7">0</SimpleData>
					<SimpleData name="unnamed_8">0</SimpleData>
				</SchemaData>
			</ExtendedData>
			<Point>
				<coordinates>77.48500000000003,16.76700000000001,0</coordinates>
			</Point>
		</Placemark>
		<Placemark>
			<styleUrl>#pointStyleMap1</styleUrl>
			<Style id="inline">
				<IconStyle>
					<color>ff7f55ff</color>
					<colorMode>normal</colorMode>
					<Icon>
						<href>http://maps.google.com/mapfiles/kml/shapes/square.png</href>
					</Icon>
				</IconStyle>
				<LineStyle>
					<color>ff7f55ff</color>
					<colorMode>normal</colorMode>
				</LineStyle>
				<PolyStyle>
					<color>ff7f55ff</color>
					<colorMode>normal</colorMode>
				</PolyStyle>
			</Style>
			<ExtendedData>
				<SchemaData schemaUrl="#S_dykeages2026_SSIDDDDSSSIISSIIIIIIII">
					<SimpleData name="Dyke">CC4/2</SimpleData>
					<SimpleData name="Craton">Dharwar</SimpleData>
					<SimpleData name="Trend">0</SimpleData>
					<SimpleData name="Lat__N_">14.516</SimpleData>
					<SimpleData name="Long__E__">77.633</SimpleData>
					<SimpleData name="Age">1120</SimpleData>
					<SimpleData name="Error">18</SimpleData>
					<SimpleData name="Method">U-Pb</SimpleData>
					<SimpleData name="Author">Chalapathi-Rao et al</SimpleData>
					<SimpleData name="Journal">Chem Geo</SimpleData>
					<SimpleData name="Volume">353</SimpleData>
					<SimpleData name="Year">2013</SimpleData>
					<SimpleData name="Page">48-64</SimpleData>
					<SimpleData name="doi">http://dx.doi.org/10.1016/j.chemgeo.2012.04.023</SimpleData>
					<SimpleData name="unnamed">0</SimpleData>
					<SimpleData name="unnamed_2">0</SimpleData>
					<SimpleData name="unnamed_3">0</SimpleData>
					<SimpleData name="unnamed_4">0</SimpleData>
					<SimpleData name="unnamed_5">0</SimpleData>
					<SimpleData name="unnamed_6">0</SimpleData>
					<SimpleData name="unnamed_7">0</SimpleData>
					<SimpleData name="unnamed_8">0</SimpleData>
				</SchemaData>
			</ExtendedData>
			<Point>
				<coordinates>77.633,14.51599999999997,0</coordinates>
			</Point>
		</Placemark>
		<Placemark>
			<styleUrl>#pointStyleMap1</styleUrl>
			<Style id="inline">
				<IconStyle>
					<color>ff7f55ff</color>
					<colorMode>normal</colorMode>
					<Icon>
						<href>http://maps.google.com/mapfiles/kml/shapes/square.png</href>
					</Icon>
				</IconStyle>
				<LineStyle>
					<color>ff7f55ff</color>
					<colorMode>normal</colorMode>
				</LineStyle>
				<PolyStyle>
					<color>ff7f55ff</color>
					<colorMode>normal</colorMode>
				</PolyStyle>
			</Style>
			<ExtendedData>
				<SchemaData schemaUrl="#S_dykeages2026_SSIDDDDSSSIISSIIIIIIII">
					<SimpleData name="Dyke">TK-3</SimpleData>
					<SimpleData name="Craton">Dharwar</SimpleData>
					<SimpleData name="Trend">0</SimpleData>
					<SimpleData name="Lat__N_">14.529</SimpleData>
					<SimpleData name="Long__E__">77.308</SimpleData>
					<SimpleData name="Age">1119</SimpleData>
					<SimpleData name="Error">2</SimpleData>
					<SimpleData name="Method">U-Pb</SimpleData>
					<SimpleData name="Author">Chalapathi-Rao et al</SimpleData>
					<SimpleData name="Journal">GR</SimpleData>
					<SimpleData name="Volume">35</SimpleData>
					<SimpleData name="Year">2016</SimpleData>
					<SimpleData name="Page">378-389</SimpleData>
					<SimpleData name="doi">http://dx.doi.org/10.1016/j.gr.2015.06.006</SimpleData>
					<SimpleData name="unnamed">0</SimpleData>
					<SimpleData name="unnamed_2">0</SimpleData>
					<SimpleData name="unnamed_3">0</SimpleData>
					<SimpleData name="unnamed_4">0</SimpleData>
					<SimpleData name="unnamed_5">0</SimpleData>
					<SimpleData name="unnamed_6">0</SimpleData>
					<SimpleData name="unnamed_7">0</SimpleData>
					<SimpleData name="unnamed_8">0</SimpleData>
				</SchemaData>
			</ExtendedData>
			<Point>
				<coordinates>77.30799999999999,14.52899999999998,0</coordinates>
			</Point>
		</Placemark>
		<Placemark>
			<styleUrl>#pointStyleMap1</styleUrl>
			<Style id="inline">
				<IconStyle>
					<color>ff7f55ff</color>
					<colorMode>normal</colorMode>
					<Icon>
						<href>http://maps.google.com/mapfiles/kml/shapes/square.png</href>
					</Icon>
				</IconStyle>
				<LineStyle>
					<color>ff7f55ff</color>
					<colorMode>normal</colorMode>
				</LineStyle>
				<PolyStyle>
					<color>ff7f55ff</color>
					<colorMode>normal</colorMode>
				</PolyStyle>
			</Style>
			<ExtendedData>
				<SchemaData schemaUrl="#S_dykeages2026_SSIDDDDSSSIISSIIIIIIII">
					<SimpleData name="Dyke">WKF-13</SimpleData>
					<SimpleData name="Craton">Dharwar</SimpleData>
					<SimpleData name="Trend">0</SimpleData>
					<SimpleData name="Lat__N_">14.831</SimpleData>
					<SimpleData name="Long__E__">77.683</SimpleData>
					<SimpleData name="Age">1117</SimpleData>
					<SimpleData name="Error">14</SimpleData>
					<SimpleData name="Method">U-Pb</SimpleData>
					<SimpleData name="Author">Chalapathi-Rao et al</SimpleData>
					<SimpleData name="Journal">Chem Geo</SimpleData>
					<SimpleData name="Volume">353</SimpleData>
					<SimpleData name="Year">2013</SimpleData>
					<SimpleData name="Page">48-64</SimpleData>
					<SimpleData name="doi">http://dx.doi.org/10.1016/j.chemgeo.2012.04.023</SimpleData>
					<SimpleData name="unnamed">0</SimpleData>
					<SimpleData name="unnamed_2">0</SimpleData>
					<SimpleData name="unnamed_3">0</SimpleData>
					<SimpleData name="unnamed_4">0</SimpleData>
					<SimpleData name="unnamed_5">0</SimpleData>
					<SimpleData name="unnamed_6">0</SimpleData>
					<SimpleData name="unnamed_7">0</SimpleData>
					<SimpleData name="unnamed_8">0</SimpleData>
				</SchemaData>
			</ExtendedData>
			<Point>
				<coordinates>77.68300000000001,14.831,0</coordinates>
			</Point>
		</Placemark>
		<Placemark>
			<styleUrl>#pointStyleMap1</styleUrl>
			<Style id="inline">
				<IconStyle>
					<color>ff7f55ff</color>
					<colorMode>normal</colorMode>
					<Icon>
						<href>http://maps.google.com/mapfiles/kml/shapes/square.png</href>
					</Icon>
				</IconStyle>
				<LineStyle>
					<color>ff7f55ff</color>
					<colorMode>normal</colorMode>
				</LineStyle>
				<PolyStyle>
					<color>ff7f55ff</color>
					<colorMode>normal</colorMode>
				</PolyStyle>
			</Style>
			<ExtendedData>
				<SchemaData schemaUrl="#S_dykeages2026_SSIDDDDSSSIISSIIIIIIII">
					<SimpleData name="Dyke">Pipe 8</SimpleData>
					<SimpleData name="Craton">Dharwar</SimpleData>
					<SimpleData name="Trend">0</SimpleData>
					<SimpleData name="Lat__N_">14.921</SimpleData>
					<SimpleData name="Long__E__">77.278</SimpleData>
					<SimpleData name="Age">1115.8</SimpleData>
					<SimpleData name="Error">7.9</SimpleData>
					<SimpleData name="Method">Ar-Ar</SimpleData>
					<SimpleData name="Author">Dongre et al.</SimpleData>
					<SimpleData name="Journal">GF</SimpleData>
					<SimpleData name="Volume">11</SimpleData>
					<SimpleData name="Year">2020</SimpleData>
					<SimpleData name="Page">793-805</SimpleData>
					<SimpleData name="doi">https://doi.org/10.1016/j.gsf.2019.07.010</SimpleData>
					<SimpleData name="unnamed">0</SimpleData>
					<SimpleData name="unnamed_2">0</SimpleData>
					<SimpleData name="unnamed_3">0</SimpleData>
					<SimpleData name="unnamed_4">0</SimpleData>
					<SimpleData name="unnamed_5">0</SimpleData>
					<SimpleData name="unnamed_6">0</SimpleData>
					<SimpleData name="unnamed_7">0</SimpleData>
					<SimpleData name="unnamed_8">0</SimpleData>
				</SchemaData>
			</ExtendedData>
			<Point>
				<coordinates>77.27800000000003,14.92099999999999,0</coordinates>
			</Point>
		</Placemark>
		<Placemark>
			<styleUrl>#pointStyleMap1</styleUrl>
			<Style id="inline">
				<IconStyle>
					<color>ff7f55ff</color>
					<colorMode>normal</colorMode>
					<Icon>
						<href>http://maps.google.com/mapfiles/kml/shapes/square.png</href>
					</Icon>
				</IconStyle>
				<LineStyle>
					<color>ff7f55ff</color>
					<colorMode>normal</colorMode>
				</LineStyle>
				<PolyStyle>
					<color>ff7f55ff</color>
					<colorMode>normal</colorMode>
				</PolyStyle>
			</Style>
			<ExtendedData>
				<SchemaData schemaUrl="#S_dykeages2026_SSIDDDDSSSIISSIIIIIIII">
					<SimpleData name="Dyke">MK</SimpleData>
					<SimpleData name="Craton">Dharwar</SimpleData>
					<SimpleData name="Trend">0</SimpleData>
					<SimpleData name="Lat__N_">14.857</SimpleData>
					<SimpleData name="Long__E__">77.32</SimpleData>
					<SimpleData name="Age">1113</SimpleData>
					<SimpleData name="Error">3</SimpleData>
					<SimpleData name="Method">Ar-Ar</SimpleData>
					<SimpleData name="Author">Osborne et al.</SimpleData>
					<SimpleData name="Journal">PreCam</SimpleData>
					<SimpleData name="Volume">189</SimpleData>
					<SimpleData name="Year">2011</SimpleData>
					<SimpleData name="Page">91-103</SimpleData>
					<SimpleData name="doi">http://dx.doi.org/10.1016/j.precamres.2011.05.004</SimpleData>
					<SimpleData name="unnamed">0</SimpleData>
					<SimpleData name="unnamed_2">0</SimpleData>
					<SimpleData name="unnamed_3">0</SimpleData>
					<SimpleData name="unnamed_4">0</SimpleData>
					<SimpleData name="unnamed_5">0</SimpleData>
					<SimpleData name="unnamed_6">0</SimpleData>
					<SimpleData name="unnamed_7">0</SimpleData>
					<SimpleData name="unnamed_8">0</SimpleData>
				</SchemaData>
			</ExtendedData>
			<Point>
				<coordinates>77.31999999999998,14.85700000000001,0</coordinates>
			</Point>
		</Placemark>
		<Placemark>
			<styleUrl>#pointStyleMap1</styleUrl>
			<Style id="inline">
				<IconStyle>
					<color>ff7f55ff</color>
					<colorMode>normal</colorMode>
					<Icon>
						<href>http://maps.google.com/mapfiles/kml/shapes/square.png</href>
					</Icon>
				</IconStyle>
				<LineStyle>
					<color>ff7f55ff</color>
					<colorMode>normal</colorMode>
				</LineStyle>
				<PolyStyle>
					<color>ff7f55ff</color>
					<colorMode>normal</colorMode>
				</PolyStyle>
			</Style>
			<ExtendedData>
				<SchemaData schemaUrl="#S_dykeages2026_SSIDDDDSSSIISSIIIIIIII">
					<SimpleData name="Dyke">GDM</SimpleData>
					<SimpleData name="Craton">Bundelkhand</SimpleData>
					<SimpleData name="Trend">78</SimpleData>
					<SimpleData name="Lat__N_">25.284</SimpleData>
					<SimpleData name="Long__E__">79.851</SimpleData>
					<SimpleData name="Age">1112.7</SimpleData>
					<SimpleData name="Error">7.4</SimpleData>
					<SimpleData name="Method">U-Pb</SimpleData>
					<SimpleData name="Author">Pradhan et al</SimpleData>
					<SimpleData name="Journal">PreCam</SimpleData>
					<SimpleData name="Volume">198</SimpleData>
					<SimpleData name="Year">2012</SimpleData>
					<SimpleData name="Page">51-76</SimpleData>
					<SimpleData name="doi">http://dx.doi.org/10.1016/j.precamres.2011.11.011</SimpleData>
					<SimpleData name="unnamed">0</SimpleData>
					<SimpleData name="unnamed_2">0</SimpleData>
					<SimpleData name="unnamed_3">0</SimpleData>
					<SimpleData name="unnamed_4">0</SimpleData>
					<SimpleData name="unnamed_5">0</SimpleData>
					<SimpleData name="unnamed_6">0</SimpleData>
					<SimpleData name="unnamed_7">0</SimpleData>
					<SimpleData name="unnamed_8">0</SimpleData>
				</SchemaData>
			</ExtendedData>
			<Point>
				<coordinates>79.85100000000001,25.28399999999997,0</coordinates>
			</Point>
		</Placemark>
		<Placemark>
			<styleUrl>#pointStyleMap1</styleUrl>
			<Style id="inline">
				<IconStyle>
					<color>ff7f55ff</color>
					<colorMode>normal</colorMode>
					<Icon>
						<href>http://maps.google.com/mapfiles/kml/shapes/square.png</href>
					</Icon>
				</IconStyle>
				<LineStyle>
					<color>ff7f55ff</color>
					<colorMode>normal</colorMode>
				</LineStyle>
				<PolyStyle>
					<color>ff7f55ff</color>
					<colorMode>normal</colorMode>
				</PolyStyle>
			</Style>
			<ExtendedData>
				<SchemaData schemaUrl="#S_dykeages2026_SSIDDDDSSSIISSIIIIIIII">
					<SimpleData name="Dyke">KL3/2</SimpleData>
					<SimpleData name="Craton">Dharwar</SimpleData>
					<SimpleData name="Trend">0</SimpleData>
					<SimpleData name="Lat__N_">14.585</SimpleData>
					<SimpleData name="Long__E__">76.97</SimpleData>
					<SimpleData name="Age">1109</SimpleData>
					<SimpleData name="Error">11</SimpleData>
					<SimpleData name="Method">U-Pb</SimpleData>
					<SimpleData name="Author">Chalapathi-Rao et al</SimpleData>
					<SimpleData name="Journal">Chem Geo</SimpleData>
					<SimpleData name="Volume">353</SimpleData>
					<SimpleData name="Year">2013</SimpleData>
					<SimpleData name="Page">48-64</SimpleData>
					<SimpleData name="doi">http://dx.doi.org/10.1016/j.chemgeo.2012.04.023</SimpleData>
					<SimpleData name="unnamed">0</SimpleData>
					<SimpleData name="unnamed_2">0</SimpleData>
					<SimpleData name="unnamed_3">0</SimpleData>
					<SimpleData name="unnamed_4">0</SimpleData>
					<SimpleData name="unnamed_5">0</SimpleData>
					<SimpleData name="unnamed_6">0</SimpleData>
					<SimpleData name="unnamed_7">0</SimpleData>
					<SimpleData name="unnamed_8">0</SimpleData>
				</SchemaData>
			</ExtendedData>
			<Point>
				<coordinates>76.97000000000001,14.58500000000003,0</coordinates>
			</Point>
		</Placemark>
		<Placemark>
			<styleUrl>#pointStyleMap1</styleUrl>
			<Style id="inline">
				<IconStyle>
					<color>ff7f55ff</color>
					<colorMode>normal</colorMode>
					<Icon>
						<href>http://maps.google.com/mapfiles/kml/shapes/square.png</href>
					</Icon>
				</IconStyle>
				<LineStyle>
					<color>ff7f55ff</color>
					<colorMode>normal</colorMode>
				</LineStyle>
				<PolyStyle>
					<color>ff7f55ff</color>
					<colorMode>normal</colorMode>
				</PolyStyle>
			</Style>
			<ExtendedData>
				<SchemaData schemaUrl="#S_dykeages2026_SSIDDDDSSSIISSIIIIIIII">
					<SimpleData name="Dyke">TK</SimpleData>
					<SimpleData name="Craton">Dharwar</SimpleData>
					<SimpleData name="Trend">0</SimpleData>
					<SimpleData name="Lat__N_">14.845</SimpleData>
					<SimpleData name="Long__E__">77.301</SimpleData>
					<SimpleData name="Age">1105</SimpleData>
					<SimpleData name="Error">12</SimpleData>
					<SimpleData name="Method">Ar-Ar</SimpleData>
					<SimpleData name="Author">Osborne et al.</SimpleData>
					<SimpleData name="Journal">PreCam</SimpleData>
					<SimpleData name="Volume">189</SimpleData>
					<SimpleData name="Year">2011</SimpleData>
					<SimpleData name="Page">91-103</SimpleData>
					<SimpleData name="doi">http://dx.doi.org/10.1016/j.precamres.2011.05.004</SimpleData>
					<SimpleData name="unnamed">0</SimpleData>
					<SimpleData name="unnamed_2">0</SimpleData>
					<SimpleData name="unnamed_3">0</SimpleData>
					<SimpleData name="unnamed_4">0</SimpleData>
					<SimpleData name="unnamed_5">0</SimpleData>
					<SimpleData name="unnamed_6">0</SimpleData>
					<SimpleData name="unnamed_7">0</SimpleData>
					<SimpleData name="unnamed_8">0</SimpleData>
				</SchemaData>
			</ExtendedData>
			<Point>
				<coordinates>77.30099999999997,14.84500000000001,0</coordinates>
			</Point>
		</Placemark>
		<Placemark>
			<styleUrl>#pointStyleMap1</styleUrl>
			<Style id="inline">
				<IconStyle>
					<color>ff7f55ff</color>
					<colorMode>normal</colorMode>
					<Icon>
						<href>http://maps.google.com/mapfiles/kml/shapes/square.png</href>
					</Icon>
				</IconStyle>
				<LineStyle>
					<color>ff7f55ff</color>
					<colorMode>normal</colorMode>
				</LineStyle>
				<PolyStyle>
					<color>ff7f55ff</color>
					<colorMode>normal</colorMode>
				</PolyStyle>
			</Style>
			<ExtendedData>
				<SchemaData schemaUrl="#S_dykeages2026_SSIDDDDSSSIISSIIIIIIII">
					<SimpleData name="Dyke">SK-1</SimpleData>
					<SimpleData name="Craton">Dharwar</SimpleData>
					<SimpleData name="Trend">0</SimpleData>
					<SimpleData name="Lat__N_">16.327</SimpleData>
					<SimpleData name="Long__E__">77.928</SimpleData>
					<SimpleData name="Age">1093</SimpleData>
					<SimpleData name="Error">18</SimpleData>
					<SimpleData name="Method">U-Pb</SimpleData>
					<SimpleData name="Author">Chalapathi-Rao et al</SimpleData>
					<SimpleData name="Journal">Chem Geo</SimpleData>
					<SimpleData name="Volume">353</SimpleData>
					<SimpleData name="Year">2013</SimpleData>
					<SimpleData name="Page">48-64</SimpleData>
					<SimpleData name="doi">http://dx.doi.org/10.1016/j.chemgeo.2012.04.023</SimpleData>
					<SimpleData name="unnamed">0</SimpleData>
					<SimpleData name="unnamed_2">0</SimpleData>
					<SimpleData name="unnamed_3">0</SimpleData>
					<SimpleData name="unnamed_4">0</SimpleData>
					<SimpleData name="unnamed_5">0</SimpleData>
					<SimpleData name="unnamed_6">0</SimpleData>
					<SimpleData name="unnamed_7">0</SimpleData>
					<SimpleData name="unnamed_8">0</SimpleData>
				</SchemaData>
			</ExtendedData>
			<Point>
				<coordinates>77.92800000000001,16.32700000000001,0</coordinates>
			</Point>
		</Placemark>
		<Placemark>
			<styleUrl>#pointStyleMap1</styleUrl>
			<Style id="inline">
				<IconStyle>
					<color>ff7f55ff</color>
					<colorMode>normal</colorMode>
					<Icon>
						<href>http://maps.google.com/mapfiles/kml/shapes/square.png</href>
					</Icon>
				</IconStyle>
				<LineStyle>
					<color>ff7f55ff</color>
					<colorMode>normal</colorMode>
				</LineStyle>
				<PolyStyle>
					<color>ff7f55ff</color>
					<colorMode>normal</colorMode>
				</PolyStyle>
			</Style>
			<ExtendedData>
				<SchemaData schemaUrl="#S_dykeages2026_SSIDDDDSSSIISSIIIIIIII">
					<SimpleData name="Dyke">TK-1</SimpleData>
					<SimpleData name="Craton">Dharwar</SimpleData>
					<SimpleData name="Trend">0</SimpleData>
					<SimpleData name="Lat__N_">14.529</SimpleData>
					<SimpleData name="Long__E__">77.308</SimpleData>
					<SimpleData name="Age">1086</SimpleData>
					<SimpleData name="Error">19</SimpleData>
					<SimpleData name="Method">U-Pb</SimpleData>
					<SimpleData name="Author">Chalapathi-Rao et al</SimpleData>
					<SimpleData name="Journal">GR</SimpleData>
					<SimpleData name="Volume">35</SimpleData>
					<SimpleData name="Year">2016</SimpleData>
					<SimpleData name="Page">378-389</SimpleData>
					<SimpleData name="doi">http://dx.doi.org/10.1016/j.gr.2015.06.006</SimpleData>
					<SimpleData name="unnamed">0</SimpleData>
					<SimpleData name="unnamed_2">0</SimpleData>
					<SimpleData name="unnamed_3">0</SimpleData>
					<SimpleData name="unnamed_4">0</SimpleData>
					<SimpleData name="unnamed_5">0</SimpleData>
					<SimpleData name="unnamed_6">0</SimpleData>
					<SimpleData name="unnamed_7">0</SimpleData>
					<SimpleData name="unnamed_8">0</SimpleData>
				</SchemaData>
			</ExtendedData>
			<Point>
				<coordinates>77.30799999999999,14.52899999999998,0</coordinates>
			</Point>
		</Placemark>
		<Placemark>
			<styleUrl>#pointStyleMap1</styleUrl>
			<Style id="inline">
				<IconStyle>
					<color>ff7f55ff</color>
					<colorMode>normal</colorMode>
					<Icon>
						<href>http://maps.google.com/mapfiles/kml/shapes/square.png</href>
					</Icon>
				</IconStyle>
				<LineStyle>
					<color>ff7f55ff</color>
					<colorMode>normal</colorMode>
				</LineStyle>
				<PolyStyle>
					<color>ff7f55ff</color>
					<colorMode>normal</colorMode>
				</PolyStyle>
			</Style>
			<ExtendedData>
				<SchemaData schemaUrl="#S_dykeages2026_SSIDDDDSSSIISSIIIIIIII">
					<SimpleData name="Dyke">MAJ-1</SimpleData>
					<SimpleData name="Craton">Bundelkhand</SimpleData>
					<SimpleData name="Trend">0</SimpleData>
					<SimpleData name="Lat__N_">24.643</SimpleData>
					<SimpleData name="Long__E__">80.037</SimpleData>
					<SimpleData name="Age">1084</SimpleData>
					<SimpleData name="Error">32</SimpleData>
					<SimpleData name="Method">Rb-Sr</SimpleData>
					<SimpleData name="Author">Kumar et al.</SimpleData>
					<SimpleData name="Journal">Precambrian Research</SimpleData>
					<SimpleData name="Volume">62</SimpleData>
					<SimpleData name="Year">1993</SimpleData>
					<SimpleData name="Page">227-237</SimpleData>
					<SimpleData name="doi">https://www.sciencedirect.com/science/article/abs/pii/030192689390023U</SimpleData>
					<SimpleData name="unnamed">0</SimpleData>
					<SimpleData name="unnamed_2">0</SimpleData>
					<SimpleData name="unnamed_3">0</SimpleData>
					<SimpleData name="unnamed_4">0</SimpleData>
					<SimpleData name="unnamed_5">0</SimpleData>
					<SimpleData name="unnamed_6">0</SimpleData>
					<SimpleData name="unnamed_7">0</SimpleData>
					<SimpleData name="unnamed_8">0</SimpleData>
				</SchemaData>
			</ExtendedData>
			<Point>
				<coordinates>80.03700000000003,24.64300000000001,0</coordinates>
			</Point>
		</Placemark>
		<Placemark>
			<styleUrl>#pointStyleMap1</styleUrl>
			<Style id="inline">
				<IconStyle>
					<color>ff7f55ff</color>
					<colorMode>normal</colorMode>
					<Icon>
						<href>http://maps.google.com/mapfiles/kml/shapes/square.png</href>
					</Icon>
				</IconStyle>
				<LineStyle>
					<color>ff7f55ff</color>
					<colorMode>normal</colorMode>
				</LineStyle>
				<PolyStyle>
					<color>ff7f55ff</color>
					<colorMode>normal</colorMode>
				</PolyStyle>
			</Style>
			<ExtendedData>
				<SchemaData schemaUrl="#S_dykeages2026_SSIDDDDSSSIISSIIIIIIII">
					<SimpleData name="Dyke">Atri</SimpleData>
					<SimpleData name="Craton">Bundelkhand</SimpleData>
					<SimpleData name="Trend">0</SimpleData>
					<SimpleData name="Lat__N_">24.33</SimpleData>
					<SimpleData name="Long__E__">79.283</SimpleData>
					<SimpleData name="Age">1082</SimpleData>
					<SimpleData name="Error">15</SimpleData>
					<SimpleData name="Method">Rb-Sr</SimpleData>
					<SimpleData name="Author">Masun et al.</SimpleData>
					<SimpleData name="Journal">Lithos</SimpleData>
					<SimpleData name="Volume">112</SimpleData>
					<SimpleData name="Year">2009</SimpleData>
					<SimpleData name="Page">142-154</SimpleData>
					<SimpleData name="doi">https://www.sciencedirect.com/science/article/pii/S0024493709002539?via%3Dihub</SimpleData>
					<SimpleData name="unnamed">0</SimpleData>
					<SimpleData name="unnamed_2">0</SimpleData>
					<SimpleData name="unnamed_3">0</SimpleData>
					<SimpleData name="unnamed_4">0</SimpleData>
					<SimpleData name="unnamed_5">0</SimpleData>
					<SimpleData name="unnamed_6">0</SimpleData>
					<SimpleData name="unnamed_7">0</SimpleData>
					<SimpleData name="unnamed_8">0</SimpleData>
				</SchemaData>
			</ExtendedData>
			<Point>
				<coordinates>79.28300000000002,24.33,0</coordinates>
			</Point>
		</Placemark>
		<Placemark>
			<styleUrl>#pointStyleMap1</styleUrl>
			<Style id="inline">
				<IconStyle>
					<color>ff7f55ff</color>
					<colorMode>normal</colorMode>
					<Icon>
						<href>http://maps.google.com/mapfiles/kml/shapes/square.png</href>
					</Icon>
				</IconStyle>
				<LineStyle>
					<color>ff7f55ff</color>
					<colorMode>normal</colorMode>
				</LineStyle>
				<PolyStyle>
					<color>ff7f55ff</color>
					<colorMode>normal</colorMode>
				</PolyStyle>
			</Style>
			<ExtendedData>
				<SchemaData schemaUrl="#S_dykeages2026_SSIDDDDSSSIISSIIIIIIII">
					<SimpleData name="Dyke">WKF-5</SimpleData>
					<SimpleData name="Craton">Dharwar</SimpleData>
					<SimpleData name="Trend">330</SimpleData>
					<SimpleData name="Lat__N_">14.95</SimpleData>
					<SimpleData name="Long__E__">77.316</SimpleData>
					<SimpleData name="Age">1079</SimpleData>
					<SimpleData name="Error">18</SimpleData>
					<SimpleData name="Method">U-Pb</SimpleData>
					<SimpleData name="Author">Chalapathi-Rao et al</SimpleData>
					<SimpleData name="Journal">Chem Geo</SimpleData>
					<SimpleData name="Volume">353</SimpleData>
					<SimpleData name="Year">2013</SimpleData>
					<SimpleData name="Page">48-64</SimpleData>
					<SimpleData name="doi">http://dx.doi.org/10.1016/j.chemgeo.2012.04.023</SimpleData>
					<SimpleData name="unnamed">0</SimpleData>
					<SimpleData name="unnamed_2">0</SimpleData>
					<SimpleData name="unnamed_3">0</SimpleData>
					<SimpleData name="unnamed_4">0</SimpleData>
					<SimpleData name="unnamed_5">0</SimpleData>
					<SimpleData name="unnamed_6">0</SimpleData>
					<SimpleData name="unnamed_7">0</SimpleData>
					<SimpleData name="unnamed_8">0</SimpleData>
				</SchemaData>
			</ExtendedData>
			<Point>
				<coordinates>77.31600000000003,14.94999999999998,0</coordinates>
			</Point>
		</Placemark>
		<Placemark>
			<styleUrl>#pointStyleMap1</styleUrl>
			<Style id="inline">
				<IconStyle>
					<color>ff7f55ff</color>
					<colorMode>normal</colorMode>
					<Icon>
						<href>http://maps.google.com/mapfiles/kml/shapes/square.png</href>
					</Icon>
				</IconStyle>
				<LineStyle>
					<color>ff7f55ff</color>
					<colorMode>normal</colorMode>
				</LineStyle>
				<PolyStyle>
					<color>ff7f55ff</color>
					<colorMode>normal</colorMode>
				</PolyStyle>
			</Style>
			<ExtendedData>
				<SchemaData schemaUrl="#S_dykeages2026_SSIDDDDSSSIISSIIIIIIII">
					<SimpleData name="Dyke">Atri</SimpleData>
					<SimpleData name="Craton">Bundelkhand</SimpleData>
					<SimpleData name="Trend">0</SimpleData>
					<SimpleData name="Lat__N_">24.33</SimpleData>
					<SimpleData name="Long__E__">79.284</SimpleData>
					<SimpleData name="Age">1079</SimpleData>
					<SimpleData name="Error">6</SimpleData>
					<SimpleData name="Method">Rb-Sr</SimpleData>
					<SimpleData name="Author">Das et al.</SimpleData>
					<SimpleData name="Journal">Special Publication Society of Economic Geologists</SimpleData>
					<SimpleData name="Volume">20</SimpleData>
					<SimpleData name="Year">2018</SimpleData>
					<SimpleData name="Page">201-222</SimpleData>
					<SimpleData name="doi">https://pubs.geoscienceworld.org/segweb/books/edited-volume/2178/chapter-abstract/121933153/The-Bunder-Diamond-Project-India-Geology?redirectedFrom=fulltext</SimpleData>
					<SimpleData name="unnamed">0</SimpleData>
					<SimpleData name="unnamed_2">0</SimpleData>
					<SimpleData name="unnamed_3">0</SimpleData>
					<SimpleData name="unnamed_4">0</SimpleData>
					<SimpleData name="unnamed_5">0</SimpleData>
					<SimpleData name="unnamed_6">0</SimpleData>
					<SimpleData name="unnamed_7">0</SimpleData>
					<SimpleData name="unnamed_8">0</SimpleData>
				</SchemaData>
			</ExtendedData>
			<Point>
				<coordinates>79.28399999999998,24.33,0</coordinates>
			</Point>
		</Placemark>
		<Placemark>
			<styleUrl>#pointStyleMap1</styleUrl>
			<Style id="inline">
				<IconStyle>
					<color>ff7f55ff</color>
					<colorMode>normal</colorMode>
					<Icon>
						<href>http://maps.google.com/mapfiles/kml/shapes/square.png</href>
					</Icon>
				</IconStyle>
				<LineStyle>
					<color>ff7f55ff</color>
					<colorMode>normal</colorMode>
				</LineStyle>
				<PolyStyle>
					<color>ff7f55ff</color>
					<colorMode>normal</colorMode>
				</PolyStyle>
			</Style>
			<ExtendedData>
				<SchemaData schemaUrl="#S_dykeages2026_SSIDDDDSSSIISSIIIIIIII">
					<SimpleData name="Dyke">MAJ-1</SimpleData>
					<SimpleData name="Craton">Bundelkhand</SimpleData>
					<SimpleData name="Trend">0</SimpleData>
					<SimpleData name="Lat__N_">24.643</SimpleData>
					<SimpleData name="Long__E__">80.037</SimpleData>
					<SimpleData name="Age">1073.5</SimpleData>
					<SimpleData name="Error">13.7</SimpleData>
					<SimpleData name="Method">Ar-Ar</SimpleData>
					<SimpleData name="Author">Gregory et al.</SimpleData>
					<SimpleData name="Journal">PreCam</SimpleData>
					<SimpleData name="Volume">149</SimpleData>
					<SimpleData name="Year">2006</SimpleData>
					<SimpleData name="Page">65-75</SimpleData>
					<SimpleData name="doi">https://doi.org/10.1016/j.precamres.2006.05.005</SimpleData>
					<SimpleData name="unnamed">0</SimpleData>
					<SimpleData name="unnamed_2">0</SimpleData>
					<SimpleData name="unnamed_3">0</SimpleData>
					<SimpleData name="unnamed_4">0</SimpleData>
					<SimpleData name="unnamed_5">0</SimpleData>
					<SimpleData name="unnamed_6">0</SimpleData>
					<SimpleData name="unnamed_7">0</SimpleData>
					<SimpleData name="unnamed_8">0</SimpleData>
				</SchemaData>
			</ExtendedData>
			<Point>
				<coordinates>80.03700000000003,24.64300000000001,0</coordinates>
			</Point>
		</Placemark>
		<Placemark>
			<styleUrl>#pointStyleMap1</styleUrl>
			<Style id="inline">
				<IconStyle>
					<color>ff7f55ff</color>
					<colorMode>normal</colorMode>
					<Icon>
						<href>http://maps.google.com/mapfiles/kml/shapes/square.png</href>
					</Icon>
				</IconStyle>
				<LineStyle>
					<color>ff7f55ff</color>
					<colorMode>normal</colorMode>
				</LineStyle>
				<PolyStyle>
					<color>ff7f55ff</color>
					<colorMode>normal</colorMode>
				</PolyStyle>
			</Style>
			<ExtendedData>
				<SchemaData schemaUrl="#S_dykeages2026_SSIDDDDSSSIISSIIIIIIII">
					<SimpleData name="Dyke">KBH15/14</SimpleData>
					<SimpleData name="Craton">Bastar</SimpleData>
					<SimpleData name="Trend">0</SimpleData>
					<SimpleData name="Lat__N_">20.753</SimpleData>
					<SimpleData name="Long__E__">82.372</SimpleData>
					<SimpleData name="Age">1056</SimpleData>
					<SimpleData name="Error">7</SimpleData>
					<SimpleData name="Method">Ar-Ar</SimpleData>
					<SimpleData name="Author">Sahu et al</SimpleData>
					<SimpleData name="Journal">Special Issue Journal of Geological Society of India</SimpleData>
					<SimpleData name="Volume">1</SimpleData>
					<SimpleData name="Year">2013</SimpleData>
					<SimpleData name="Page"></SimpleData>
					<SimpleData name="doi">https://link.springer.com/chapter/10.1007/978-81-322-1170-9_9</SimpleData>
					<SimpleData name="unnamed">0</SimpleData>
					<SimpleData name="unnamed_2">0</SimpleData>
					<SimpleData name="unnamed_3">0</SimpleData>
					<SimpleData name="unnamed_4">0</SimpleData>
					<SimpleData name="unnamed_5">0</SimpleData>
					<SimpleData name="unnamed_6">0</SimpleData>
					<SimpleData name="unnamed_7">0</SimpleData>
					<SimpleData name="unnamed_8">0</SimpleData>
				</SchemaData>
			</ExtendedData>
			<Point>
				<coordinates>82.37200000000003,20.75299999999999,0</coordinates>
			</Point>
		</Placemark>
		<Placemark>
			<styleUrl>#pointStyleMap1</styleUrl>
			<Style id="inline">
				<IconStyle>
					<color>ff7f55ff</color>
					<colorMode>normal</colorMode>
					<Icon>
						<href>http://maps.google.com/mapfiles/kml/shapes/square.png</href>
					</Icon>
				</IconStyle>
				<LineStyle>
					<color>ff7f55ff</color>
					<colorMode>normal</colorMode>
				</LineStyle>
				<PolyStyle>
					<color>ff7f55ff</color>
					<colorMode>normal</colorMode>
				</PolyStyle>
			</Style>
			<ExtendedData>
				<SchemaData schemaUrl="#S_dykeages2026_SSIDDDDSSSIISSIIIIIIII">
					<SimpleData name="Dyke">DM2/2C</SimpleData>
					<SimpleData name="Craton">Bastar</SimpleData>
					<SimpleData name="Trend">0</SimpleData>
					<SimpleData name="Lat__N_">20.833</SimpleData>
					<SimpleData name="Long__E__">82.642</SimpleData>
					<SimpleData name="Age">1054</SimpleData>
					<SimpleData name="Error">14</SimpleData>
					<SimpleData name="Method">Ar-Ar</SimpleData>
					<SimpleData name="Author">Sahu et al</SimpleData>
					<SimpleData name="Journal">Special Issue Journal of Geological Society of India</SimpleData>
					<SimpleData name="Volume">1</SimpleData>
					<SimpleData name="Year">2013</SimpleData>
					<SimpleData name="Page"></SimpleData>
					<SimpleData name="doi">https://link.springer.com/chapter/10.1007/978-81-322-1170-9_9</SimpleData>
					<SimpleData name="unnamed">0</SimpleData>
					<SimpleData name="unnamed_2">0</SimpleData>
					<SimpleData name="unnamed_3">0</SimpleData>
					<SimpleData name="unnamed_4">0</SimpleData>
					<SimpleData name="unnamed_5">0</SimpleData>
					<SimpleData name="unnamed_6">0</SimpleData>
					<SimpleData name="unnamed_7">0</SimpleData>
					<SimpleData name="unnamed_8">0</SimpleData>
				</SchemaData>
			</ExtendedData>
			<Point>
				<coordinates>82.642,20.83299999999999,0</coordinates>
			</Point>
		</Placemark>
		<Placemark>
			<styleUrl>#pointStyleMap1</styleUrl>
			<Style id="inline">
				<IconStyle>
					<color>ff7f55ff</color>
					<colorMode>normal</colorMode>
					<Icon>
						<href>http://maps.google.com/mapfiles/kml/shapes/square.png</href>
					</Icon>
				</IconStyle>
				<LineStyle>
					<color>ff7f55ff</color>
					<colorMode>normal</colorMode>
				</LineStyle>
				<PolyStyle>
					<color>ff7f55ff</color>
					<colorMode>normal</colorMode>
				</PolyStyle>
			</Style>
			<ExtendedData>
				<SchemaData schemaUrl="#S_dykeages2026_SSIDDDDSSSIISSIIIIIIII">
					<SimpleData name="Dyke">SR/4</SimpleData>
					<SimpleData name="Craton">Bastar</SimpleData>
					<SimpleData name="Trend">45</SimpleData>
					<SimpleData name="Lat__N_">20.989</SimpleData>
					<SimpleData name="Long__E__">82.774</SimpleData>
					<SimpleData name="Age">1045</SimpleData>
					<SimpleData name="Error">9</SimpleData>
					<SimpleData name="Method">Ar-Ar</SimpleData>
					<SimpleData name="Author">Chalapathi-Rao et al</SimpleData>
					<SimpleData name="Journal">Mineralogy &amp; petrology</SimpleData>
					<SimpleData name="Volume">110</SimpleData>
					<SimpleData name="Year">2016</SimpleData>
					<SimpleData name="Page"></SimpleData>
					<SimpleData name="doi">https://link.springer.com/article/10.1007/s00710-015-0403-5</SimpleData>
					<SimpleData name="unnamed">0</SimpleData>
					<SimpleData name="unnamed_2">0</SimpleData>
					<SimpleData name="unnamed_3">0</SimpleData>
					<SimpleData name="unnamed_4">0</SimpleData>
					<SimpleData name="unnamed_5">0</SimpleData>
					<SimpleData name="unnamed_6">0</SimpleData>
					<SimpleData name="unnamed_7">0</SimpleData>
					<SimpleData name="unnamed_8">0</SimpleData>
				</SchemaData>
			</ExtendedData>
			<Point>
				<coordinates>82.77399999999999,20.98900000000001,0</coordinates>
			</Point>
		</Placemark>
		<Placemark>
			<styleUrl>#pointStyleMap1</styleUrl>
			<Style id="inline">
				<IconStyle>
					<color>ff7f55ff</color>
					<colorMode>normal</colorMode>
					<Icon>
						<href>http://maps.google.com/mapfiles/kml/shapes/square.png</href>
					</Icon>
				</IconStyle>
				<LineStyle>
					<color>ff7f55ff</color>
					<colorMode>normal</colorMode>
				</LineStyle>
				<PolyStyle>
					<color>ff7f55ff</color>
					<colorMode>normal</colorMode>
				</PolyStyle>
			</Style>
			<ExtendedData>
				<SchemaData schemaUrl="#S_dykeages2026_SSIDDDDSSSIISSIIIIIIII">
					<SimpleData name="Dyke">M1</SimpleData>
					<SimpleData name="Craton">Dharwar</SimpleData>
					<SimpleData name="Trend">270</SimpleData>
					<SimpleData name="Lat__N_">12.363</SimpleData>
					<SimpleData name="Long__E__">76.6497</SimpleData>
					<SimpleData name="Age">820</SimpleData>
					<SimpleData name="Error">15</SimpleData>
					<SimpleData name="Method">U-Pb</SimpleData>
					<SimpleData name="Author">Raghuvanshi et al.</SimpleData>
					<SimpleData name="Journal">PreCam</SimpleData>
					<SimpleData name="Volume">399</SimpleData>
					<SimpleData name="Year">2023</SimpleData>
					<SimpleData name="Page"></SimpleData>
					<SimpleData name="doi">https://doi.org/10.1016/j.precamres.2023.107241</SimpleData>
					<SimpleData name="unnamed">0</SimpleData>
					<SimpleData name="unnamed_2">0</SimpleData>
					<SimpleData name="unnamed_3">0</SimpleData>
					<SimpleData name="unnamed_4">0</SimpleData>
					<SimpleData name="unnamed_5">0</SimpleData>
					<SimpleData name="unnamed_6">0</SimpleData>
					<SimpleData name="unnamed_7">0</SimpleData>
					<SimpleData name="unnamed_8">0</SimpleData>
				</SchemaData>
			</ExtendedData>
			<Point>
				<coordinates>76.6497,12.36300000000002,0</coordinates>
			</Point>
		</Placemark>
		<Placemark>
			<styleUrl>#pointStyleMap1</styleUrl>
			<Style id="inline">
				<IconStyle>
					<color>ff7f55ff</color>
					<colorMode>normal</colorMode>
					<Icon>
						<href>http://maps.google.com/mapfiles/kml/shapes/square.png</href>
					</Icon>
				</IconStyle>
				<LineStyle>
					<color>ff7f55ff</color>
					<colorMode>normal</colorMode>
				</LineStyle>
				<PolyStyle>
					<color>ff7f55ff</color>
					<colorMode>normal</colorMode>
				</PolyStyle>
			</Style>
			<ExtendedData>
				<SchemaData schemaUrl="#S_dykeages2026_SSIDDDDSSSIISSIIIIIIII">
					<SimpleData name="Dyke">I9-2</SimpleData>
					<SimpleData name="Craton">Malani</SimpleData>
					<SimpleData name="Trend">345</SimpleData>
					<SimpleData name="Lat__N_">25.844</SimpleData>
					<SimpleData name="Long__E__">70.951</SimpleData>
					<SimpleData name="Age">752</SimpleData>
					<SimpleData name="Error">18</SimpleData>
					<SimpleData name="Method">Pb-Pb</SimpleData>
					<SimpleData name="Author">Meert et al.</SimpleData>
					<SimpleData name="Journal">Tectonophys</SimpleData>
					<SimpleData name="Volume">608</SimpleData>
					<SimpleData name="Year">2013</SimpleData>
					<SimpleData name="Page">1254-1267</SimpleData>
					<SimpleData name="doi">http://dx.doi.org/10.1016/j.tecto.2013.06.019</SimpleData>
					<SimpleData name="unnamed">0</SimpleData>
					<SimpleData name="unnamed_2">0</SimpleData>
					<SimpleData name="unnamed_3">0</SimpleData>
					<SimpleData name="unnamed_4">0</SimpleData>
					<SimpleData name="unnamed_5">0</SimpleData>
					<SimpleData name="unnamed_6">0</SimpleData>
					<SimpleData name="unnamed_7">0</SimpleData>
					<SimpleData name="unnamed_8">0</SimpleData>
				</SchemaData>
			</ExtendedData>
			<Point>
				<coordinates>70.95099999999999,25.844,0</coordinates>
			</Point>
		</Placemark>
		<Placemark>
			<styleUrl>#pointStyleMap1</styleUrl>
			<Style id="inline">
				<IconStyle>
					<color>ff7f55ff</color>
					<colorMode>normal</colorMode>
					<Icon>
						<href>http://maps.google.com/mapfiles/kml/shapes/square.png</href>
					</Icon>
				</IconStyle>
				<LineStyle>
					<color>ff7f55ff</color>
					<colorMode>normal</colorMode>
				</LineStyle>
				<PolyStyle>
					<color>ff7f55ff</color>
					<colorMode>normal</colorMode>
				</PolyStyle>
			</Style>
			<ExtendedData>
				<SchemaData schemaUrl="#S_dykeages2026_SSIDDDDSSSIISSIIIIIIII">
					<SimpleData name="Dyke">I1929</SimpleData>
					<SimpleData name="Craton">Bundelkhand</SimpleData>
					<SimpleData name="Trend">330</SimpleData>
					<SimpleData name="Lat__N_">25.336</SimpleData>
					<SimpleData name="Long__E__">78.626</SimpleData>
					<SimpleData name="Age">740</SimpleData>
					<SimpleData name="Error">21</SimpleData>
					<SimpleData name="Method">Pb-Pb</SimpleData>
					<SimpleData name="Author">Bristol et al</SimpleData>
					<SimpleData name="Journal">Geophys. J. Int.</SimpleData>
					<SimpleData name="Volume">241</SimpleData>
					<SimpleData name="Year">2025</SimpleData>
					<SimpleData name="Page"></SimpleData>
					<SimpleData name="doi">https://academic.oup.com/gji/article/241/1/291/7985764</SimpleData>
					<SimpleData name="unnamed">0</SimpleData>
					<SimpleData name="unnamed_2">0</SimpleData>
					<SimpleData name="unnamed_3">0</SimpleData>
					<SimpleData name="unnamed_4">0</SimpleData>
					<SimpleData name="unnamed_5">0</SimpleData>
					<SimpleData name="unnamed_6">0</SimpleData>
					<SimpleData name="unnamed_7">0</SimpleData>
					<SimpleData name="unnamed_8">0</SimpleData>
				</SchemaData>
			</ExtendedData>
			<Point>
				<coordinates>78.62599999999999,25.33599999999999,0</coordinates>
			</Point>
		</Placemark>
		<Placemark>
			<styleUrl>#pointStyleMap1</styleUrl>
			<Style id="inline">
				<IconStyle>
					<color>ff7f55ff</color>
					<colorMode>normal</colorMode>
					<Icon>
						<href>http://maps.google.com/mapfiles/kml/shapes/square.png</href>
					</Icon>
				</IconStyle>
				<LineStyle>
					<color>ff7f55ff</color>
					<colorMode>normal</colorMode>
				</LineStyle>
				<PolyStyle>
					<color>ff7f55ff</color>
					<colorMode>normal</colorMode>
				</PolyStyle>
			</Style>
			<ExtendedData>
				<SchemaData schemaUrl="#S_dykeages2026_SSIDDDDSSSIISSIIIIIIII">
					<SimpleData name="Dyke">I1510</SimpleData>
					<SimpleData name="Craton">Dharwar</SimpleData>
					<SimpleData name="Trend">120</SimpleData>
					<SimpleData name="Lat__N_">12.171</SimpleData>
					<SimpleData name="Long__E__">78.942</SimpleData>
					<SimpleData name="Age">527.5</SimpleData>
					<SimpleData name="Error">2.6</SimpleData>
					<SimpleData name="Method">U-Pb</SimpleData>
					<SimpleData name="Author">Pivarunas et al</SimpleData>
					<SimpleData name="Journal">Tectonophys</SimpleData>
					<SimpleData name="Volume">760</SimpleData>
					<SimpleData name="Year">2019</SimpleData>
					<SimpleData name="Page">22-Apr</SimpleData>
					<SimpleData name="doi">https://doi.org/10.1016/j.tecto.2018.01.024</SimpleData>
					<SimpleData name="unnamed">0</SimpleData>
					<SimpleData name="unnamed_2">0</SimpleData>
					<SimpleData name="unnamed_3">0</SimpleData>
					<SimpleData name="unnamed_4">0</SimpleData>
					<SimpleData name="unnamed_5">0</SimpleData>
					<SimpleData name="unnamed_6">0</SimpleData>
					<SimpleData name="unnamed_7">0</SimpleData>
					<SimpleData name="unnamed_8">0</SimpleData>
				</SchemaData>
			</ExtendedData>
			<Point>
				<coordinates>78.94200000000002,12.171,0</coordinates>
			</Point>
		</Placemark>
	</Folder>
</Document>
</kml>
