<?xml version="1.0" encoding="UTF-8"?>
<kml xmlns="http://www.opengis.net/kml/2.2" xmlns:gx="http://www.google.com/kml/ext/2.2" xmlns:kml="http://www.opengis.net/kml/2.2" xmlns:atom="http://www.w3.org/2005/Atom">
<Document>
	<name>pmagsitesupdated.csv</name>
	<atom:link rel="app" href="https://www.google.com/earth/about/versions/#earth-pro" title="Google Earth Pro 7.3.6.10441"></atom:link>
	<Schema name="pmagsitesupdated" id="S_pmagsitesupdated_SSSSSS">
		<SimpleField type="string" name="Lat"><displayName>&lt;b&gt;Lat&lt;/b&gt;</displayName>
</SimpleField>
		<SimpleField type="string" name="Long"><displayName>&lt;b&gt;Long&lt;/b&gt;</displayName>
</SimpleField>
		<SimpleField type="string" name="Dec"><displayName>&lt;b&gt;Dec&lt;/b&gt;</displayName>
</SimpleField>
		<SimpleField type="string" name="Inc"><displayName>&lt;b&gt;Inc&lt;/b&gt;</displayName>
</SimpleField>
		<SimpleField type="string" name="Age"><displayName>&lt;b&gt;Age&lt;/b&gt;</displayName>
</SimpleField>
		<SimpleField type="string" name="Reference"><displayName>&lt;b&gt;Reference&lt;/b&gt;</displayName>
</SimpleField>
	</Schema>
	<Style id="hlightPointStyle0">
		<IconStyle>
			<Icon>
				<href>http://maps.google.com/mapfiles/kml/shapes/placemark_circle_highlight.png</href>
			</Icon>
		</IconStyle>
		<BalloonStyle>
			<text><![CDATA[<table border="0">
  <tr><td><b>Lat</b></td><td>$[pmagsitesupdated/Lat]</td></tr>
  <tr><td><b>Long</b></td><td>$[pmagsitesupdated/Long]</td></tr>
  <tr><td><b>Dec</b></td><td>$[pmagsitesupdated/Dec]</td></tr>
  <tr><td><b>Inc</b></td><td>$[pmagsitesupdated/Inc]</td></tr>
  <tr><td><b>Age</b></td><td>$[pmagsitesupdated/Age]</td></tr>
  <tr><td><b>Reference</b></td><td>$[pmagsitesupdated/Reference]</td></tr>
</table>]]></text>
		</BalloonStyle>
	</Style>
	<Style id="normPointStyle0">
		<IconStyle>
			<Icon>
				<href>http://maps.google.com/mapfiles/kml/shapes/placemark_circle.png</href>
			</Icon>
		</IconStyle>
		<BalloonStyle>
			<text><![CDATA[<table border="0">
  <tr><td><b>Lat</b></td><td>$[pmagsitesupdated/Lat]</td></tr>
  <tr><td><b>Long</b></td><td>$[pmagsitesupdated/Long]</td></tr>
  <tr><td><b>Dec</b></td><td>$[pmagsitesupdated/Dec]</td></tr>
  <tr><td><b>Inc</b></td><td>$[pmagsitesupdated/Inc]</td></tr>
  <tr><td><b>Age</b></td><td>$[pmagsitesupdated/Age]</td></tr>
  <tr><td><b>Reference</b></td><td>$[pmagsitesupdated/Reference]</td></tr>
</table>]]></text>
		</BalloonStyle>
	</Style>
	<StyleMap id="pointStyleMap0">
		<Pair>
			<key>normal</key>
			<styleUrl>#normPointStyle0</styleUrl>
		</Pair>
		<Pair>
			<key>highlight</key>
			<styleUrl>#hlightPointStyle0</styleUrl>
		</Pair>
	</StyleMap>
	<Folder id="layer 0">
		<name>pmagsitesupdated</name>
		<Placemark>
			<styleUrl>#pointStyleMap0</styleUrl>
			<Style id="inline">
				<IconStyle>
					<color>ff0055ff</color>
					<colorMode>normal</colorMode>
					<Icon>
						<href>http://maps.google.com/mapfiles/kml/shapes/placemark_square.png</href>
					</Icon>
				</IconStyle>
				<LineStyle>
					<color>ff0055ff</color>
					<colorMode>normal</colorMode>
				</LineStyle>
				<PolyStyle>
					<color>ff0055ff</color>
					<colorMode>normal</colorMode>
				</PolyStyle>
			</Style>
			<ExtendedData>
				<SchemaData schemaUrl="#S_pmagsitesupdated_SSSSSS">
					<SimpleData name="Lat">21.401°</SimpleData>
					<SimpleData name="Long">85.885°</SimpleData>
					<SimpleData name="Dec">187°</SimpleData>
					<SimpleData name="Inc">85°</SimpleData>
					<SimpleData name="Age">2.762</SimpleData>
					<SimpleData name="Reference">Kumar et al., 2017</SimpleData>
				</SchemaData>
			</ExtendedData>
			<Point>
				<coordinates>85.88499999999998,21.401,0</coordinates>
			</Point>
		</Placemark>
		<Placemark>
			<styleUrl>#pointStyleMap0</styleUrl>
			<Style id="inline">
				<IconStyle>
					<color>ff0055ff</color>
					<colorMode>normal</colorMode>
					<Icon>
						<href>http://maps.google.com/mapfiles/kml/shapes/placemark_square.png</href>
					</Icon>
				</IconStyle>
				<LineStyle>
					<color>ff0055ff</color>
					<colorMode>normal</colorMode>
				</LineStyle>
				<PolyStyle>
					<color>ff0055ff</color>
					<colorMode>normal</colorMode>
				</PolyStyle>
			</Style>
			<ExtendedData>
				<SchemaData schemaUrl="#S_pmagsitesupdated_SSSSSS">
					<SimpleData name="Lat">21.483°</SimpleData>
					<SimpleData name="Long">85.932°</SimpleData>
					<SimpleData name="Dec">187°</SimpleData>
					<SimpleData name="Inc">72°</SimpleData>
					<SimpleData name="Age">2.762</SimpleData>
					<SimpleData name="Reference">Kumar et al., 2017</SimpleData>
				</SchemaData>
			</ExtendedData>
			<Point>
				<coordinates>85.932,21.48300000000001,0</coordinates>
			</Point>
		</Placemark>
		<Placemark>
			<styleUrl>#pointStyleMap0</styleUrl>
			<Style id="inline">
				<IconStyle>
					<color>ff0055ff</color>
					<colorMode>normal</colorMode>
					<Icon>
						<href>http://maps.google.com/mapfiles/kml/shapes/placemark_square.png</href>
					</Icon>
				</IconStyle>
				<LineStyle>
					<color>ff0055ff</color>
					<colorMode>normal</colorMode>
				</LineStyle>
				<PolyStyle>
					<color>ff0055ff</color>
					<colorMode>normal</colorMode>
				</PolyStyle>
			</Style>
			<ExtendedData>
				<SchemaData schemaUrl="#S_pmagsitesupdated_SSSSSS">
					<SimpleData name="Lat">21.582°</SimpleData>
					<SimpleData name="Long">85.971°</SimpleData>
					<SimpleData name="Dec">201°</SimpleData>
					<SimpleData name="Inc">78°</SimpleData>
					<SimpleData name="Age">2.762</SimpleData>
					<SimpleData name="Reference">Kumar et al., 2017</SimpleData>
				</SchemaData>
			</ExtendedData>
			<Point>
				<coordinates>85.97099999999999,21.58199999999998,0</coordinates>
			</Point>
		</Placemark>
		<Placemark>
			<styleUrl>#pointStyleMap0</styleUrl>
			<Style id="inline">
				<IconStyle>
					<color>ff0055ff</color>
					<colorMode>normal</colorMode>
					<Icon>
						<href>http://maps.google.com/mapfiles/kml/shapes/placemark_square.png</href>
					</Icon>
				</IconStyle>
				<LineStyle>
					<color>ff0055ff</color>
					<colorMode>normal</colorMode>
				</LineStyle>
				<PolyStyle>
					<color>ff0055ff</color>
					<colorMode>normal</colorMode>
				</PolyStyle>
			</Style>
			<ExtendedData>
				<SchemaData schemaUrl="#S_pmagsitesupdated_SSSSSS">
					<SimpleData name="Lat">21.573°</SimpleData>
					<SimpleData name="Long">85.994°</SimpleData>
					<SimpleData name="Dec">318°</SimpleData>
					<SimpleData name="Inc">85°</SimpleData>
					<SimpleData name="Age">2.762</SimpleData>
					<SimpleData name="Reference">Kumar et al., 2017</SimpleData>
				</SchemaData>
			</ExtendedData>
			<Point>
				<coordinates>85.99400000000001,21.573,0</coordinates>
			</Point>
		</Placemark>
		<Placemark>
			<styleUrl>#pointStyleMap0</styleUrl>
			<Style id="inline">
				<IconStyle>
					<color>ff0055ff</color>
					<colorMode>normal</colorMode>
					<Icon>
						<href>http://maps.google.com/mapfiles/kml/shapes/placemark_square.png</href>
					</Icon>
				</IconStyle>
				<LineStyle>
					<color>ff0055ff</color>
					<colorMode>normal</colorMode>
				</LineStyle>
				<PolyStyle>
					<color>ff0055ff</color>
					<colorMode>normal</colorMode>
				</PolyStyle>
			</Style>
			<ExtendedData>
				<SchemaData schemaUrl="#S_pmagsitesupdated_SSSSSS">
					<SimpleData name="Lat">21.577°</SimpleData>
					<SimpleData name="Long">85.989°</SimpleData>
					<SimpleData name="Dec">264°</SimpleData>
					<SimpleData name="Inc">85°</SimpleData>
					<SimpleData name="Age">2.762</SimpleData>
					<SimpleData name="Reference">Kumar et al., 2017</SimpleData>
				</SchemaData>
			</ExtendedData>
			<Point>
				<coordinates>85.98900000000002,21.57699999999999,0</coordinates>
			</Point>
		</Placemark>
		<Placemark>
			<styleUrl>#pointStyleMap0</styleUrl>
			<Style id="inline">
				<IconStyle>
					<color>ff0055ff</color>
					<colorMode>normal</colorMode>
					<Icon>
						<href>http://maps.google.com/mapfiles/kml/shapes/placemark_square.png</href>
					</Icon>
				</IconStyle>
				<LineStyle>
					<color>ff0055ff</color>
					<colorMode>normal</colorMode>
				</LineStyle>
				<PolyStyle>
					<color>ff0055ff</color>
					<colorMode>normal</colorMode>
				</PolyStyle>
			</Style>
			<ExtendedData>
				<SchemaData schemaUrl="#S_pmagsitesupdated_SSSSSS">
					<SimpleData name="Lat">21.579°</SimpleData>
					<SimpleData name="Long">85.975°</SimpleData>
					<SimpleData name="Dec">191°</SimpleData>
					<SimpleData name="Inc">83°</SimpleData>
					<SimpleData name="Age">2.762</SimpleData>
					<SimpleData name="Reference">Kumar et al., 2017</SimpleData>
				</SchemaData>
			</ExtendedData>
			<Point>
				<coordinates>85.97500000000001,21.579,0</coordinates>
			</Point>
		</Placemark>
		<Placemark>
			<styleUrl>#pointStyleMap0</styleUrl>
			<Style id="inline">
				<IconStyle>
					<color>ff0055ff</color>
					<colorMode>normal</colorMode>
					<Icon>
						<href>http://maps.google.com/mapfiles/kml/shapes/placemark_square.png</href>
					</Icon>
				</IconStyle>
				<LineStyle>
					<color>ff0055ff</color>
					<colorMode>normal</colorMode>
				</LineStyle>
				<PolyStyle>
					<color>ff0055ff</color>
					<colorMode>normal</colorMode>
				</PolyStyle>
			</Style>
			<ExtendedData>
				<SchemaData schemaUrl="#S_pmagsitesupdated_SSSSSS">
					<SimpleData name="Lat">21.615°</SimpleData>
					<SimpleData name="Long">85.762°</SimpleData>
					<SimpleData name="Dec">200°</SimpleData>
					<SimpleData name="Inc">68°</SimpleData>
					<SimpleData name="Age">2.762</SimpleData>
					<SimpleData name="Reference">Kumar et al., 2017</SimpleData>
				</SchemaData>
			</ExtendedData>
			<Point>
				<coordinates>85.76200000000001,21.615,0</coordinates>
			</Point>
		</Placemark>
		<Placemark>
			<styleUrl>#pointStyleMap0</styleUrl>
			<Style id="inline">
				<IconStyle>
					<color>ff0055ff</color>
					<colorMode>normal</colorMode>
					<Icon>
						<href>http://maps.google.com/mapfiles/kml/shapes/placemark_square.png</href>
					</Icon>
				</IconStyle>
				<LineStyle>
					<color>ff0055ff</color>
					<colorMode>normal</colorMode>
				</LineStyle>
				<PolyStyle>
					<color>ff0055ff</color>
					<colorMode>normal</colorMode>
				</PolyStyle>
			</Style>
			<ExtendedData>
				<SchemaData schemaUrl="#S_pmagsitesupdated_SSSSSS">
					<SimpleData name="Lat">22.146°</SimpleData>
					<SimpleData name="Long">86.235°</SimpleData>
					<SimpleData name="Dec">287°</SimpleData>
					<SimpleData name="Inc">82°</SimpleData>
					<SimpleData name="Age">2.762</SimpleData>
					<SimpleData name="Reference">Kumar et al., 2017</SimpleData>
				</SchemaData>
			</ExtendedData>
			<Point>
				<coordinates>86.235,22.146,0</coordinates>
			</Point>
		</Placemark>
		<Placemark>
			<styleUrl>#pointStyleMap0</styleUrl>
			<Style id="inline">
				<IconStyle>
					<color>ff0055ff</color>
					<colorMode>normal</colorMode>
					<Icon>
						<href>http://maps.google.com/mapfiles/kml/shapes/placemark_square.png</href>
					</Icon>
				</IconStyle>
				<LineStyle>
					<color>ff0055ff</color>
					<colorMode>normal</colorMode>
				</LineStyle>
				<PolyStyle>
					<color>ff0055ff</color>
					<colorMode>normal</colorMode>
				</PolyStyle>
			</Style>
			<ExtendedData>
				<SchemaData schemaUrl="#S_pmagsitesupdated_SSSSSS">
					<SimpleData name="Lat">22.225°</SimpleData>
					<SimpleData name="Long">86.079°</SimpleData>
					<SimpleData name="Dec">255°</SimpleData>
					<SimpleData name="Inc">86°</SimpleData>
					<SimpleData name="Age">2.762</SimpleData>
					<SimpleData name="Reference">Kumar et al., 2017</SimpleData>
				</SchemaData>
			</ExtendedData>
			<Point>
				<coordinates>86.07900000000001,22.225,0</coordinates>
			</Point>
		</Placemark>
		<Placemark>
			<styleUrl>#pointStyleMap0</styleUrl>
			<Style id="inline">
				<IconStyle>
					<color>ff0055ff</color>
					<colorMode>normal</colorMode>
					<Icon>
						<href>http://maps.google.com/mapfiles/kml/shapes/placemark_square.png</href>
					</Icon>
				</IconStyle>
				<LineStyle>
					<color>ff0055ff</color>
					<colorMode>normal</colorMode>
				</LineStyle>
				<PolyStyle>
					<color>ff0055ff</color>
					<colorMode>normal</colorMode>
				</PolyStyle>
			</Style>
			<ExtendedData>
				<SchemaData schemaUrl="#S_pmagsitesupdated_SSSSSS">
					<SimpleData name="Lat">21.534°</SimpleData>
					<SimpleData name="Long">85.806°</SimpleData>
					<SimpleData name="Dec">146°</SimpleData>
					<SimpleData name="Inc">-84°</SimpleData>
					<SimpleData name="Age">2.762</SimpleData>
					<SimpleData name="Reference">Kumar et al., 2017</SimpleData>
				</SchemaData>
			</ExtendedData>
			<Point>
				<coordinates>85.80599999999998,21.53399999999998,0</coordinates>
			</Point>
		</Placemark>
		<Placemark>
			<styleUrl>#pointStyleMap0</styleUrl>
			<Style id="inline">
				<IconStyle>
					<color>ff0055ff</color>
					<colorMode>normal</colorMode>
					<Icon>
						<href>http://maps.google.com/mapfiles/kml/shapes/placemark_square.png</href>
					</Icon>
				</IconStyle>
				<LineStyle>
					<color>ff0055ff</color>
					<colorMode>normal</colorMode>
				</LineStyle>
				<PolyStyle>
					<color>ff0055ff</color>
					<colorMode>normal</colorMode>
				</PolyStyle>
			</Style>
			<ExtendedData>
				<SchemaData schemaUrl="#S_pmagsitesupdated_SSSSSS">
					<SimpleData name="Lat">21.664°</SimpleData>
					<SimpleData name="Long">85.874°</SimpleData>
					<SimpleData name="Dec">113°</SimpleData>
					<SimpleData name="Inc">-65°</SimpleData>
					<SimpleData name="Age">2.762</SimpleData>
					<SimpleData name="Reference">Kumar et al., 2017</SimpleData>
				</SchemaData>
			</ExtendedData>
			<Point>
				<coordinates>85.87400000000002,21.664,0</coordinates>
			</Point>
		</Placemark>
		<Placemark>
			<styleUrl>#pointStyleMap0</styleUrl>
			<Style id="inline">
				<IconStyle>
					<color>ff0055ff</color>
					<colorMode>normal</colorMode>
					<Icon>
						<href>http://maps.google.com/mapfiles/kml/shapes/placemark_square.png</href>
					</Icon>
				</IconStyle>
				<LineStyle>
					<color>ff0055ff</color>
					<colorMode>normal</colorMode>
				</LineStyle>
				<PolyStyle>
					<color>ff0055ff</color>
					<colorMode>normal</colorMode>
				</PolyStyle>
			</Style>
			<ExtendedData>
				<SchemaData schemaUrl="#S_pmagsitesupdated_SSSSSS">
					<SimpleData name="Lat">21.864°</SimpleData>
					<SimpleData name="Long">85.854°</SimpleData>
					<SimpleData name="Dec">11°</SimpleData>
					<SimpleData name="Inc">-69°</SimpleData>
					<SimpleData name="Age">2.762</SimpleData>
					<SimpleData name="Reference">Kumar et al., 2017</SimpleData>
				</SchemaData>
			</ExtendedData>
			<Point>
				<coordinates>85.85399999999997,21.86399999999999,0</coordinates>
			</Point>
		</Placemark>
		<Placemark>
			<styleUrl>#pointStyleMap0</styleUrl>
			<Style id="inline">
				<IconStyle>
					<color>ff0055ff</color>
					<colorMode>normal</colorMode>
					<Icon>
						<href>http://maps.google.com/mapfiles/kml/shapes/placemark_square.png</href>
					</Icon>
				</IconStyle>
				<LineStyle>
					<color>ff0055ff</color>
					<colorMode>normal</colorMode>
				</LineStyle>
				<PolyStyle>
					<color>ff0055ff</color>
					<colorMode>normal</colorMode>
				</PolyStyle>
			</Style>
			<ExtendedData>
				<SchemaData schemaUrl="#S_pmagsitesupdated_SSSSSS">
					<SimpleData name="Lat">22.2°</SimpleData>
					<SimpleData name="Long">86.4°</SimpleData>
					<SimpleData name="Dec">23°</SimpleData>
					<SimpleData name="Inc">82°</SimpleData>
					<SimpleData name="Age">2.762</SimpleData>
					<SimpleData name="Reference">Verma and Prasad,1974</SimpleData>
				</SchemaData>
			</ExtendedData>
			<Point>
				<coordinates>86.39999999999999,22.19999999999999,0</coordinates>
			</Point>
		</Placemark>
		<Placemark>
			<styleUrl>#pointStyleMap0</styleUrl>
			<Style id="inline">
				<IconStyle>
					<color>ff0055ff</color>
					<colorMode>normal</colorMode>
					<Icon>
						<href>http://maps.google.com/mapfiles/kml/shapes/placemark_square.png</href>
					</Icon>
				</IconStyle>
				<LineStyle>
					<color>ff0055ff</color>
					<colorMode>normal</colorMode>
				</LineStyle>
				<PolyStyle>
					<color>ff0055ff</color>
					<colorMode>normal</colorMode>
				</PolyStyle>
			</Style>
			<ExtendedData>
				<SchemaData schemaUrl="#S_pmagsitesupdated_SSSSSS">
					<SimpleData name="Lat">22.5°</SimpleData>
					<SimpleData name="Long">85.4°</SimpleData>
					<SimpleData name="Dec">92°</SimpleData>
					<SimpleData name="Inc">86°</SimpleData>
					<SimpleData name="Age">2.762</SimpleData>
					<SimpleData name="Reference">Verma and Prasad,1974</SimpleData>
				</SchemaData>
			</ExtendedData>
			<Point>
				<coordinates>85.39999999999996,22.5,0</coordinates>
			</Point>
		</Placemark>
		<Placemark>
			<styleUrl>#pointStyleMap0</styleUrl>
			<Style id="inline">
				<IconStyle>
					<color>ff0055ff</color>
					<colorMode>normal</colorMode>
					<Icon>
						<href>http://maps.google.com/mapfiles/kml/shapes/placemark_square.png</href>
					</Icon>
				</IconStyle>
				<LineStyle>
					<color>ff0055ff</color>
					<colorMode>normal</colorMode>
				</LineStyle>
				<PolyStyle>
					<color>ff0055ff</color>
					<colorMode>normal</colorMode>
				</PolyStyle>
			</Style>
			<ExtendedData>
				<SchemaData schemaUrl="#S_pmagsitesupdated_SSSSSS">
					<SimpleData name="Lat">21.513°</SimpleData>
					<SimpleData name="Long">85.861°</SimpleData>
					<SimpleData name="Dec">284.8°</SimpleData>
					<SimpleData name="Inc">72.5°</SimpleData>
					<SimpleData name="Age">2.762</SimpleData>
					<SimpleData name="Reference">Pivarunas et al., 2021</SimpleData>
				</SchemaData>
			</ExtendedData>
			<Point>
				<coordinates>85.86099999999999,21.51300000000001,0</coordinates>
			</Point>
		</Placemark>
		<Placemark>
			<styleUrl>#pointStyleMap0</styleUrl>
			<Style id="inline">
				<IconStyle>
					<color>ff0055ff</color>
					<colorMode>normal</colorMode>
					<Icon>
						<href>http://maps.google.com/mapfiles/kml/shapes/placemark_square.png</href>
					</Icon>
				</IconStyle>
				<LineStyle>
					<color>ff0055ff</color>
					<colorMode>normal</colorMode>
				</LineStyle>
				<PolyStyle>
					<color>ff0055ff</color>
					<colorMode>normal</colorMode>
				</PolyStyle>
			</Style>
			<ExtendedData>
				<SchemaData schemaUrl="#S_pmagsitesupdated_SSSSSS">
					<SimpleData name="Lat">21.568°</SimpleData>
					<SimpleData name="Long">85.651°</SimpleData>
					<SimpleData name="Dec">228.8°</SimpleData>
					<SimpleData name="Inc">68.3°</SimpleData>
					<SimpleData name="Age">2.762</SimpleData>
					<SimpleData name="Reference">Pivarunas et al., 2021</SimpleData>
				</SchemaData>
			</ExtendedData>
			<Point>
				<coordinates>85.65100000000001,21.56800000000001,0</coordinates>
			</Point>
		</Placemark>
		<Placemark>
			<styleUrl>#pointStyleMap0</styleUrl>
			<Style id="inline">
				<IconStyle>
					<color>ff0055ff</color>
					<colorMode>normal</colorMode>
					<Icon>
						<href>http://maps.google.com/mapfiles/kml/shapes/placemark_square.png</href>
					</Icon>
				</IconStyle>
				<LineStyle>
					<color>ff0055ff</color>
					<colorMode>normal</colorMode>
				</LineStyle>
				<PolyStyle>
					<color>ff0055ff</color>
					<colorMode>normal</colorMode>
				</PolyStyle>
			</Style>
			<ExtendedData>
				<SchemaData schemaUrl="#S_pmagsitesupdated_SSSSSS">
					<SimpleData name="Lat">21.592°</SimpleData>
					<SimpleData name="Long">85.725°</SimpleData>
					<SimpleData name="Dec">326.6°</SimpleData>
					<SimpleData name="Inc">-81.3°</SimpleData>
					<SimpleData name="Age">2.762</SimpleData>
					<SimpleData name="Reference">Pivarunas et al., 2021</SimpleData>
				</SchemaData>
			</ExtendedData>
			<Point>
				<coordinates>85.72500000000001,21.59199999999997,0</coordinates>
			</Point>
		</Placemark>
		<Placemark>
			<styleUrl>#pointStyleMap0</styleUrl>
			<Style id="inline">
				<IconStyle>
					<color>ff0055ff</color>
					<colorMode>normal</colorMode>
					<Icon>
						<href>http://maps.google.com/mapfiles/kml/shapes/placemark_square.png</href>
					</Icon>
				</IconStyle>
				<LineStyle>
					<color>ff0055ff</color>
					<colorMode>normal</colorMode>
				</LineStyle>
				<PolyStyle>
					<color>ff0055ff</color>
					<colorMode>normal</colorMode>
				</PolyStyle>
			</Style>
			<ExtendedData>
				<SchemaData schemaUrl="#S_pmagsitesupdated_SSSSSS">
					<SimpleData name="Lat">21.554°</SimpleData>
					<SimpleData name="Long">86.017°</SimpleData>
					<SimpleData name="Dec">141°</SimpleData>
					<SimpleData name="Inc">84.1°</SimpleData>
					<SimpleData name="Age">2.762</SimpleData>
					<SimpleData name="Reference">Pivarunas et al., 2021</SimpleData>
				</SchemaData>
			</ExtendedData>
			<Point>
				<coordinates>86.01700000000001,21.554,0</coordinates>
			</Point>
		</Placemark>
		<Placemark>
			<styleUrl>#pointStyleMap0</styleUrl>
			<Style id="inline">
				<IconStyle>
					<color>ff0055ff</color>
					<colorMode>normal</colorMode>
					<Icon>
						<href>http://maps.google.com/mapfiles/kml/shapes/placemark_square.png</href>
					</Icon>
				</IconStyle>
				<LineStyle>
					<color>ff0055ff</color>
					<colorMode>normal</colorMode>
				</LineStyle>
				<PolyStyle>
					<color>ff0055ff</color>
					<colorMode>normal</colorMode>
				</PolyStyle>
			</Style>
			<ExtendedData>
				<SchemaData schemaUrl="#S_pmagsitesupdated_SSSSSS">
					<SimpleData name="Lat">22.383°</SimpleData>
					<SimpleData name="Long">86.08°</SimpleData>
					<SimpleData name="Dec">230°</SimpleData>
					<SimpleData name="Inc">78.2°</SimpleData>
					<SimpleData name="Age">2.762</SimpleData>
					<SimpleData name="Reference">Pivarunas et al., 2021</SimpleData>
				</SchemaData>
			</ExtendedData>
			<Point>
				<coordinates>86.07999999999998,22.38299999999999,0</coordinates>
			</Point>
		</Placemark>
		<Placemark>
			<styleUrl>#pointStyleMap0</styleUrl>
			<Style id="inline">
				<IconStyle>
					<color>ff0055ff</color>
					<colorMode>normal</colorMode>
					<Icon>
						<href>http://maps.google.com/mapfiles/kml/shapes/placemark_square.png</href>
					</Icon>
				</IconStyle>
				<LineStyle>
					<color>ff0055ff</color>
					<colorMode>normal</colorMode>
				</LineStyle>
				<PolyStyle>
					<color>ff0055ff</color>
					<colorMode>normal</colorMode>
				</PolyStyle>
			</Style>
			<ExtendedData>
				<SchemaData schemaUrl="#S_pmagsitesupdated_SSSSSS">
					<SimpleData name="Lat">21.684°</SimpleData>
					<SimpleData name="Long">85.854°</SimpleData>
					<SimpleData name="Dec">11.7°</SimpleData>
					<SimpleData name="Inc">-67°</SimpleData>
					<SimpleData name="Age">2.762</SimpleData>
					<SimpleData name="Reference">Pivarunas et al., 2021</SimpleData>
				</SchemaData>
			</ExtendedData>
			<Point>
				<coordinates>85.85399999999997,21.68400000000001,0</coordinates>
			</Point>
		</Placemark>
		<Placemark>
			<styleUrl>#pointStyleMap0</styleUrl>
			<Style id="inline">
				<IconStyle>
					<color>ff0055ff</color>
					<colorMode>normal</colorMode>
					<Icon>
						<href>http://maps.google.com/mapfiles/kml/shapes/placemark_square.png</href>
					</Icon>
				</IconStyle>
				<LineStyle>
					<color>ff0055ff</color>
					<colorMode>normal</colorMode>
				</LineStyle>
				<PolyStyle>
					<color>ff0055ff</color>
					<colorMode>normal</colorMode>
				</PolyStyle>
			</Style>
			<ExtendedData>
				<SchemaData schemaUrl="#S_pmagsitesupdated_SSSSSS">
					<SimpleData name="Lat">21.683°</SimpleData>
					<SimpleData name="Long">85.85°</SimpleData>
					<SimpleData name="Dec">192°</SimpleData>
					<SimpleData name="Inc">67°</SimpleData>
					<SimpleData name="Age">2.762</SimpleData>
					<SimpleData name="Reference">Pivarunas et al., 2021</SimpleData>
				</SchemaData>
			</ExtendedData>
			<Point>
				<coordinates>85.85000000000004,21.683,0</coordinates>
			</Point>
		</Placemark>
		<Placemark>
			<styleUrl>#pointStyleMap0</styleUrl>
			<Style id="inline">
				<IconStyle>
					<color>ff0055ff</color>
					<colorMode>normal</colorMode>
					<Icon>
						<href>http://maps.google.com/mapfiles/kml/shapes/placemark_square.png</href>
					</Icon>
				</IconStyle>
				<LineStyle>
					<color>ff0055ff</color>
					<colorMode>normal</colorMode>
				</LineStyle>
				<PolyStyle>
					<color>ff0055ff</color>
					<colorMode>normal</colorMode>
				</PolyStyle>
			</Style>
			<ExtendedData>
				<SchemaData schemaUrl="#S_pmagsitesupdated_SSSSSS">
					<SimpleData name="Lat">21.598°</SimpleData>
					<SimpleData name="Long">85.893°</SimpleData>
					<SimpleData name="Dec">324.5°</SimpleData>
					<SimpleData name="Inc">-77.8°</SimpleData>
					<SimpleData name="Age">2.762</SimpleData>
					<SimpleData name="Reference">Pivarunas et al., 2021</SimpleData>
				</SchemaData>
			</ExtendedData>
			<Point>
				<coordinates>85.89300000000003,21.59800000000001,0</coordinates>
			</Point>
		</Placemark>
		<Placemark>
			<styleUrl>#pointStyleMap0</styleUrl>
			<Style id="inline">
				<IconStyle>
					<color>ff0055ff</color>
					<colorMode>normal</colorMode>
					<Icon>
						<href>http://maps.google.com/mapfiles/kml/shapes/placemark_square.png</href>
					</Icon>
				</IconStyle>
				<LineStyle>
					<color>ff0055ff</color>
					<colorMode>normal</colorMode>
				</LineStyle>
				<PolyStyle>
					<color>ff0055ff</color>
					<colorMode>normal</colorMode>
				</PolyStyle>
			</Style>
			<ExtendedData>
				<SchemaData schemaUrl="#S_pmagsitesupdated_SSSSSS">
					<SimpleData name="Lat">21.368°</SimpleData>
					<SimpleData name="Long">85.98°</SimpleData>
					<SimpleData name="Dec">203.9°</SimpleData>
					<SimpleData name="Inc">70.8°</SimpleData>
					<SimpleData name="Age">2.762</SimpleData>
					<SimpleData name="Reference">Pivarunas et al., 2021</SimpleData>
				</SchemaData>
			</ExtendedData>
			<Point>
				<coordinates>85.98,21.36799999999998,0</coordinates>
			</Point>
		</Placemark>
		<Placemark>
			<styleUrl>#pointStyleMap0</styleUrl>
			<Style id="inline">
				<IconStyle>
					<color>ff0055ff</color>
					<colorMode>normal</colorMode>
					<Icon>
						<href>http://maps.google.com/mapfiles/kml/shapes/placemark_square.png</href>
					</Icon>
				</IconStyle>
				<LineStyle>
					<color>ff0055ff</color>
					<colorMode>normal</colorMode>
				</LineStyle>
				<PolyStyle>
					<color>ff0055ff</color>
					<colorMode>normal</colorMode>
				</PolyStyle>
			</Style>
			<ExtendedData>
				<SchemaData schemaUrl="#S_pmagsitesupdated_SSSSSS">
					<SimpleData name="Lat">21.364°</SimpleData>
					<SimpleData name="Long">85.986°</SimpleData>
					<SimpleData name="Dec">91.9°</SimpleData>
					<SimpleData name="Inc">86.2°</SimpleData>
					<SimpleData name="Age">2.762</SimpleData>
					<SimpleData name="Reference">Pivarunas et al., 2021</SimpleData>
				</SchemaData>
			</ExtendedData>
			<Point>
				<coordinates>85.986,21.36399999999999,0</coordinates>
			</Point>
		</Placemark>
		<Placemark>
			<styleUrl>#pointStyleMap0</styleUrl>
			<Style id="inline">
				<IconStyle>
					<color>ff0055ff</color>
					<colorMode>normal</colorMode>
					<Icon>
						<href>http://maps.google.com/mapfiles/kml/shapes/placemark_square.png</href>
					</Icon>
				</IconStyle>
				<LineStyle>
					<color>ff0055ff</color>
					<colorMode>normal</colorMode>
				</LineStyle>
				<PolyStyle>
					<color>ff0055ff</color>
					<colorMode>normal</colorMode>
				</PolyStyle>
			</Style>
			<ExtendedData>
				<SchemaData schemaUrl="#S_pmagsitesupdated_SSSSSS">
					<SimpleData name="Lat">21.351°</SimpleData>
					<SimpleData name="Long">85.99°</SimpleData>
					<SimpleData name="Dec">132.2°</SimpleData>
					<SimpleData name="Inc">80.8°</SimpleData>
					<SimpleData name="Age">2.762</SimpleData>
					<SimpleData name="Reference">Pivarunas et al., 2021</SimpleData>
				</SchemaData>
			</ExtendedData>
			<Point>
				<coordinates>85.99000000000002,21.35099999999998,0</coordinates>
			</Point>
		</Placemark>
		<Placemark>
			<styleUrl>#pointStyleMap0</styleUrl>
			<Style id="inline">
				<IconStyle>
					<color>ff0055ff</color>
					<colorMode>normal</colorMode>
					<Icon>
						<href>http://maps.google.com/mapfiles/kml/shapes/placemark_square.png</href>
					</Icon>
				</IconStyle>
				<LineStyle>
					<color>ff0055ff</color>
					<colorMode>normal</colorMode>
				</LineStyle>
				<PolyStyle>
					<color>ff0055ff</color>
					<colorMode>normal</colorMode>
				</PolyStyle>
			</Style>
			<ExtendedData>
				<SchemaData schemaUrl="#S_pmagsitesupdated_SSSSSS">
					<SimpleData name="Lat">21.38°</SimpleData>
					<SimpleData name="Long">85.90°</SimpleData>
					<SimpleData name="Dec">156.5°</SimpleData>
					<SimpleData name="Inc">70.3°</SimpleData>
					<SimpleData name="Age">2.762</SimpleData>
					<SimpleData name="Reference">Pivarunas et al., 2021</SimpleData>
				</SchemaData>
			</ExtendedData>
			<Point>
				<coordinates>85.89999999999996,21.37999999999998,0</coordinates>
			</Point>
		</Placemark>
		<Placemark>
			<styleUrl>#pointStyleMap0</styleUrl>
			<Style id="inline">
				<IconStyle>
					<color>ff0055ff</color>
					<colorMode>normal</colorMode>
					<Icon>
						<href>http://maps.google.com/mapfiles/kml/shapes/placemark_square.png</href>
					</Icon>
				</IconStyle>
				<LineStyle>
					<color>ff0055ff</color>
					<colorMode>normal</colorMode>
				</LineStyle>
				<PolyStyle>
					<color>ff0055ff</color>
					<colorMode>normal</colorMode>
				</PolyStyle>
			</Style>
			<ExtendedData>
				<SchemaData schemaUrl="#S_pmagsitesupdated_SSSSSS">
					<SimpleData name="Lat">21.664°</SimpleData>
					<SimpleData name="Long">85.874°</SimpleData>
					<SimpleData name="Dec">103.6°</SimpleData>
					<SimpleData name="Inc">-68.2°</SimpleData>
					<SimpleData name="Age">2.762</SimpleData>
					<SimpleData name="Reference">Pivarunas et al., 2021</SimpleData>
				</SchemaData>
			</ExtendedData>
			<Point>
				<coordinates>85.87400000000002,21.664,0</coordinates>
			</Point>
		</Placemark>
		<Placemark>
			<styleUrl>#pointStyleMap0</styleUrl>
			<Style id="inline">
				<IconStyle>
					<color>ff0055ff</color>
					<colorMode>normal</colorMode>
					<Icon>
						<href>http://maps.google.com/mapfiles/kml/shapes/placemark_square.png</href>
					</Icon>
				</IconStyle>
				<LineStyle>
					<color>ff0055ff</color>
					<colorMode>normal</colorMode>
				</LineStyle>
				<PolyStyle>
					<color>ff0055ff</color>
					<colorMode>normal</colorMode>
				</PolyStyle>
			</Style>
			<ExtendedData>
				<SchemaData schemaUrl="#S_pmagsitesupdated_SSSSSS">
					<SimpleData name="Lat">12.66°</SimpleData>
					<SimpleData name="Long">77.50°</SimpleData>
					<SimpleData name="Dec">135.1°</SimpleData>
					<SimpleData name="Inc">-84.7°</SimpleData>
					<SimpleData name="Age">2.367</SimpleData>
					<SimpleData name="Reference">Dawson and Hargraves, 1994</SimpleData>
				</SchemaData>
			</ExtendedData>
			<Point>
				<coordinates>77.5,12.66,0</coordinates>
			</Point>
		</Placemark>
		<Placemark>
			<styleUrl>#pointStyleMap0</styleUrl>
			<Style id="inline">
				<IconStyle>
					<color>ff0055ff</color>
					<colorMode>normal</colorMode>
					<Icon>
						<href>http://maps.google.com/mapfiles/kml/shapes/placemark_square.png</href>
					</Icon>
				</IconStyle>
				<LineStyle>
					<color>ff0055ff</color>
					<colorMode>normal</colorMode>
				</LineStyle>
				<PolyStyle>
					<color>ff0055ff</color>
					<colorMode>normal</colorMode>
				</PolyStyle>
			</Style>
			<ExtendedData>
				<SchemaData schemaUrl="#S_pmagsitesupdated_SSSSSS">
					<SimpleData name="Lat">12.65°</SimpleData>
					<SimpleData name="Long">77.42°</SimpleData>
					<SimpleData name="Dec">72.6°</SimpleData>
					<SimpleData name="Inc">-78.1°</SimpleData>
					<SimpleData name="Age">2.367</SimpleData>
					<SimpleData name="Reference">Dawson and Hargraves, 1994</SimpleData>
				</SchemaData>
			</ExtendedData>
			<Point>
				<coordinates>77.42,12.65000000000002,0</coordinates>
			</Point>
		</Placemark>
		<Placemark>
			<styleUrl>#pointStyleMap0</styleUrl>
			<Style id="inline">
				<IconStyle>
					<color>ff0055ff</color>
					<colorMode>normal</colorMode>
					<Icon>
						<href>http://maps.google.com/mapfiles/kml/shapes/placemark_square.png</href>
					</Icon>
				</IconStyle>
				<LineStyle>
					<color>ff0055ff</color>
					<colorMode>normal</colorMode>
				</LineStyle>
				<PolyStyle>
					<color>ff0055ff</color>
					<colorMode>normal</colorMode>
				</PolyStyle>
			</Style>
			<ExtendedData>
				<SchemaData schemaUrl="#S_pmagsitesupdated_SSSSSS">
					<SimpleData name="Lat">12.66°</SimpleData>
					<SimpleData name="Long">77.42°</SimpleData>
					<SimpleData name="Dec">60.3°</SimpleData>
					<SimpleData name="Inc">-81.2°</SimpleData>
					<SimpleData name="Age">2.367</SimpleData>
					<SimpleData name="Reference">Dawson and Hargraves, 1994</SimpleData>
				</SchemaData>
			</ExtendedData>
			<Point>
				<coordinates>77.42,12.66,0</coordinates>
			</Point>
		</Placemark>
		<Placemark>
			<styleUrl>#pointStyleMap0</styleUrl>
			<Style id="inline">
				<IconStyle>
					<color>ff0055ff</color>
					<colorMode>normal</colorMode>
					<Icon>
						<href>http://maps.google.com/mapfiles/kml/shapes/placemark_square.png</href>
					</Icon>
				</IconStyle>
				<LineStyle>
					<color>ff0055ff</color>
					<colorMode>normal</colorMode>
				</LineStyle>
				<PolyStyle>
					<color>ff0055ff</color>
					<colorMode>normal</colorMode>
				</PolyStyle>
			</Style>
			<ExtendedData>
				<SchemaData schemaUrl="#S_pmagsitesupdated_SSSSSS">
					<SimpleData name="Lat">12.11°</SimpleData>
					<SimpleData name="Long">79.08°</SimpleData>
					<SimpleData name="Dec">105.2°</SimpleData>
					<SimpleData name="Inc">-74.5°</SimpleData>
					<SimpleData name="Age">2.367</SimpleData>
					<SimpleData name="Reference">Venkatesh et al., 1987</SimpleData>
				</SchemaData>
			</ExtendedData>
			<Point>
				<coordinates>79.08,12.11,0</coordinates>
			</Point>
		</Placemark>
		<Placemark>
			<styleUrl>#pointStyleMap0</styleUrl>
			<Style id="inline">
				<IconStyle>
					<color>ff0055ff</color>
					<colorMode>normal</colorMode>
					<Icon>
						<href>http://maps.google.com/mapfiles/kml/shapes/placemark_square.png</href>
					</Icon>
				</IconStyle>
				<LineStyle>
					<color>ff0055ff</color>
					<colorMode>normal</colorMode>
				</LineStyle>
				<PolyStyle>
					<color>ff0055ff</color>
					<colorMode>normal</colorMode>
				</PolyStyle>
			</Style>
			<ExtendedData>
				<SchemaData schemaUrl="#S_pmagsitesupdated_SSSSSS">
					<SimpleData name="Lat">12.11°</SimpleData>
					<SimpleData name="Long">79.07°</SimpleData>
					<SimpleData name="Dec">115°</SimpleData>
					<SimpleData name="Inc">-75°</SimpleData>
					<SimpleData name="Age">2.367</SimpleData>
					<SimpleData name="Reference">Venkatesh et al., 1987</SimpleData>
				</SchemaData>
			</ExtendedData>
			<Point>
				<coordinates>79.06999999999998,12.11,0</coordinates>
			</Point>
		</Placemark>
		<Placemark>
			<styleUrl>#pointStyleMap0</styleUrl>
			<Style id="inline">
				<IconStyle>
					<color>ff0055ff</color>
					<colorMode>normal</colorMode>
					<Icon>
						<href>http://maps.google.com/mapfiles/kml/shapes/placemark_square.png</href>
					</Icon>
				</IconStyle>
				<LineStyle>
					<color>ff0055ff</color>
					<colorMode>normal</colorMode>
				</LineStyle>
				<PolyStyle>
					<color>ff0055ff</color>
					<colorMode>normal</colorMode>
				</PolyStyle>
			</Style>
			<ExtendedData>
				<SchemaData schemaUrl="#S_pmagsitesupdated_SSSSSS">
					<SimpleData name="Lat">12.21°</SimpleData>
					<SimpleData name="Long">79.08°</SimpleData>
					<SimpleData name="Dec">125°</SimpleData>
					<SimpleData name="Inc">-75°</SimpleData>
					<SimpleData name="Age">2.367</SimpleData>
					<SimpleData name="Reference">Venkatesh et al., 1987</SimpleData>
				</SchemaData>
			</ExtendedData>
			<Point>
				<coordinates>79.08,12.21000000000002,0</coordinates>
			</Point>
		</Placemark>
		<Placemark>
			<styleUrl>#pointStyleMap0</styleUrl>
			<Style id="inline">
				<IconStyle>
					<color>ff0055ff</color>
					<colorMode>normal</colorMode>
					<Icon>
						<href>http://maps.google.com/mapfiles/kml/shapes/placemark_square.png</href>
					</Icon>
				</IconStyle>
				<LineStyle>
					<color>ff0055ff</color>
					<colorMode>normal</colorMode>
				</LineStyle>
				<PolyStyle>
					<color>ff0055ff</color>
					<colorMode>normal</colorMode>
				</PolyStyle>
			</Style>
			<ExtendedData>
				<SchemaData schemaUrl="#S_pmagsitesupdated_SSSSSS">
					<SimpleData name="Lat">12.09°</SimpleData>
					<SimpleData name="Long">78.92°</SimpleData>
					<SimpleData name="Dec">129.7°</SimpleData>
					<SimpleData name="Inc">-73.5°</SimpleData>
					<SimpleData name="Age">2.367</SimpleData>
					<SimpleData name="Reference">Radhakrishna &amp; Mathew, 1996</SimpleData>
				</SchemaData>
			</ExtendedData>
			<Point>
				<coordinates>78.92000000000003,12.08999999999999,0</coordinates>
			</Point>
		</Placemark>
		<Placemark>
			<styleUrl>#pointStyleMap0</styleUrl>
			<Style id="inline">
				<IconStyle>
					<color>ff0055ff</color>
					<colorMode>normal</colorMode>
					<Icon>
						<href>http://maps.google.com/mapfiles/kml/shapes/placemark_square.png</href>
					</Icon>
				</IconStyle>
				<LineStyle>
					<color>ff0055ff</color>
					<colorMode>normal</colorMode>
				</LineStyle>
				<PolyStyle>
					<color>ff0055ff</color>
					<colorMode>normal</colorMode>
				</PolyStyle>
			</Style>
			<ExtendedData>
				<SchemaData schemaUrl="#S_pmagsitesupdated_SSSSSS">
					<SimpleData name="Lat">12.08°</SimpleData>
					<SimpleData name="Long">77.89°</SimpleData>
					<SimpleData name="Dec">105.8°</SimpleData>
					<SimpleData name="Inc">-75.5°</SimpleData>
					<SimpleData name="Age">2.367</SimpleData>
					<SimpleData name="Reference">Radhakrishna &amp; Mathew, 1996</SimpleData>
				</SchemaData>
			</ExtendedData>
			<Point>
				<coordinates>77.89,12.08,0</coordinates>
			</Point>
		</Placemark>
		<Placemark>
			<styleUrl>#pointStyleMap0</styleUrl>
			<Style id="inline">
				<IconStyle>
					<color>ff0055ff</color>
					<colorMode>normal</colorMode>
					<Icon>
						<href>http://maps.google.com/mapfiles/kml/shapes/placemark_square.png</href>
					</Icon>
				</IconStyle>
				<LineStyle>
					<color>ff0055ff</color>
					<colorMode>normal</colorMode>
				</LineStyle>
				<PolyStyle>
					<color>ff0055ff</color>
					<colorMode>normal</colorMode>
				</PolyStyle>
			</Style>
			<ExtendedData>
				<SchemaData schemaUrl="#S_pmagsitesupdated_SSSSSS">
					<SimpleData name="Lat">12.06°</SimpleData>
					<SimpleData name="Long">79.01°</SimpleData>
					<SimpleData name="Dec">114.4°</SimpleData>
					<SimpleData name="Inc">-67.9°</SimpleData>
					<SimpleData name="Age">2.367</SimpleData>
					<SimpleData name="Reference">Radhakrishna &amp; Mathew, 1996</SimpleData>
				</SchemaData>
			</ExtendedData>
			<Point>
				<coordinates>79.00999999999999,12.05999999999999,0</coordinates>
			</Point>
		</Placemark>
		<Placemark>
			<styleUrl>#pointStyleMap0</styleUrl>
			<Style id="inline">
				<IconStyle>
					<color>ff0055ff</color>
					<colorMode>normal</colorMode>
					<Icon>
						<href>http://maps.google.com/mapfiles/kml/shapes/placemark_square.png</href>
					</Icon>
				</IconStyle>
				<LineStyle>
					<color>ff0055ff</color>
					<colorMode>normal</colorMode>
				</LineStyle>
				<PolyStyle>
					<color>ff0055ff</color>
					<colorMode>normal</colorMode>
				</PolyStyle>
			</Style>
			<ExtendedData>
				<SchemaData schemaUrl="#S_pmagsitesupdated_SSSSSS">
					<SimpleData name="Lat">12.05°</SimpleData>
					<SimpleData name="Long">79.03°</SimpleData>
					<SimpleData name="Dec">306.5°</SimpleData>
					<SimpleData name="Inc">-76.7°</SimpleData>
					<SimpleData name="Age">2.367</SimpleData>
					<SimpleData name="Reference">Radhakrishna &amp; Mathew, 1996</SimpleData>
				</SchemaData>
			</ExtendedData>
			<Point>
				<coordinates>79.02999999999996,12.05,0</coordinates>
			</Point>
		</Placemark>
		<Placemark>
			<styleUrl>#pointStyleMap0</styleUrl>
			<Style id="inline">
				<IconStyle>
					<color>ff0055ff</color>
					<colorMode>normal</colorMode>
					<Icon>
						<href>http://maps.google.com/mapfiles/kml/shapes/placemark_square.png</href>
					</Icon>
				</IconStyle>
				<LineStyle>
					<color>ff0055ff</color>
					<colorMode>normal</colorMode>
				</LineStyle>
				<PolyStyle>
					<color>ff0055ff</color>
					<colorMode>normal</colorMode>
				</PolyStyle>
			</Style>
			<ExtendedData>
				<SchemaData schemaUrl="#S_pmagsitesupdated_SSSSSS">
					<SimpleData name="Lat">12.05°</SimpleData>
					<SimpleData name="Long">79.08°</SimpleData>
					<SimpleData name="Dec">92.1°</SimpleData>
					<SimpleData name="Inc">-70.7°</SimpleData>
					<SimpleData name="Age">2.367</SimpleData>
					<SimpleData name="Reference">Radhakrishna &amp; Mathew, 1996</SimpleData>
				</SchemaData>
			</ExtendedData>
			<Point>
				<coordinates>79.08,12.05,0</coordinates>
			</Point>
		</Placemark>
		<Placemark>
			<styleUrl>#pointStyleMap0</styleUrl>
			<Style id="inline">
				<IconStyle>
					<color>ff0055ff</color>
					<colorMode>normal</colorMode>
					<Icon>
						<href>http://maps.google.com/mapfiles/kml/shapes/placemark_square.png</href>
					</Icon>
				</IconStyle>
				<LineStyle>
					<color>ff0055ff</color>
					<colorMode>normal</colorMode>
				</LineStyle>
				<PolyStyle>
					<color>ff0055ff</color>
					<colorMode>normal</colorMode>
				</PolyStyle>
			</Style>
			<ExtendedData>
				<SchemaData schemaUrl="#S_pmagsitesupdated_SSSSSS">
					<SimpleData name="Lat">12.11°</SimpleData>
					<SimpleData name="Long">79.10°</SimpleData>
					<SimpleData name="Dec">121°</SimpleData>
					<SimpleData name="Inc">-78.1°</SimpleData>
					<SimpleData name="Age">2.367</SimpleData>
					<SimpleData name="Reference">Radhakrishna &amp; Mathew, 1996</SimpleData>
				</SchemaData>
			</ExtendedData>
			<Point>
				<coordinates>79.10000000000001,12.11,0</coordinates>
			</Point>
		</Placemark>
		<Placemark>
			<styleUrl>#pointStyleMap0</styleUrl>
			<Style id="inline">
				<IconStyle>
					<color>ff0055ff</color>
					<colorMode>normal</colorMode>
					<Icon>
						<href>http://maps.google.com/mapfiles/kml/shapes/placemark_square.png</href>
					</Icon>
				</IconStyle>
				<LineStyle>
					<color>ff0055ff</color>
					<colorMode>normal</colorMode>
				</LineStyle>
				<PolyStyle>
					<color>ff0055ff</color>
					<colorMode>normal</colorMode>
				</PolyStyle>
			</Style>
			<ExtendedData>
				<SchemaData schemaUrl="#S_pmagsitesupdated_SSSSSS">
					<SimpleData name="Lat">14.19°</SimpleData>
					<SimpleData name="Long">77.64°</SimpleData>
					<SimpleData name="Dec">56.0°</SimpleData>
					<SimpleData name="Inc">-68.0°</SimpleData>
					<SimpleData name="Age">2.367</SimpleData>
					<SimpleData name="Reference">Kumar and Bhalla, 1983</SimpleData>
				</SchemaData>
			</ExtendedData>
			<Point>
				<coordinates>77.64,14.19,0</coordinates>
			</Point>
		</Placemark>
		<Placemark>
			<styleUrl>#pointStyleMap0</styleUrl>
			<Style id="inline">
				<IconStyle>
					<color>ff0055ff</color>
					<colorMode>normal</colorMode>
					<Icon>
						<href>http://maps.google.com/mapfiles/kml/shapes/placemark_square.png</href>
					</Icon>
				</IconStyle>
				<LineStyle>
					<color>ff0055ff</color>
					<colorMode>normal</colorMode>
				</LineStyle>
				<PolyStyle>
					<color>ff0055ff</color>
					<colorMode>normal</colorMode>
				</PolyStyle>
			</Style>
			<ExtendedData>
				<SchemaData schemaUrl="#S_pmagsitesupdated_SSSSSS">
					<SimpleData name="Lat">14.19°</SimpleData>
					<SimpleData name="Long">77.64°</SimpleData>
					<SimpleData name="Dec">57.0°</SimpleData>
					<SimpleData name="Inc">-71.0°</SimpleData>
					<SimpleData name="Age">2.367</SimpleData>
					<SimpleData name="Reference">Kumar and Bhalla, 1983</SimpleData>
				</SchemaData>
			</ExtendedData>
			<Point>
				<coordinates>77.64,14.19,0</coordinates>
			</Point>
		</Placemark>
		<Placemark>
			<styleUrl>#pointStyleMap0</styleUrl>
			<Style id="inline">
				<IconStyle>
					<color>ff0055ff</color>
					<colorMode>normal</colorMode>
					<Icon>
						<href>http://maps.google.com/mapfiles/kml/shapes/placemark_square.png</href>
					</Icon>
				</IconStyle>
				<LineStyle>
					<color>ff0055ff</color>
					<colorMode>normal</colorMode>
				</LineStyle>
				<PolyStyle>
					<color>ff0055ff</color>
					<colorMode>normal</colorMode>
				</PolyStyle>
			</Style>
			<ExtendedData>
				<SchemaData schemaUrl="#S_pmagsitesupdated_SSSSSS">
					<SimpleData name="Lat">14.18°</SimpleData>
					<SimpleData name="Long">77.76°</SimpleData>
					<SimpleData name="Dec">88.0°</SimpleData>
					<SimpleData name="Inc">-73.0°</SimpleData>
					<SimpleData name="Age">2.367</SimpleData>
					<SimpleData name="Reference">Kumar and Bhalla, 1983</SimpleData>
				</SchemaData>
			</ExtendedData>
			<Point>
				<coordinates>77.75999999999999,14.18000000000001,0</coordinates>
			</Point>
		</Placemark>
		<Placemark>
			<styleUrl>#pointStyleMap0</styleUrl>
			<Style id="inline">
				<IconStyle>
					<color>ff0055ff</color>
					<colorMode>normal</colorMode>
					<Icon>
						<href>http://maps.google.com/mapfiles/kml/shapes/placemark_square.png</href>
					</Icon>
				</IconStyle>
				<LineStyle>
					<color>ff0055ff</color>
					<colorMode>normal</colorMode>
				</LineStyle>
				<PolyStyle>
					<color>ff0055ff</color>
					<colorMode>normal</colorMode>
				</PolyStyle>
			</Style>
			<ExtendedData>
				<SchemaData schemaUrl="#S_pmagsitesupdated_SSSSSS">
					<SimpleData name="Lat">14.18°</SimpleData>
					<SimpleData name="Long">77.76°</SimpleData>
					<SimpleData name="Dec">71.0°</SimpleData>
					<SimpleData name="Inc">-74.0°</SimpleData>
					<SimpleData name="Age">2.367</SimpleData>
					<SimpleData name="Reference">Kumar and Bhalla, 1983</SimpleData>
				</SchemaData>
			</ExtendedData>
			<Point>
				<coordinates>77.75999999999999,14.18000000000001,0</coordinates>
			</Point>
		</Placemark>
		<Placemark>
			<styleUrl>#pointStyleMap0</styleUrl>
			<Style id="inline">
				<IconStyle>
					<color>ff0055ff</color>
					<colorMode>normal</colorMode>
					<Icon>
						<href>http://maps.google.com/mapfiles/kml/shapes/placemark_square.png</href>
					</Icon>
				</IconStyle>
				<LineStyle>
					<color>ff0055ff</color>
					<colorMode>normal</colorMode>
				</LineStyle>
				<PolyStyle>
					<color>ff0055ff</color>
					<colorMode>normal</colorMode>
				</PolyStyle>
			</Style>
			<ExtendedData>
				<SchemaData schemaUrl="#S_pmagsitesupdated_SSSSSS">
					<SimpleData name="Lat">14.18°</SimpleData>
					<SimpleData name="Long">77.76°</SimpleData>
					<SimpleData name="Dec">59.0°</SimpleData>
					<SimpleData name="Inc">-70.0°</SimpleData>
					<SimpleData name="Age">2.367</SimpleData>
					<SimpleData name="Reference">Kumar and Bhalla, 1983</SimpleData>
				</SchemaData>
			</ExtendedData>
			<Point>
				<coordinates>77.75999999999999,14.18000000000001,0</coordinates>
			</Point>
		</Placemark>
		<Placemark>
			<styleUrl>#pointStyleMap0</styleUrl>
			<Style id="inline">
				<IconStyle>
					<color>ff0055ff</color>
					<colorMode>normal</colorMode>
					<Icon>
						<href>http://maps.google.com/mapfiles/kml/shapes/placemark_square.png</href>
					</Icon>
				</IconStyle>
				<LineStyle>
					<color>ff0055ff</color>
					<colorMode>normal</colorMode>
				</LineStyle>
				<PolyStyle>
					<color>ff0055ff</color>
					<colorMode>normal</colorMode>
				</PolyStyle>
			</Style>
			<ExtendedData>
				<SchemaData schemaUrl="#S_pmagsitesupdated_SSSSSS">
					<SimpleData name="Lat">12.90°</SimpleData>
					<SimpleData name="Long">78.20°</SimpleData>
					<SimpleData name="Dec">170°</SimpleData>
					<SimpleData name="Inc">-80°</SimpleData>
					<SimpleData name="Age">2.367</SimpleData>
					<SimpleData name="Reference">Bhalla et al., 1980</SimpleData>
				</SchemaData>
			</ExtendedData>
			<Point>
				<coordinates>78.19999999999999,12.90000000000002,0</coordinates>
			</Point>
		</Placemark>
		<Placemark>
			<styleUrl>#pointStyleMap0</styleUrl>
			<Style id="inline">
				<IconStyle>
					<color>ff0055ff</color>
					<colorMode>normal</colorMode>
					<Icon>
						<href>http://maps.google.com/mapfiles/kml/shapes/placemark_square.png</href>
					</Icon>
				</IconStyle>
				<LineStyle>
					<color>ff0055ff</color>
					<colorMode>normal</colorMode>
				</LineStyle>
				<PolyStyle>
					<color>ff0055ff</color>
					<colorMode>normal</colorMode>
				</PolyStyle>
			</Style>
			<ExtendedData>
				<SchemaData schemaUrl="#S_pmagsitesupdated_SSSSSS">
					<SimpleData name="Lat">12.90°</SimpleData>
					<SimpleData name="Long">78.20°</SimpleData>
					<SimpleData name="Dec">88°</SimpleData>
					<SimpleData name="Inc">-81°</SimpleData>
					<SimpleData name="Age">2.367</SimpleData>
					<SimpleData name="Reference">Bhalla et al., 1980</SimpleData>
				</SchemaData>
			</ExtendedData>
			<Point>
				<coordinates>78.19999999999999,12.90000000000002,0</coordinates>
			</Point>
		</Placemark>
		<Placemark>
			<styleUrl>#pointStyleMap0</styleUrl>
			<Style id="inline">
				<IconStyle>
					<color>ff0055ff</color>
					<colorMode>normal</colorMode>
					<Icon>
						<href>http://maps.google.com/mapfiles/kml/shapes/placemark_square.png</href>
					</Icon>
				</IconStyle>
				<LineStyle>
					<color>ff0055ff</color>
					<colorMode>normal</colorMode>
				</LineStyle>
				<PolyStyle>
					<color>ff0055ff</color>
					<colorMode>normal</colorMode>
				</PolyStyle>
			</Style>
			<ExtendedData>
				<SchemaData schemaUrl="#S_pmagsitesupdated_SSSSSS">
					<SimpleData name="Lat">12.90°</SimpleData>
					<SimpleData name="Long">78.20°</SimpleData>
					<SimpleData name="Dec">127°</SimpleData>
					<SimpleData name="Inc">-77°</SimpleData>
					<SimpleData name="Age">2.367</SimpleData>
					<SimpleData name="Reference">Bhalla et al., 1980</SimpleData>
				</SchemaData>
			</ExtendedData>
			<Point>
				<coordinates>78.19999999999999,12.90000000000002,0</coordinates>
			</Point>
		</Placemark>
		<Placemark>
			<styleUrl>#pointStyleMap0</styleUrl>
			<Style id="inline">
				<IconStyle>
					<color>ff0055ff</color>
					<colorMode>normal</colorMode>
					<Icon>
						<href>http://maps.google.com/mapfiles/kml/shapes/placemark_square.png</href>
					</Icon>
				</IconStyle>
				<LineStyle>
					<color>ff0055ff</color>
					<colorMode>normal</colorMode>
				</LineStyle>
				<PolyStyle>
					<color>ff0055ff</color>
					<colorMode>normal</colorMode>
				</PolyStyle>
			</Style>
			<ExtendedData>
				<SchemaData schemaUrl="#S_pmagsitesupdated_SSSSSS">
					<SimpleData name="Lat">12.90°</SimpleData>
					<SimpleData name="Long">78.20°</SimpleData>
					<SimpleData name="Dec">129.4°</SimpleData>
					<SimpleData name="Inc">-80.9°</SimpleData>
					<SimpleData name="Age">2.367</SimpleData>
					<SimpleData name="Reference">Bhalla et al., 1980</SimpleData>
				</SchemaData>
			</ExtendedData>
			<Point>
				<coordinates>78.19999999999999,12.90000000000002,0</coordinates>
			</Point>
		</Placemark>
		<Placemark>
			<styleUrl>#pointStyleMap0</styleUrl>
			<Style id="inline">
				<IconStyle>
					<color>ff0055ff</color>
					<colorMode>normal</colorMode>
					<Icon>
						<href>http://maps.google.com/mapfiles/kml/shapes/placemark_square.png</href>
					</Icon>
				</IconStyle>
				<LineStyle>
					<color>ff0055ff</color>
					<colorMode>normal</colorMode>
				</LineStyle>
				<PolyStyle>
					<color>ff0055ff</color>
					<colorMode>normal</colorMode>
				</PolyStyle>
			</Style>
			<ExtendedData>
				<SchemaData schemaUrl="#S_pmagsitesupdated_SSSSSS">
					<SimpleData name="Lat">12.73°</SimpleData>
					<SimpleData name="Long">77.52°</SimpleData>
					<SimpleData name="Dec">141°</SimpleData>
					<SimpleData name="Inc">-75°</SimpleData>
					<SimpleData name="Age">2.367</SimpleData>
					<SimpleData name="Reference">Hasnain and Qereshy, 1971</SimpleData>
				</SchemaData>
			</ExtendedData>
			<Point>
				<coordinates>77.51999999999998,12.72999999999998,0</coordinates>
			</Point>
		</Placemark>
		<Placemark>
			<styleUrl>#pointStyleMap0</styleUrl>
			<Style id="inline">
				<IconStyle>
					<color>ff0055ff</color>
					<colorMode>normal</colorMode>
					<Icon>
						<href>http://maps.google.com/mapfiles/kml/shapes/placemark_square.png</href>
					</Icon>
				</IconStyle>
				<LineStyle>
					<color>ff0055ff</color>
					<colorMode>normal</colorMode>
				</LineStyle>
				<PolyStyle>
					<color>ff0055ff</color>
					<colorMode>normal</colorMode>
				</PolyStyle>
			</Style>
			<ExtendedData>
				<SchemaData schemaUrl="#S_pmagsitesupdated_SSSSSS">
					<SimpleData name="Lat">12.79°</SimpleData>
					<SimpleData name="Long">76.23°</SimpleData>
					<SimpleData name="Dec">62.2°</SimpleData>
					<SimpleData name="Inc">-78.4°</SimpleData>
					<SimpleData name="Age">2.367</SimpleData>
					<SimpleData name="Reference">Kumar unpublished</SimpleData>
				</SchemaData>
			</ExtendedData>
			<Point>
				<coordinates>76.23000000000003,12.78999999999998,0</coordinates>
			</Point>
		</Placemark>
		<Placemark>
			<styleUrl>#pointStyleMap0</styleUrl>
			<Style id="inline">
				<IconStyle>
					<color>ff0055ff</color>
					<colorMode>normal</colorMode>
					<Icon>
						<href>http://maps.google.com/mapfiles/kml/shapes/placemark_square.png</href>
					</Icon>
				</IconStyle>
				<LineStyle>
					<color>ff0055ff</color>
					<colorMode>normal</colorMode>
				</LineStyle>
				<PolyStyle>
					<color>ff0055ff</color>
					<colorMode>normal</colorMode>
				</PolyStyle>
			</Style>
			<ExtendedData>
				<SchemaData schemaUrl="#S_pmagsitesupdated_SSSSSS">
					<SimpleData name="Lat">12.79°</SimpleData>
					<SimpleData name="Long">76.23°</SimpleData>
					<SimpleData name="Dec">54.7°</SimpleData>
					<SimpleData name="Inc">-79.2°</SimpleData>
					<SimpleData name="Age">2.367</SimpleData>
					<SimpleData name="Reference">Kumar unpublished</SimpleData>
				</SchemaData>
			</ExtendedData>
			<Point>
				<coordinates>76.23000000000003,12.78999999999998,0</coordinates>
			</Point>
		</Placemark>
		<Placemark>
			<styleUrl>#pointStyleMap0</styleUrl>
			<Style id="inline">
				<IconStyle>
					<color>ff0055ff</color>
					<colorMode>normal</colorMode>
					<Icon>
						<href>http://maps.google.com/mapfiles/kml/shapes/placemark_square.png</href>
					</Icon>
				</IconStyle>
				<LineStyle>
					<color>ff0055ff</color>
					<colorMode>normal</colorMode>
				</LineStyle>
				<PolyStyle>
					<color>ff0055ff</color>
					<colorMode>normal</colorMode>
				</PolyStyle>
			</Style>
			<ExtendedData>
				<SchemaData schemaUrl="#S_pmagsitesupdated_SSSSSS">
					<SimpleData name="Lat">12.01°</SimpleData>
					<SimpleData name="Long">77.02°</SimpleData>
					<SimpleData name="Dec">150°</SimpleData>
					<SimpleData name="Inc">-84°</SimpleData>
					<SimpleData name="Age">2.367</SimpleData>
					<SimpleData name="Reference">Halls et al., 2007</SimpleData>
				</SchemaData>
			</ExtendedData>
			<Point>
				<coordinates>77.01999999999998,12.00999999999998,0</coordinates>
			</Point>
		</Placemark>
		<Placemark>
			<styleUrl>#pointStyleMap0</styleUrl>
			<Style id="inline">
				<IconStyle>
					<color>ff0055ff</color>
					<colorMode>normal</colorMode>
					<Icon>
						<href>http://maps.google.com/mapfiles/kml/shapes/placemark_square.png</href>
					</Icon>
				</IconStyle>
				<LineStyle>
					<color>ff0055ff</color>
					<colorMode>normal</colorMode>
				</LineStyle>
				<PolyStyle>
					<color>ff0055ff</color>
					<colorMode>normal</colorMode>
				</PolyStyle>
			</Style>
			<ExtendedData>
				<SchemaData schemaUrl="#S_pmagsitesupdated_SSSSSS">
					<SimpleData name="Lat">11.98°</SimpleData>
					<SimpleData name="Long">77.03°</SimpleData>
					<SimpleData name="Dec">50.8°</SimpleData>
					<SimpleData name="Inc">-75.6°</SimpleData>
					<SimpleData name="Age">2.367</SimpleData>
					<SimpleData name="Reference">Halls et al., 2007</SimpleData>
				</SchemaData>
			</ExtendedData>
			<Point>
				<coordinates>77.02999999999996,11.97999999999999,0</coordinates>
			</Point>
		</Placemark>
		<Placemark>
			<styleUrl>#pointStyleMap0</styleUrl>
			<Style id="inline">
				<IconStyle>
					<color>ff0055ff</color>
					<colorMode>normal</colorMode>
					<Icon>
						<href>http://maps.google.com/mapfiles/kml/shapes/placemark_square.png</href>
					</Icon>
				</IconStyle>
				<LineStyle>
					<color>ff0055ff</color>
					<colorMode>normal</colorMode>
				</LineStyle>
				<PolyStyle>
					<color>ff0055ff</color>
					<colorMode>normal</colorMode>
				</PolyStyle>
			</Style>
			<ExtendedData>
				<SchemaData schemaUrl="#S_pmagsitesupdated_SSSSSS">
					<SimpleData name="Lat">12.09°</SimpleData>
					<SimpleData name="Long">77.36°</SimpleData>
					<SimpleData name="Dec">39.4°</SimpleData>
					<SimpleData name="Inc">-78.5°</SimpleData>
					<SimpleData name="Age">2.367</SimpleData>
					<SimpleData name="Reference">Halls et al., 2007</SimpleData>
				</SchemaData>
			</ExtendedData>
			<Point>
				<coordinates>77.36000000000001,12.08999999999999,0</coordinates>
			</Point>
		</Placemark>
		<Placemark>
			<styleUrl>#pointStyleMap0</styleUrl>
			<Style id="inline">
				<IconStyle>
					<color>ff0055ff</color>
					<colorMode>normal</colorMode>
					<Icon>
						<href>http://maps.google.com/mapfiles/kml/shapes/placemark_square.png</href>
					</Icon>
				</IconStyle>
				<LineStyle>
					<color>ff0055ff</color>
					<colorMode>normal</colorMode>
				</LineStyle>
				<PolyStyle>
					<color>ff0055ff</color>
					<colorMode>normal</colorMode>
				</PolyStyle>
			</Style>
			<ExtendedData>
				<SchemaData schemaUrl="#S_pmagsitesupdated_SSSSSS">
					<SimpleData name="Lat">12.04°</SimpleData>
					<SimpleData name="Long">78.52°</SimpleData>
					<SimpleData name="Dec">125.8°</SimpleData>
					<SimpleData name="Inc">-71.3°</SimpleData>
					<SimpleData name="Age">2.367</SimpleData>
					<SimpleData name="Reference">Halls et al., 2007</SimpleData>
				</SchemaData>
			</ExtendedData>
			<Point>
				<coordinates>78.51999999999997,12.03999999999998,0</coordinates>
			</Point>
		</Placemark>
		<Placemark>
			<styleUrl>#pointStyleMap0</styleUrl>
			<Style id="inline">
				<IconStyle>
					<color>ff0055ff</color>
					<colorMode>normal</colorMode>
					<Icon>
						<href>http://maps.google.com/mapfiles/kml/shapes/placemark_square.png</href>
					</Icon>
				</IconStyle>
				<LineStyle>
					<color>ff0055ff</color>
					<colorMode>normal</colorMode>
				</LineStyle>
				<PolyStyle>
					<color>ff0055ff</color>
					<colorMode>normal</colorMode>
				</PolyStyle>
			</Style>
			<ExtendedData>
				<SchemaData schemaUrl="#S_pmagsitesupdated_SSSSSS">
					<SimpleData name="Lat">12.58°</SimpleData>
					<SimpleData name="Long">77.98°</SimpleData>
					<SimpleData name="Dec">26.5°</SimpleData>
					<SimpleData name="Inc">-80.6°</SimpleData>
					<SimpleData name="Age">2.367</SimpleData>
					<SimpleData name="Reference">Halls et al., 2007</SimpleData>
				</SchemaData>
			</ExtendedData>
			<Point>
				<coordinates>77.98000000000003,12.58,0</coordinates>
			</Point>
		</Placemark>
		<Placemark>
			<styleUrl>#pointStyleMap0</styleUrl>
			<Style id="inline">
				<IconStyle>
					<color>ff0055ff</color>
					<colorMode>normal</colorMode>
					<Icon>
						<href>http://maps.google.com/mapfiles/kml/shapes/placemark_square.png</href>
					</Icon>
				</IconStyle>
				<LineStyle>
					<color>ff0055ff</color>
					<colorMode>normal</colorMode>
				</LineStyle>
				<PolyStyle>
					<color>ff0055ff</color>
					<colorMode>normal</colorMode>
				</PolyStyle>
			</Style>
			<ExtendedData>
				<SchemaData schemaUrl="#S_pmagsitesupdated_SSSSSS">
					<SimpleData name="Lat">12.63°</SimpleData>
					<SimpleData name="Long">78.07°</SimpleData>
					<SimpleData name="Dec">186.4°</SimpleData>
					<SimpleData name="Inc">-84.8°</SimpleData>
					<SimpleData name="Age">2.367</SimpleData>
					<SimpleData name="Reference">Halls et al., 2007</SimpleData>
				</SchemaData>
			</ExtendedData>
			<Point>
				<coordinates>78.06999999999998,12.63000000000001,0</coordinates>
			</Point>
		</Placemark>
		<Placemark>
			<styleUrl>#pointStyleMap0</styleUrl>
			<Style id="inline">
				<IconStyle>
					<color>ff0055ff</color>
					<colorMode>normal</colorMode>
					<Icon>
						<href>http://maps.google.com/mapfiles/kml/shapes/placemark_square.png</href>
					</Icon>
				</IconStyle>
				<LineStyle>
					<color>ff0055ff</color>
					<colorMode>normal</colorMode>
				</LineStyle>
				<PolyStyle>
					<color>ff0055ff</color>
					<colorMode>normal</colorMode>
				</PolyStyle>
			</Style>
			<ExtendedData>
				<SchemaData schemaUrl="#S_pmagsitesupdated_SSSSSS">
					<SimpleData name="Lat">12.63°</SimpleData>
					<SimpleData name="Long">78.07°</SimpleData>
					<SimpleData name="Dec">76.6°</SimpleData>
					<SimpleData name="Inc">-72.7°</SimpleData>
					<SimpleData name="Age">2.367</SimpleData>
					<SimpleData name="Reference">Halls et al., 2007</SimpleData>
				</SchemaData>
			</ExtendedData>
			<Point>
				<coordinates>78.06999999999998,12.63000000000001,0</coordinates>
			</Point>
		</Placemark>
		<Placemark>
			<styleUrl>#pointStyleMap0</styleUrl>
			<Style id="inline">
				<IconStyle>
					<color>ff0055ff</color>
					<colorMode>normal</colorMode>
					<Icon>
						<href>http://maps.google.com/mapfiles/kml/shapes/placemark_square.png</href>
					</Icon>
				</IconStyle>
				<LineStyle>
					<color>ff0055ff</color>
					<colorMode>normal</colorMode>
				</LineStyle>
				<PolyStyle>
					<color>ff0055ff</color>
					<colorMode>normal</colorMode>
				</PolyStyle>
			</Style>
			<ExtendedData>
				<SchemaData schemaUrl="#S_pmagsitesupdated_SSSSSS">
					<SimpleData name="Lat">13.51°</SimpleData>
					<SimpleData name="Long">76.57°</SimpleData>
					<SimpleData name="Dec">94.9°</SimpleData>
					<SimpleData name="Inc">-77.5°</SimpleData>
					<SimpleData name="Age">2.367</SimpleData>
					<SimpleData name="Reference">Halls et al., 2007</SimpleData>
				</SchemaData>
			</ExtendedData>
			<Point>
				<coordinates>76.56999999999999,13.50999999999998,0</coordinates>
			</Point>
		</Placemark>
		<Placemark>
			<styleUrl>#pointStyleMap0</styleUrl>
			<Style id="inline">
				<IconStyle>
					<color>ff0055ff</color>
					<colorMode>normal</colorMode>
					<Icon>
						<href>http://maps.google.com/mapfiles/kml/shapes/placemark_square.png</href>
					</Icon>
				</IconStyle>
				<LineStyle>
					<color>ff0055ff</color>
					<colorMode>normal</colorMode>
				</LineStyle>
				<PolyStyle>
					<color>ff0055ff</color>
					<colorMode>normal</colorMode>
				</PolyStyle>
			</Style>
			<ExtendedData>
				<SchemaData schemaUrl="#S_pmagsitesupdated_SSSSSS">
					<SimpleData name="Lat">14.31°</SimpleData>
					<SimpleData name="Long">76.63°</SimpleData>
					<SimpleData name="Dec">72.8°</SimpleData>
					<SimpleData name="Inc">-76.4°</SimpleData>
					<SimpleData name="Age">2.367</SimpleData>
					<SimpleData name="Reference">Halls et al., 2007</SimpleData>
				</SchemaData>
			</ExtendedData>
			<Point>
				<coordinates>76.62999999999998,14.30999999999998,0</coordinates>
			</Point>
		</Placemark>
		<Placemark>
			<styleUrl>#pointStyleMap0</styleUrl>
			<Style id="inline">
				<IconStyle>
					<color>ff0055ff</color>
					<colorMode>normal</colorMode>
					<Icon>
						<href>http://maps.google.com/mapfiles/kml/shapes/placemark_square.png</href>
					</Icon>
				</IconStyle>
				<LineStyle>
					<color>ff0055ff</color>
					<colorMode>normal</colorMode>
				</LineStyle>
				<PolyStyle>
					<color>ff0055ff</color>
					<colorMode>normal</colorMode>
				</PolyStyle>
			</Style>
			<ExtendedData>
				<SchemaData schemaUrl="#S_pmagsitesupdated_SSSSSS">
					<SimpleData name="Lat">11.89°</SimpleData>
					<SimpleData name="Long">76.95°</SimpleData>
					<SimpleData name="Dec">29.5°</SimpleData>
					<SimpleData name="Inc">70.2°</SimpleData>
					<SimpleData name="Age">2.367</SimpleData>
					<SimpleData name="Reference">Halls et al., 2007</SimpleData>
				</SchemaData>
			</ExtendedData>
			<Point>
				<coordinates>76.95,11.89,0</coordinates>
			</Point>
		</Placemark>
		<Placemark>
			<styleUrl>#pointStyleMap0</styleUrl>
			<Style id="inline">
				<IconStyle>
					<color>ff0055ff</color>
					<colorMode>normal</colorMode>
					<Icon>
						<href>http://maps.google.com/mapfiles/kml/shapes/placemark_square.png</href>
					</Icon>
				</IconStyle>
				<LineStyle>
					<color>ff0055ff</color>
					<colorMode>normal</colorMode>
				</LineStyle>
				<PolyStyle>
					<color>ff0055ff</color>
					<colorMode>normal</colorMode>
				</PolyStyle>
			</Style>
			<ExtendedData>
				<SchemaData schemaUrl="#S_pmagsitesupdated_SSSSSS">
					<SimpleData name="Lat">13.80°</SimpleData>
					<SimpleData name="Long">76.91°</SimpleData>
					<SimpleData name="Dec">35.7°</SimpleData>
					<SimpleData name="Inc">82.4°</SimpleData>
					<SimpleData name="Age">2.367</SimpleData>
					<SimpleData name="Reference">Halls et al., 2007</SimpleData>
				</SchemaData>
			</ExtendedData>
			<Point>
				<coordinates>76.90999999999998,13.8,0</coordinates>
			</Point>
		</Placemark>
		<Placemark>
			<styleUrl>#pointStyleMap0</styleUrl>
			<Style id="inline">
				<IconStyle>
					<color>ff0055ff</color>
					<colorMode>normal</colorMode>
					<Icon>
						<href>http://maps.google.com/mapfiles/kml/shapes/placemark_square.png</href>
					</Icon>
				</IconStyle>
				<LineStyle>
					<color>ff0055ff</color>
					<colorMode>normal</colorMode>
				</LineStyle>
				<PolyStyle>
					<color>ff0055ff</color>
					<colorMode>normal</colorMode>
				</PolyStyle>
			</Style>
			<ExtendedData>
				<SchemaData schemaUrl="#S_pmagsitesupdated_SSSSSS">
					<SimpleData name="Lat">18.127°</SimpleData>
					<SimpleData name="Long">79.22°</SimpleData>
					<SimpleData name="Dec">69.9°</SimpleData>
					<SimpleData name="Inc">-65.2°</SimpleData>
					<SimpleData name="Age">2.367</SimpleData>
					<SimpleData name="Reference">Kumar et al., 2012</SimpleData>
				</SchemaData>
			</ExtendedData>
			<Point>
				<coordinates>79.22000000000004,18.12700000000001,0</coordinates>
			</Point>
		</Placemark>
		<Placemark>
			<styleUrl>#pointStyleMap0</styleUrl>
			<Style id="inline">
				<IconStyle>
					<color>ff0055ff</color>
					<colorMode>normal</colorMode>
					<Icon>
						<href>http://maps.google.com/mapfiles/kml/shapes/placemark_square.png</href>
					</Icon>
				</IconStyle>
				<LineStyle>
					<color>ff0055ff</color>
					<colorMode>normal</colorMode>
				</LineStyle>
				<PolyStyle>
					<color>ff0055ff</color>
					<colorMode>normal</colorMode>
				</PolyStyle>
			</Style>
			<ExtendedData>
				<SchemaData schemaUrl="#S_pmagsitesupdated_SSSSSS">
					<SimpleData name="Lat">17.504°</SimpleData>
					<SimpleData name="Long">78.869°</SimpleData>
					<SimpleData name="Dec">102.8°</SimpleData>
					<SimpleData name="Inc">-66.6°</SimpleData>
					<SimpleData name="Age">2.367</SimpleData>
					<SimpleData name="Reference">Kumar et al., 2012</SimpleData>
				</SchemaData>
			</ExtendedData>
			<Point>
				<coordinates>78.86900000000001,17.504,0</coordinates>
			</Point>
		</Placemark>
		<Placemark>
			<styleUrl>#pointStyleMap0</styleUrl>
			<Style id="inline">
				<IconStyle>
					<color>ff0055ff</color>
					<colorMode>normal</colorMode>
					<Icon>
						<href>http://maps.google.com/mapfiles/kml/shapes/placemark_square.png</href>
					</Icon>
				</IconStyle>
				<LineStyle>
					<color>ff0055ff</color>
					<colorMode>normal</colorMode>
				</LineStyle>
				<PolyStyle>
					<color>ff0055ff</color>
					<colorMode>normal</colorMode>
				</PolyStyle>
			</Style>
			<ExtendedData>
				<SchemaData schemaUrl="#S_pmagsitesupdated_SSSSSS">
					<SimpleData name="Lat">20.13°</SimpleData>
					<SimpleData name="Long">81.56°</SimpleData>
					<SimpleData name="Dec">242°</SimpleData>
					<SimpleData name="Inc">69°</SimpleData>
					<SimpleData name="Age">2.367</SimpleData>
					<SimpleData name="Reference">Radhakrishna et al., 2013a</SimpleData>
				</SchemaData>
			</ExtendedData>
			<Point>
				<coordinates>81.55999999999999,20.12999999999998,0</coordinates>
			</Point>
		</Placemark>
		<Placemark>
			<styleUrl>#pointStyleMap0</styleUrl>
			<Style id="inline">
				<IconStyle>
					<color>ff0055ff</color>
					<colorMode>normal</colorMode>
					<Icon>
						<href>http://maps.google.com/mapfiles/kml/shapes/placemark_square.png</href>
					</Icon>
				</IconStyle>
				<LineStyle>
					<color>ff0055ff</color>
					<colorMode>normal</colorMode>
				</LineStyle>
				<PolyStyle>
					<color>ff0055ff</color>
					<colorMode>normal</colorMode>
				</PolyStyle>
			</Style>
			<ExtendedData>
				<SchemaData schemaUrl="#S_pmagsitesupdated_SSSSSS">
					<SimpleData name="Lat">19.56°</SimpleData>
					<SimpleData name="Long">81.71°</SimpleData>
					<SimpleData name="Dec">138°</SimpleData>
					<SimpleData name="Inc">-83°</SimpleData>
					<SimpleData name="Age">2.367</SimpleData>
					<SimpleData name="Reference">Radhakrishna et al., 2013a</SimpleData>
				</SchemaData>
			</ExtendedData>
			<Point>
				<coordinates>81.70999999999997,19.56,0</coordinates>
			</Point>
		</Placemark>
		<Placemark>
			<styleUrl>#pointStyleMap0</styleUrl>
			<Style id="inline">
				<IconStyle>
					<color>ff0055ff</color>
					<colorMode>normal</colorMode>
					<Icon>
						<href>http://maps.google.com/mapfiles/kml/shapes/placemark_square.png</href>
					</Icon>
				</IconStyle>
				<LineStyle>
					<color>ff0055ff</color>
					<colorMode>normal</colorMode>
				</LineStyle>
				<PolyStyle>
					<color>ff0055ff</color>
					<colorMode>normal</colorMode>
				</PolyStyle>
			</Style>
			<ExtendedData>
				<SchemaData schemaUrl="#S_pmagsitesupdated_SSSSSS">
					<SimpleData name="Lat">19.33°</SimpleData>
					<SimpleData name="Long">81.24°</SimpleData>
					<SimpleData name="Dec">247°</SimpleData>
					<SimpleData name="Inc">-87°</SimpleData>
					<SimpleData name="Age">2.367</SimpleData>
					<SimpleData name="Reference">Radhakrishna et al., 2013a</SimpleData>
				</SchemaData>
			</ExtendedData>
			<Point>
				<coordinates>81.24000000000001,19.32999999999998,0</coordinates>
			</Point>
		</Placemark>
		<Placemark>
			<styleUrl>#pointStyleMap0</styleUrl>
			<Style id="inline">
				<IconStyle>
					<color>ff0055ff</color>
					<colorMode>normal</colorMode>
					<Icon>
						<href>http://maps.google.com/mapfiles/kml/shapes/placemark_square.png</href>
					</Icon>
				</IconStyle>
				<LineStyle>
					<color>ff0055ff</color>
					<colorMode>normal</colorMode>
				</LineStyle>
				<PolyStyle>
					<color>ff0055ff</color>
					<colorMode>normal</colorMode>
				</PolyStyle>
			</Style>
			<ExtendedData>
				<SchemaData schemaUrl="#S_pmagsitesupdated_SSSSSS">
					<SimpleData name="Lat">20.32°</SimpleData>
					<SimpleData name="Long">81.20°</SimpleData>
					<SimpleData name="Dec">216°</SimpleData>
					<SimpleData name="Inc">84°</SimpleData>
					<SimpleData name="Age">2.367</SimpleData>
					<SimpleData name="Reference">Radhakrishna et al., 2013a</SimpleData>
				</SchemaData>
			</ExtendedData>
			<Point>
				<coordinates>81.19999999999999,20.31999999999999,0</coordinates>
			</Point>
		</Placemark>
		<Placemark>
			<styleUrl>#pointStyleMap0</styleUrl>
			<Style id="inline">
				<IconStyle>
					<color>ff0055ff</color>
					<colorMode>normal</colorMode>
					<Icon>
						<href>http://maps.google.com/mapfiles/kml/shapes/placemark_square.png</href>
					</Icon>
				</IconStyle>
				<LineStyle>
					<color>ff0055ff</color>
					<colorMode>normal</colorMode>
				</LineStyle>
				<PolyStyle>
					<color>ff0055ff</color>
					<colorMode>normal</colorMode>
				</PolyStyle>
			</Style>
			<ExtendedData>
				<SchemaData schemaUrl="#S_pmagsitesupdated_SSSSSS">
					<SimpleData name="Lat">20.20°</SimpleData>
					<SimpleData name="Long">81.35°</SimpleData>
					<SimpleData name="Dec">176°</SimpleData>
					<SimpleData name="Inc">-76°</SimpleData>
					<SimpleData name="Age">2.367</SimpleData>
					<SimpleData name="Reference">Radhakrishna et al., 2013a</SimpleData>
				</SchemaData>
			</ExtendedData>
			<Point>
				<coordinates>81.35000000000001,20.2,0</coordinates>
			</Point>
		</Placemark>
		<Placemark>
			<styleUrl>#pointStyleMap0</styleUrl>
			<Style id="inline">
				<IconStyle>
					<color>ff0055ff</color>
					<colorMode>normal</colorMode>
					<Icon>
						<href>http://maps.google.com/mapfiles/kml/shapes/placemark_square.png</href>
					</Icon>
				</IconStyle>
				<LineStyle>
					<color>ff0055ff</color>
					<colorMode>normal</colorMode>
				</LineStyle>
				<PolyStyle>
					<color>ff0055ff</color>
					<colorMode>normal</colorMode>
				</PolyStyle>
			</Style>
			<ExtendedData>
				<SchemaData schemaUrl="#S_pmagsitesupdated_SSSSSS">
					<SimpleData name="Lat">12.65°</SimpleData>
					<SimpleData name="Long">77.5°</SimpleData>
					<SimpleData name="Dec">142.8°</SimpleData>
					<SimpleData name="Inc">-79.3°</SimpleData>
					<SimpleData name="Age">2.367</SimpleData>
					<SimpleData name="Reference">Piispa et al., 2011</SimpleData>
				</SchemaData>
			</ExtendedData>
			<Point>
				<coordinates>77.5,12.65000000000002,0</coordinates>
			</Point>
		</Placemark>
		<Placemark>
			<styleUrl>#pointStyleMap0</styleUrl>
			<Style id="inline">
				<IconStyle>
					<color>ff0055ff</color>
					<colorMode>normal</colorMode>
					<Icon>
						<href>http://maps.google.com/mapfiles/kml/shapes/placemark_square.png</href>
					</Icon>
				</IconStyle>
				<LineStyle>
					<color>ff0055ff</color>
					<colorMode>normal</colorMode>
				</LineStyle>
				<PolyStyle>
					<color>ff0055ff</color>
					<colorMode>normal</colorMode>
				</PolyStyle>
			</Style>
			<ExtendedData>
				<SchemaData schemaUrl="#S_pmagsitesupdated_SSSSSS">
					<SimpleData name="Lat">13.51°</SimpleData>
					<SimpleData name="Long">76.58°</SimpleData>
					<SimpleData name="Dec">76.5°</SimpleData>
					<SimpleData name="Inc">-81.8°</SimpleData>
					<SimpleData name="Age">2.367</SimpleData>
					<SimpleData name="Reference">Piispa et al., 2011</SimpleData>
				</SchemaData>
			</ExtendedData>
			<Point>
				<coordinates>76.57999999999997,13.50999999999998,0</coordinates>
			</Point>
		</Placemark>
		<Placemark>
			<styleUrl>#pointStyleMap0</styleUrl>
			<Style id="inline">
				<IconStyle>
					<color>ff0055ff</color>
					<colorMode>normal</colorMode>
					<Icon>
						<href>http://maps.google.com/mapfiles/kml/shapes/placemark_square.png</href>
					</Icon>
				</IconStyle>
				<LineStyle>
					<color>ff0055ff</color>
					<colorMode>normal</colorMode>
				</LineStyle>
				<PolyStyle>
					<color>ff0055ff</color>
					<colorMode>normal</colorMode>
				</PolyStyle>
			</Style>
			<ExtendedData>
				<SchemaData schemaUrl="#S_pmagsitesupdated_SSSSSS">
					<SimpleData name="Lat">14.07°</SimpleData>
					<SimpleData name="Long">77.28°</SimpleData>
					<SimpleData name="Dec">71.4°</SimpleData>
					<SimpleData name="Inc">-66.6°</SimpleData>
					<SimpleData name="Age">2.367</SimpleData>
					<SimpleData name="Reference">Piispa et al., 2011</SimpleData>
				</SchemaData>
			</ExtendedData>
			<Point>
				<coordinates>77.27999999999996,14.07000000000001,0</coordinates>
			</Point>
		</Placemark>
		<Placemark>
			<styleUrl>#pointStyleMap0</styleUrl>
			<Style id="inline">
				<IconStyle>
					<color>ff0055ff</color>
					<colorMode>normal</colorMode>
					<Icon>
						<href>http://maps.google.com/mapfiles/kml/shapes/placemark_square.png</href>
					</Icon>
				</IconStyle>
				<LineStyle>
					<color>ff0055ff</color>
					<colorMode>normal</colorMode>
				</LineStyle>
				<PolyStyle>
					<color>ff0055ff</color>
					<colorMode>normal</colorMode>
				</PolyStyle>
			</Style>
			<ExtendedData>
				<SchemaData schemaUrl="#S_pmagsitesupdated_SSSSSS">
					<SimpleData name="Lat">14.20°</SimpleData>
					<SimpleData name="Long">77.81°</SimpleData>
					<SimpleData name="Dec">98.2°</SimpleData>
					<SimpleData name="Inc">-68.2°</SimpleData>
					<SimpleData name="Age">2.367</SimpleData>
					<SimpleData name="Reference">Piispa et al., 2011</SimpleData>
				</SchemaData>
			</ExtendedData>
			<Point>
				<coordinates>77.81,14.19999999999998,0</coordinates>
			</Point>
		</Placemark>
		<Placemark>
			<styleUrl>#pointStyleMap0</styleUrl>
			<Style id="inline">
				<IconStyle>
					<color>ff0055ff</color>
					<colorMode>normal</colorMode>
					<Icon>
						<href>http://maps.google.com/mapfiles/kml/shapes/placemark_square.png</href>
					</Icon>
				</IconStyle>
				<LineStyle>
					<color>ff0055ff</color>
					<colorMode>normal</colorMode>
				</LineStyle>
				<PolyStyle>
					<color>ff0055ff</color>
					<colorMode>normal</colorMode>
				</PolyStyle>
			</Style>
			<ExtendedData>
				<SchemaData schemaUrl="#S_pmagsitesupdated_SSSSSS">
					<SimpleData name="Lat">12.06°</SimpleData>
					<SimpleData name="Long">79.35°</SimpleData>
					<SimpleData name="Dec">197.9°</SimpleData>
					<SimpleData name="Inc">-76.1°</SimpleData>
					<SimpleData name="Age">2.367</SimpleData>
					<SimpleData name="Reference">Dash et al., 2013</SimpleData>
				</SchemaData>
			</ExtendedData>
			<Point>
				<coordinates>79.35000000000001,12.05999999999999,0</coordinates>
			</Point>
		</Placemark>
		<Placemark>
			<styleUrl>#pointStyleMap0</styleUrl>
			<Style id="inline">
				<IconStyle>
					<color>ff0055ff</color>
					<colorMode>normal</colorMode>
					<Icon>
						<href>http://maps.google.com/mapfiles/kml/shapes/placemark_square.png</href>
					</Icon>
				</IconStyle>
				<LineStyle>
					<color>ff0055ff</color>
					<colorMode>normal</colorMode>
				</LineStyle>
				<PolyStyle>
					<color>ff0055ff</color>
					<colorMode>normal</colorMode>
				</PolyStyle>
			</Style>
			<ExtendedData>
				<SchemaData schemaUrl="#S_pmagsitesupdated_SSSSSS">
					<SimpleData name="Lat">12.05°</SimpleData>
					<SimpleData name="Long">79.33°</SimpleData>
					<SimpleData name="Dec">174.5°</SimpleData>
					<SimpleData name="Inc">-79.3°</SimpleData>
					<SimpleData name="Age">2.367</SimpleData>
					<SimpleData name="Reference">Dash et al., 2013</SimpleData>
				</SchemaData>
			</ExtendedData>
			<Point>
				<coordinates>79.33,12.05,0</coordinates>
			</Point>
		</Placemark>
		<Placemark>
			<styleUrl>#pointStyleMap0</styleUrl>
			<Style id="inline">
				<IconStyle>
					<color>ff0055ff</color>
					<colorMode>normal</colorMode>
					<Icon>
						<href>http://maps.google.com/mapfiles/kml/shapes/placemark_square.png</href>
					</Icon>
				</IconStyle>
				<LineStyle>
					<color>ff0055ff</color>
					<colorMode>normal</colorMode>
				</LineStyle>
				<PolyStyle>
					<color>ff0055ff</color>
					<colorMode>normal</colorMode>
				</PolyStyle>
			</Style>
			<ExtendedData>
				<SchemaData schemaUrl="#S_pmagsitesupdated_SSSSSS">
					<SimpleData name="Lat">16.80°</SimpleData>
					<SimpleData name="Long">79.37°</SimpleData>
					<SimpleData name="Dec">164.7°</SimpleData>
					<SimpleData name="Inc">+70.7°</SimpleData>
					<SimpleData name="Age">2.367</SimpleData>
					<SimpleData name="Reference">Dash et al., 2013</SimpleData>
				</SchemaData>
			</ExtendedData>
			<Point>
				<coordinates>79.36999999999999,16.80000000000003,0</coordinates>
			</Point>
		</Placemark>
		<Placemark>
			<styleUrl>#pointStyleMap0</styleUrl>
			<Style id="inline">
				<IconStyle>
					<color>ff0055ff</color>
					<colorMode>normal</colorMode>
					<Icon>
						<href>http://maps.google.com/mapfiles/kml/shapes/placemark_square.png</href>
					</Icon>
				</IconStyle>
				<LineStyle>
					<color>ff0055ff</color>
					<colorMode>normal</colorMode>
				</LineStyle>
				<PolyStyle>
					<color>ff0055ff</color>
					<colorMode>normal</colorMode>
				</PolyStyle>
			</Style>
			<ExtendedData>
				<SchemaData schemaUrl="#S_pmagsitesupdated_SSSSSS">
					<SimpleData name="Lat">12.11°</SimpleData>
					<SimpleData name="Long">79.25°</SimpleData>
					<SimpleData name="Dec">174.9°</SimpleData>
					<SimpleData name="Inc">-75.9°</SimpleData>
					<SimpleData name="Age">2.367</SimpleData>
					<SimpleData name="Reference">Dash et al., 2013</SimpleData>
				</SchemaData>
			</ExtendedData>
			<Point>
				<coordinates>79.25,12.11,0</coordinates>
			</Point>
		</Placemark>
		<Placemark>
			<styleUrl>#pointStyleMap0</styleUrl>
			<Style id="inline">
				<IconStyle>
					<color>ff0055ff</color>
					<colorMode>normal</colorMode>
					<Icon>
						<href>http://maps.google.com/mapfiles/kml/shapes/placemark_square.png</href>
					</Icon>
				</IconStyle>
				<LineStyle>
					<color>ff0055ff</color>
					<colorMode>normal</colorMode>
				</LineStyle>
				<PolyStyle>
					<color>ff0055ff</color>
					<colorMode>normal</colorMode>
				</PolyStyle>
			</Style>
			<ExtendedData>
				<SchemaData schemaUrl="#S_pmagsitesupdated_SSSSSS">
					<SimpleData name="Lat">12.16°</SimpleData>
					<SimpleData name="Long">79.16°</SimpleData>
					<SimpleData name="Dec">302.2°</SimpleData>
					<SimpleData name="Inc">-74.8°</SimpleData>
					<SimpleData name="Age">2.367</SimpleData>
					<SimpleData name="Reference">Dash et al., 2013</SimpleData>
				</SchemaData>
			</ExtendedData>
			<Point>
				<coordinates>79.15999999999997,12.16000000000001,0</coordinates>
			</Point>
		</Placemark>
		<Placemark>
			<styleUrl>#pointStyleMap0</styleUrl>
			<Style id="inline">
				<IconStyle>
					<color>ff0055ff</color>
					<colorMode>normal</colorMode>
					<Icon>
						<href>http://maps.google.com/mapfiles/kml/shapes/placemark_square.png</href>
					</Icon>
				</IconStyle>
				<LineStyle>
					<color>ff0055ff</color>
					<colorMode>normal</colorMode>
				</LineStyle>
				<PolyStyle>
					<color>ff0055ff</color>
					<colorMode>normal</colorMode>
				</PolyStyle>
			</Style>
			<ExtendedData>
				<SchemaData schemaUrl="#S_pmagsitesupdated_SSSSSS">
					<SimpleData name="Lat">12.26°</SimpleData>
					<SimpleData name="Long">78.88°</SimpleData>
					<SimpleData name="Dec">128.4°</SimpleData>
					<SimpleData name="Inc">-46.2°</SimpleData>
					<SimpleData name="Age">2.367</SimpleData>
					<SimpleData name="Reference">Dash et al., 2013</SimpleData>
				</SchemaData>
			</ExtendedData>
			<Point>
				<coordinates>78.88000000000001,12.25999999999998,0</coordinates>
			</Point>
		</Placemark>
		<Placemark>
			<styleUrl>#pointStyleMap0</styleUrl>
			<Style id="inline">
				<IconStyle>
					<color>ff0055ff</color>
					<colorMode>normal</colorMode>
					<Icon>
						<href>http://maps.google.com/mapfiles/kml/shapes/placemark_square.png</href>
					</Icon>
				</IconStyle>
				<LineStyle>
					<color>ff0055ff</color>
					<colorMode>normal</colorMode>
				</LineStyle>
				<PolyStyle>
					<color>ff0055ff</color>
					<colorMode>normal</colorMode>
				</PolyStyle>
			</Style>
			<ExtendedData>
				<SchemaData schemaUrl="#S_pmagsitesupdated_SSSSSS">
					<SimpleData name="Lat">12.26°</SimpleData>
					<SimpleData name="Long">78.9°</SimpleData>
					<SimpleData name="Dec">133.2°</SimpleData>
					<SimpleData name="Inc">-51.8°</SimpleData>
					<SimpleData name="Age">2.367</SimpleData>
					<SimpleData name="Reference">Dash et al., 2013</SimpleData>
				</SchemaData>
			</ExtendedData>
			<Point>
				<coordinates>78.89999999999998,12.25999999999998,0</coordinates>
			</Point>
		</Placemark>
		<Placemark>
			<styleUrl>#pointStyleMap0</styleUrl>
			<Style id="inline">
				<IconStyle>
					<color>ff0055ff</color>
					<colorMode>normal</colorMode>
					<Icon>
						<href>http://maps.google.com/mapfiles/kml/shapes/placemark_square.png</href>
					</Icon>
				</IconStyle>
				<LineStyle>
					<color>ff0055ff</color>
					<colorMode>normal</colorMode>
				</LineStyle>
				<PolyStyle>
					<color>ff0055ff</color>
					<colorMode>normal</colorMode>
				</PolyStyle>
			</Style>
			<ExtendedData>
				<SchemaData schemaUrl="#S_pmagsitesupdated_SSSSSS">
					<SimpleData name="Lat">12.20°</SimpleData>
					<SimpleData name="Long">78.9°</SimpleData>
					<SimpleData name="Dec">130.2°</SimpleData>
					<SimpleData name="Inc">-72.1°</SimpleData>
					<SimpleData name="Age">2.367</SimpleData>
					<SimpleData name="Reference">Dash et al., 2013</SimpleData>
				</SchemaData>
			</ExtendedData>
			<Point>
				<coordinates>78.89999999999998,12.19999999999999,0</coordinates>
			</Point>
		</Placemark>
		<Placemark>
			<styleUrl>#pointStyleMap0</styleUrl>
			<Style id="inline">
				<IconStyle>
					<color>ff0055ff</color>
					<colorMode>normal</colorMode>
					<Icon>
						<href>http://maps.google.com/mapfiles/kml/shapes/placemark_square.png</href>
					</Icon>
				</IconStyle>
				<LineStyle>
					<color>ff0055ff</color>
					<colorMode>normal</colorMode>
				</LineStyle>
				<PolyStyle>
					<color>ff0055ff</color>
					<colorMode>normal</colorMode>
				</PolyStyle>
			</Style>
			<ExtendedData>
				<SchemaData schemaUrl="#S_pmagsitesupdated_SSSSSS">
					<SimpleData name="Lat">12.16°</SimpleData>
					<SimpleData name="Long">78.95°</SimpleData>
					<SimpleData name="Dec">89.1°</SimpleData>
					<SimpleData name="Inc">-68.1°</SimpleData>
					<SimpleData name="Age">2.367</SimpleData>
					<SimpleData name="Reference">Dash et al., 2013</SimpleData>
				</SchemaData>
			</ExtendedData>
			<Point>
				<coordinates>78.94999999999999,12.16000000000001,0</coordinates>
			</Point>
		</Placemark>
		<Placemark>
			<styleUrl>#pointStyleMap0</styleUrl>
			<Style id="inline">
				<IconStyle>
					<color>ff0055ff</color>
					<colorMode>normal</colorMode>
					<Icon>
						<href>http://maps.google.com/mapfiles/kml/shapes/placemark_square.png</href>
					</Icon>
				</IconStyle>
				<LineStyle>
					<color>ff0055ff</color>
					<colorMode>normal</colorMode>
				</LineStyle>
				<PolyStyle>
					<color>ff0055ff</color>
					<colorMode>normal</colorMode>
				</PolyStyle>
			</Style>
			<ExtendedData>
				<SchemaData schemaUrl="#S_pmagsitesupdated_SSSSSS">
					<SimpleData name="Lat">14.45°</SimpleData>
					<SimpleData name="Long">77.70°</SimpleData>
					<SimpleData name="Dec">196°</SimpleData>
					<SimpleData name="Inc">77°</SimpleData>
					<SimpleData name="Age">2.367</SimpleData>
					<SimpleData name="Reference">Radhakrishna et al., 2013b</SimpleData>
				</SchemaData>
			</ExtendedData>
			<Point>
				<coordinates>77.69999999999999,14.44999999999998,0</coordinates>
			</Point>
		</Placemark>
		<Placemark>
			<styleUrl>#pointStyleMap0</styleUrl>
			<Style id="inline">
				<IconStyle>
					<color>ff0055ff</color>
					<colorMode>normal</colorMode>
					<Icon>
						<href>http://maps.google.com/mapfiles/kml/shapes/placemark_square.png</href>
					</Icon>
				</IconStyle>
				<LineStyle>
					<color>ff0055ff</color>
					<colorMode>normal</colorMode>
				</LineStyle>
				<PolyStyle>
					<color>ff0055ff</color>
					<colorMode>normal</colorMode>
				</PolyStyle>
			</Style>
			<ExtendedData>
				<SchemaData schemaUrl="#S_pmagsitesupdated_SSSSSS">
					<SimpleData name="Lat">14.57°</SimpleData>
					<SimpleData name="Long">77.38°</SimpleData>
					<SimpleData name="Dec">208.6°</SimpleData>
					<SimpleData name="Inc">78.4°</SimpleData>
					<SimpleData name="Age">2.367</SimpleData>
					<SimpleData name="Reference">Radhakrishna et al., 2013b</SimpleData>
				</SchemaData>
			</ExtendedData>
			<Point>
				<coordinates>77.37999999999998,14.57000000000001,0</coordinates>
			</Point>
		</Placemark>
		<Placemark>
			<styleUrl>#pointStyleMap0</styleUrl>
			<Style id="inline">
				<IconStyle>
					<color>ff0055ff</color>
					<colorMode>normal</colorMode>
					<Icon>
						<href>http://maps.google.com/mapfiles/kml/shapes/placemark_square.png</href>
					</Icon>
				</IconStyle>
				<LineStyle>
					<color>ff0055ff</color>
					<colorMode>normal</colorMode>
				</LineStyle>
				<PolyStyle>
					<color>ff0055ff</color>
					<colorMode>normal</colorMode>
				</PolyStyle>
			</Style>
			<ExtendedData>
				<SchemaData schemaUrl="#S_pmagsitesupdated_SSSSSS">
					<SimpleData name="Lat">17.22°</SimpleData>
					<SimpleData name="Long">80.11°</SimpleData>
					<SimpleData name="Dec">304.5°</SimpleData>
					<SimpleData name="Inc">85.3°</SimpleData>
					<SimpleData name="Age">2.367</SimpleData>
					<SimpleData name="Reference">Radhakrishna et al., 2013b</SimpleData>
				</SchemaData>
			</ExtendedData>
			<Point>
				<coordinates>80.11,17.21999999999998,0</coordinates>
			</Point>
		</Placemark>
		<Placemark>
			<styleUrl>#pointStyleMap0</styleUrl>
			<Style id="inline">
				<IconStyle>
					<color>ff0055ff</color>
					<colorMode>normal</colorMode>
					<Icon>
						<href>http://maps.google.com/mapfiles/kml/shapes/placemark_square.png</href>
					</Icon>
				</IconStyle>
				<LineStyle>
					<color>ff0055ff</color>
					<colorMode>normal</colorMode>
				</LineStyle>
				<PolyStyle>
					<color>ff0055ff</color>
					<colorMode>normal</colorMode>
				</PolyStyle>
			</Style>
			<ExtendedData>
				<SchemaData schemaUrl="#S_pmagsitesupdated_SSSSSS">
					<SimpleData name="Lat">17.16°</SimpleData>
					<SimpleData name="Long">79.80°</SimpleData>
					<SimpleData name="Dec">165.3°</SimpleData>
					<SimpleData name="Inc">-78.7°</SimpleData>
					<SimpleData name="Age">2.367</SimpleData>
					<SimpleData name="Reference">Radhakrishna et al., 2013b</SimpleData>
				</SchemaData>
			</ExtendedData>
			<Point>
				<coordinates>79.80000000000001,17.15999999999999,0</coordinates>
			</Point>
		</Placemark>
		<Placemark>
			<styleUrl>#pointStyleMap0</styleUrl>
			<Style id="inline">
				<IconStyle>
					<color>ff0055ff</color>
					<colorMode>normal</colorMode>
					<Icon>
						<href>http://maps.google.com/mapfiles/kml/shapes/placemark_square.png</href>
					</Icon>
				</IconStyle>
				<LineStyle>
					<color>ff0055ff</color>
					<colorMode>normal</colorMode>
				</LineStyle>
				<PolyStyle>
					<color>ff0055ff</color>
					<colorMode>normal</colorMode>
				</PolyStyle>
			</Style>
			<ExtendedData>
				<SchemaData schemaUrl="#S_pmagsitesupdated_SSSSSS">
					<SimpleData name="Lat">14.23°</SimpleData>
					<SimpleData name="Long">78.75°</SimpleData>
					<SimpleData name="Dec">23°</SimpleData>
					<SimpleData name="Inc">-68°</SimpleData>
					<SimpleData name="Age">2.367</SimpleData>
					<SimpleData name="Reference">Radhakrishna et al., 2013b</SimpleData>
				</SchemaData>
			</ExtendedData>
			<Point>
				<coordinates>78.75,14.22999999999998,0</coordinates>
			</Point>
		</Placemark>
		<Placemark>
			<styleUrl>#pointStyleMap0</styleUrl>
			<Style id="inline">
				<IconStyle>
					<color>ff0055ff</color>
					<colorMode>normal</colorMode>
					<Icon>
						<href>http://maps.google.com/mapfiles/kml/shapes/placemark_square.png</href>
					</Icon>
				</IconStyle>
				<LineStyle>
					<color>ff0055ff</color>
					<colorMode>normal</colorMode>
				</LineStyle>
				<PolyStyle>
					<color>ff0055ff</color>
					<colorMode>normal</colorMode>
				</PolyStyle>
			</Style>
			<ExtendedData>
				<SchemaData schemaUrl="#S_pmagsitesupdated_SSSSSS">
					<SimpleData name="Lat">13.29°</SimpleData>
					<SimpleData name="Long">76.463°</SimpleData>
					<SimpleData name="Dec">21.8°</SimpleData>
					<SimpleData name="Inc">-75.8°</SimpleData>
					<SimpleData name="Age">2.367</SimpleData>
					<SimpleData name="Reference">Belica et al., 2014</SimpleData>
				</SchemaData>
			</ExtendedData>
			<Point>
				<coordinates>76.46299999999997,13.28999999999997,0</coordinates>
			</Point>
		</Placemark>
		<Placemark>
			<styleUrl>#pointStyleMap0</styleUrl>
			<Style id="inline">
				<IconStyle>
					<color>ff0055ff</color>
					<colorMode>normal</colorMode>
					<Icon>
						<href>http://maps.google.com/mapfiles/kml/shapes/placemark_square.png</href>
					</Icon>
				</IconStyle>
				<LineStyle>
					<color>ff0055ff</color>
					<colorMode>normal</colorMode>
				</LineStyle>
				<PolyStyle>
					<color>ff0055ff</color>
					<colorMode>normal</colorMode>
				</PolyStyle>
			</Style>
			<ExtendedData>
				<SchemaData schemaUrl="#S_pmagsitesupdated_SSSSSS">
					<SimpleData name="Lat">13.183°</SimpleData>
					<SimpleData name="Long">77.041°</SimpleData>
					<SimpleData name="Dec">339°</SimpleData>
					<SimpleData name="Inc">-81°</SimpleData>
					<SimpleData name="Age">2.367</SimpleData>
					<SimpleData name="Reference">Belica et al., 2014</SimpleData>
				</SchemaData>
			</ExtendedData>
			<Point>
				<coordinates>77.041,13.18299999999999,0</coordinates>
			</Point>
		</Placemark>
		<Placemark>
			<styleUrl>#pointStyleMap0</styleUrl>
			<Style id="inline">
				<IconStyle>
					<color>ff0055ff</color>
					<colorMode>normal</colorMode>
					<Icon>
						<href>http://maps.google.com/mapfiles/kml/shapes/placemark_square.png</href>
					</Icon>
				</IconStyle>
				<LineStyle>
					<color>ff0055ff</color>
					<colorMode>normal</colorMode>
				</LineStyle>
				<PolyStyle>
					<color>ff0055ff</color>
					<colorMode>normal</colorMode>
				</PolyStyle>
			</Style>
			<ExtendedData>
				<SchemaData schemaUrl="#S_pmagsitesupdated_SSSSSS">
					<SimpleData name="Lat">13.334°</SimpleData>
					<SimpleData name="Long">79.405°</SimpleData>
					<SimpleData name="Dec">256.1°</SimpleData>
					<SimpleData name="Inc">69.5°</SimpleData>
					<SimpleData name="Age">2.367</SimpleData>
					<SimpleData name="Reference">Belica et al., 2014</SimpleData>
				</SchemaData>
			</ExtendedData>
			<Point>
				<coordinates>79.40499999999997,13.33399999999998,0</coordinates>
			</Point>
		</Placemark>
		<Placemark>
			<styleUrl>#pointStyleMap0</styleUrl>
			<Style id="inline">
				<IconStyle>
					<color>ff0055ff</color>
					<colorMode>normal</colorMode>
					<Icon>
						<href>http://maps.google.com/mapfiles/kml/shapes/placemark_square.png</href>
					</Icon>
				</IconStyle>
				<LineStyle>
					<color>ff0055ff</color>
					<colorMode>normal</colorMode>
				</LineStyle>
				<PolyStyle>
					<color>ff0055ff</color>
					<colorMode>normal</colorMode>
				</PolyStyle>
			</Style>
			<ExtendedData>
				<SchemaData schemaUrl="#S_pmagsitesupdated_SSSSSS">
					<SimpleData name="Lat">13.54°</SimpleData>
					<SimpleData name="Long">79.005°</SimpleData>
					<SimpleData name="Dec">117.4°</SimpleData>
					<SimpleData name="Inc">-78.9°</SimpleData>
					<SimpleData name="Age">2.367</SimpleData>
					<SimpleData name="Reference">Belica et al., 2014</SimpleData>
				</SchemaData>
			</ExtendedData>
			<Point>
				<coordinates>79.005,13.53999999999997,0</coordinates>
			</Point>
		</Placemark>
		<Placemark>
			<styleUrl>#pointStyleMap0</styleUrl>
			<Style id="inline">
				<IconStyle>
					<color>ff0055ff</color>
					<colorMode>normal</colorMode>
					<Icon>
						<href>http://maps.google.com/mapfiles/kml/shapes/placemark_square.png</href>
					</Icon>
				</IconStyle>
				<LineStyle>
					<color>ff0055ff</color>
					<colorMode>normal</colorMode>
				</LineStyle>
				<PolyStyle>
					<color>ff0055ff</color>
					<colorMode>normal</colorMode>
				</PolyStyle>
			</Style>
			<ExtendedData>
				<SchemaData schemaUrl="#S_pmagsitesupdated_SSSSSS">
					<SimpleData name="Lat">13.533°</SimpleData>
					<SimpleData name="Long">79.016°</SimpleData>
					<SimpleData name="Dec">331°</SimpleData>
					<SimpleData name="Inc">78.3°</SimpleData>
					<SimpleData name="Age">2.367</SimpleData>
					<SimpleData name="Reference">Belica et al., 2014</SimpleData>
				</SchemaData>
			</ExtendedData>
			<Point>
				<coordinates>79.01600000000002,13.53299999999997,0</coordinates>
			</Point>
		</Placemark>
		<Placemark>
			<styleUrl>#pointStyleMap0</styleUrl>
			<Style id="inline">
				<IconStyle>
					<color>ff0055ff</color>
					<colorMode>normal</colorMode>
					<Icon>
						<href>http://maps.google.com/mapfiles/kml/shapes/placemark_square.png</href>
					</Icon>
				</IconStyle>
				<LineStyle>
					<color>ff0055ff</color>
					<colorMode>normal</colorMode>
				</LineStyle>
				<PolyStyle>
					<color>ff0055ff</color>
					<colorMode>normal</colorMode>
				</PolyStyle>
			</Style>
			<ExtendedData>
				<SchemaData schemaUrl="#S_pmagsitesupdated_SSSSSS">
					<SimpleData name="Lat">14.156°</SimpleData>
					<SimpleData name="Long">78.151°</SimpleData>
					<SimpleData name="Dec">74°</SimpleData>
					<SimpleData name="Inc">-85°</SimpleData>
					<SimpleData name="Age">2.367</SimpleData>
					<SimpleData name="Reference">Belica et al., 2014</SimpleData>
				</SchemaData>
			</ExtendedData>
			<Point>
				<coordinates>78.151,14.15600000000001,0</coordinates>
			</Point>
		</Placemark>
		<Placemark>
			<styleUrl>#pointStyleMap0</styleUrl>
			<Style id="inline">
				<IconStyle>
					<color>ff0055ff</color>
					<colorMode>normal</colorMode>
					<Icon>
						<href>http://maps.google.com/mapfiles/kml/shapes/placemark_square.png</href>
					</Icon>
				</IconStyle>
				<LineStyle>
					<color>ff0055ff</color>
					<colorMode>normal</colorMode>
				</LineStyle>
				<PolyStyle>
					<color>ff0055ff</color>
					<colorMode>normal</colorMode>
				</PolyStyle>
			</Style>
			<ExtendedData>
				<SchemaData schemaUrl="#S_pmagsitesupdated_SSSSSS">
					<SimpleData name="Lat">14.196°</SimpleData>
					<SimpleData name="Long">77.81°</SimpleData>
					<SimpleData name="Dec">75°</SimpleData>
					<SimpleData name="Inc">-72.3°</SimpleData>
					<SimpleData name="Age">2.367</SimpleData>
					<SimpleData name="Reference">Belica et al., 2014</SimpleData>
				</SchemaData>
			</ExtendedData>
			<Point>
				<coordinates>77.81,14.19599999999999,0</coordinates>
			</Point>
		</Placemark>
		<Placemark>
			<styleUrl>#pointStyleMap0</styleUrl>
			<Style id="inline">
				<IconStyle>
					<color>ff0055ff</color>
					<colorMode>normal</colorMode>
					<Icon>
						<href>http://maps.google.com/mapfiles/kml/shapes/placemark_square.png</href>
					</Icon>
				</IconStyle>
				<LineStyle>
					<color>ff0055ff</color>
					<colorMode>normal</colorMode>
				</LineStyle>
				<PolyStyle>
					<color>ff0055ff</color>
					<colorMode>normal</colorMode>
				</PolyStyle>
			</Style>
			<ExtendedData>
				<SchemaData schemaUrl="#S_pmagsitesupdated_SSSSSS">
					<SimpleData name="Lat">14.474°</SimpleData>
					<SimpleData name="Long">77.626°</SimpleData>
					<SimpleData name="Dec">17°</SimpleData>
					<SimpleData name="Inc">-76°</SimpleData>
					<SimpleData name="Age">2.367</SimpleData>
					<SimpleData name="Reference">Belica et al., 2014</SimpleData>
				</SchemaData>
			</ExtendedData>
			<Point>
				<coordinates>77.62599999999999,14.47399999999998,0</coordinates>
			</Point>
		</Placemark>
		<Placemark>
			<styleUrl>#pointStyleMap0</styleUrl>
			<Style id="inline">
				<IconStyle>
					<color>ff0055ff</color>
					<colorMode>normal</colorMode>
					<Icon>
						<href>http://maps.google.com/mapfiles/kml/shapes/placemark_square.png</href>
					</Icon>
				</IconStyle>
				<LineStyle>
					<color>ff0055ff</color>
					<colorMode>normal</colorMode>
				</LineStyle>
				<PolyStyle>
					<color>ff0055ff</color>
					<colorMode>normal</colorMode>
				</PolyStyle>
			</Style>
			<ExtendedData>
				<SchemaData schemaUrl="#S_pmagsitesupdated_SSSSSS">
					<SimpleData name="Lat">14.313°</SimpleData>
					<SimpleData name="Long">77.637°</SimpleData>
					<SimpleData name="Dec">234°</SimpleData>
					<SimpleData name="Inc">86°</SimpleData>
					<SimpleData name="Age">2.367</SimpleData>
					<SimpleData name="Reference">Belica et al., 2014</SimpleData>
				</SchemaData>
			</ExtendedData>
			<Point>
				<coordinates>77.63699999999999,14.313,0</coordinates>
			</Point>
		</Placemark>
		<Placemark>
			<styleUrl>#pointStyleMap0</styleUrl>
			<Style id="inline">
				<IconStyle>
					<color>ff0055ff</color>
					<colorMode>normal</colorMode>
					<Icon>
						<href>http://maps.google.com/mapfiles/kml/shapes/placemark_square.png</href>
					</Icon>
				</IconStyle>
				<LineStyle>
					<color>ff0055ff</color>
					<colorMode>normal</colorMode>
				</LineStyle>
				<PolyStyle>
					<color>ff0055ff</color>
					<colorMode>normal</colorMode>
				</PolyStyle>
			</Style>
			<ExtendedData>
				<SchemaData schemaUrl="#S_pmagsitesupdated_SSSSSS">
					<SimpleData name="Lat">14.192°</SimpleData>
					<SimpleData name="Long">77.736°</SimpleData>
					<SimpleData name="Dec">85.2°</SimpleData>
					<SimpleData name="Inc">-80.4°</SimpleData>
					<SimpleData name="Age">2.367</SimpleData>
					<SimpleData name="Reference">Belica et al., 2014</SimpleData>
				</SchemaData>
			</ExtendedData>
			<Point>
				<coordinates>77.73599999999999,14.19200000000001,0</coordinates>
			</Point>
		</Placemark>
		<Placemark>
			<styleUrl>#pointStyleMap0</styleUrl>
			<Style id="inline">
				<IconStyle>
					<color>ff0055ff</color>
					<colorMode>normal</colorMode>
					<Icon>
						<href>http://maps.google.com/mapfiles/kml/shapes/placemark_square.png</href>
					</Icon>
				</IconStyle>
				<LineStyle>
					<color>ff0055ff</color>
					<colorMode>normal</colorMode>
				</LineStyle>
				<PolyStyle>
					<color>ff0055ff</color>
					<colorMode>normal</colorMode>
				</PolyStyle>
			</Style>
			<ExtendedData>
				<SchemaData schemaUrl="#S_pmagsitesupdated_SSSSSS">
					<SimpleData name="Lat">13.255°</SimpleData>
					<SimpleData name="Long">76.449°</SimpleData>
					<SimpleData name="Dec">12°</SimpleData>
					<SimpleData name="Inc">-81°</SimpleData>
					<SimpleData name="Age">2.367</SimpleData>
					<SimpleData name="Reference">Belica et al., 2014</SimpleData>
				</SchemaData>
			</ExtendedData>
			<Point>
				<coordinates>76.449,13.25499999999998,0</coordinates>
			</Point>
		</Placemark>
		<Placemark>
			<styleUrl>#pointStyleMap0</styleUrl>
			<Style id="inline">
				<IconStyle>
					<color>ff0055ff</color>
					<colorMode>normal</colorMode>
					<Icon>
						<href>http://maps.google.com/mapfiles/kml/shapes/placemark_square.png</href>
					</Icon>
				</IconStyle>
				<LineStyle>
					<color>ff0055ff</color>
					<colorMode>normal</colorMode>
				</LineStyle>
				<PolyStyle>
					<color>ff0055ff</color>
					<colorMode>normal</colorMode>
				</PolyStyle>
			</Style>
			<ExtendedData>
				<SchemaData schemaUrl="#S_pmagsitesupdated_SSSSSS">
					<SimpleData name="Lat">13.972°</SimpleData>
					<SimpleData name="Long">77.834°</SimpleData>
					<SimpleData name="Dec">238.3°</SimpleData>
					<SimpleData name="Inc">72°</SimpleData>
					<SimpleData name="Age">2.367</SimpleData>
					<SimpleData name="Reference">Belica et al., 2014</SimpleData>
				</SchemaData>
			</ExtendedData>
			<Point>
				<coordinates>77.83399999999999,13.97200000000001,0</coordinates>
			</Point>
		</Placemark>
		<Placemark>
			<styleUrl>#pointStyleMap0</styleUrl>
			<Style id="inline">
				<IconStyle>
					<color>ff0055ff</color>
					<colorMode>normal</colorMode>
					<Icon>
						<href>http://maps.google.com/mapfiles/kml/shapes/placemark_square.png</href>
					</Icon>
				</IconStyle>
				<LineStyle>
					<color>ff0055ff</color>
					<colorMode>normal</colorMode>
				</LineStyle>
				<PolyStyle>
					<color>ff0055ff</color>
					<colorMode>normal</colorMode>
				</PolyStyle>
			</Style>
			<ExtendedData>
				<SchemaData schemaUrl="#S_pmagsitesupdated_SSSSSS">
					<SimpleData name="Lat">14.388°</SimpleData>
					<SimpleData name="Long">76.920°</SimpleData>
					<SimpleData name="Dec">116.4°</SimpleData>
					<SimpleData name="Inc">-76.7°</SimpleData>
					<SimpleData name="Age">2.367</SimpleData>
					<SimpleData name="Reference">Belica et al., 2014</SimpleData>
				</SchemaData>
			</ExtendedData>
			<Point>
				<coordinates>76.92,14.38800000000001,0</coordinates>
			</Point>
		</Placemark>
		<Placemark>
			<styleUrl>#pointStyleMap0</styleUrl>
			<Style id="inline">
				<IconStyle>
					<color>ff0055ff</color>
					<colorMode>normal</colorMode>
					<Icon>
						<href>http://maps.google.com/mapfiles/kml/shapes/placemark_square.png</href>
					</Icon>
				</IconStyle>
				<LineStyle>
					<color>ff0055ff</color>
					<colorMode>normal</colorMode>
				</LineStyle>
				<PolyStyle>
					<color>ff0055ff</color>
					<colorMode>normal</colorMode>
				</PolyStyle>
			</Style>
			<ExtendedData>
				<SchemaData schemaUrl="#S_pmagsitesupdated_SSSSSS">
					<SimpleData name="Lat">14.198°</SimpleData>
					<SimpleData name="Long">77.808°</SimpleData>
					<SimpleData name="Dec">90.9°</SimpleData>
					<SimpleData name="Inc">-74.9°</SimpleData>
					<SimpleData name="Age">2.367</SimpleData>
					<SimpleData name="Reference">Belica et al., 2014</SimpleData>
				</SchemaData>
			</ExtendedData>
			<Point>
				<coordinates>77.80799999999998,14.19800000000001,0</coordinates>
			</Point>
		</Placemark>
		<Placemark>
			<styleUrl>#pointStyleMap0</styleUrl>
			<Style id="inline">
				<IconStyle>
					<color>ff0055ff</color>
					<colorMode>normal</colorMode>
					<Icon>
						<href>http://maps.google.com/mapfiles/kml/shapes/placemark_square.png</href>
					</Icon>
				</IconStyle>
				<LineStyle>
					<color>ff0055ff</color>
					<colorMode>normal</colorMode>
				</LineStyle>
				<PolyStyle>
					<color>ff0055ff</color>
					<colorMode>normal</colorMode>
				</PolyStyle>
			</Style>
			<ExtendedData>
				<SchemaData schemaUrl="#S_pmagsitesupdated_SSSSSS">
					<SimpleData name="Lat">14.230°</SimpleData>
					<SimpleData name="Long">77.632°</SimpleData>
					<SimpleData name="Dec">259.7°</SimpleData>
					<SimpleData name="Inc">82.2°</SimpleData>
					<SimpleData name="Age">2.367</SimpleData>
					<SimpleData name="Reference">Belica et al., 2014</SimpleData>
				</SchemaData>
			</ExtendedData>
			<Point>
				<coordinates>77.63199999999999,14.22999999999998,0</coordinates>
			</Point>
		</Placemark>
		<Placemark>
			<styleUrl>#pointStyleMap0</styleUrl>
			<Style id="inline">
				<IconStyle>
					<color>ff0055ff</color>
					<colorMode>normal</colorMode>
					<Icon>
						<href>http://maps.google.com/mapfiles/kml/shapes/placemark_square.png</href>
					</Icon>
				</IconStyle>
				<LineStyle>
					<color>ff0055ff</color>
					<colorMode>normal</colorMode>
				</LineStyle>
				<PolyStyle>
					<color>ff0055ff</color>
					<colorMode>normal</colorMode>
				</PolyStyle>
			</Style>
			<ExtendedData>
				<SchemaData schemaUrl="#S_pmagsitesupdated_SSSSSS">
					<SimpleData name="Lat">17.423°</SimpleData>
					<SimpleData name="Long">78.718°</SimpleData>
					<SimpleData name="Dec">128°</SimpleData>
					<SimpleData name="Inc">-68°</SimpleData>
					<SimpleData name="Age">2.367</SimpleData>
					<SimpleData name="Reference">Babu et al., 2018</SimpleData>
				</SchemaData>
			</ExtendedData>
			<Point>
				<coordinates>78.71800000000003,17.42299999999999,0</coordinates>
			</Point>
		</Placemark>
		<Placemark>
			<styleUrl>#pointStyleMap0</styleUrl>
			<Style id="inline">
				<IconStyle>
					<color>ff0055ff</color>
					<colorMode>normal</colorMode>
					<Icon>
						<href>http://maps.google.com/mapfiles/kml/shapes/placemark_square.png</href>
					</Icon>
				</IconStyle>
				<LineStyle>
					<color>ff0055ff</color>
					<colorMode>normal</colorMode>
				</LineStyle>
				<PolyStyle>
					<color>ff0055ff</color>
					<colorMode>normal</colorMode>
				</PolyStyle>
			</Style>
			<ExtendedData>
				<SchemaData schemaUrl="#S_pmagsitesupdated_SSSSSS">
					<SimpleData name="Lat">16.815°</SimpleData>
					<SimpleData name="Long">78.844°</SimpleData>
					<SimpleData name="Dec">67°</SimpleData>
					<SimpleData name="Inc">-64°</SimpleData>
					<SimpleData name="Age">2.367</SimpleData>
					<SimpleData name="Reference">Babu et al., 2018</SimpleData>
				</SchemaData>
			</ExtendedData>
			<Point>
				<coordinates>78.84399999999998,16.815,0</coordinates>
			</Point>
		</Placemark>
		<Placemark>
			<styleUrl>#pointStyleMap0</styleUrl>
			<Style id="inline">
				<IconStyle>
					<color>ff0055ff</color>
					<colorMode>normal</colorMode>
					<Icon>
						<href>http://maps.google.com/mapfiles/kml/shapes/placemark_square.png</href>
					</Icon>
				</IconStyle>
				<LineStyle>
					<color>ff0055ff</color>
					<colorMode>normal</colorMode>
				</LineStyle>
				<PolyStyle>
					<color>ff0055ff</color>
					<colorMode>normal</colorMode>
				</PolyStyle>
			</Style>
			<ExtendedData>
				<SchemaData schemaUrl="#S_pmagsitesupdated_SSSSSS">
					<SimpleData name="Lat">16.816°</SimpleData>
					<SimpleData name="Long">78.845°</SimpleData>
					<SimpleData name="Dec">114°</SimpleData>
					<SimpleData name="Inc">-69°</SimpleData>
					<SimpleData name="Age">2.367</SimpleData>
					<SimpleData name="Reference">Babu et al., 2018</SimpleData>
				</SchemaData>
			</ExtendedData>
			<Point>
				<coordinates>78.84500000000003,16.81600000000001,0</coordinates>
			</Point>
		</Placemark>
		<Placemark>
			<styleUrl>#pointStyleMap0</styleUrl>
			<Style id="inline">
				<IconStyle>
					<color>ff0055ff</color>
					<colorMode>normal</colorMode>
					<Icon>
						<href>http://maps.google.com/mapfiles/kml/shapes/placemark_square.png</href>
					</Icon>
				</IconStyle>
				<LineStyle>
					<color>ff0055ff</color>
					<colorMode>normal</colorMode>
				</LineStyle>
				<PolyStyle>
					<color>ff0055ff</color>
					<colorMode>normal</colorMode>
				</PolyStyle>
			</Style>
			<ExtendedData>
				<SchemaData schemaUrl="#S_pmagsitesupdated_SSSSSS">
					<SimpleData name="Lat">15.551°</SimpleData>
					<SimpleData name="Long">77.783°</SimpleData>
					<SimpleData name="Dec">56°</SimpleData>
					<SimpleData name="Inc">-72°</SimpleData>
					<SimpleData name="Age">2.367</SimpleData>
					<SimpleData name="Reference">Babu et al., 2018</SimpleData>
				</SchemaData>
			</ExtendedData>
			<Point>
				<coordinates>77.78300000000002,15.551,0</coordinates>
			</Point>
		</Placemark>
		<Placemark>
			<styleUrl>#pointStyleMap0</styleUrl>
			<Style id="inline">
				<IconStyle>
					<color>ff0055ff</color>
					<colorMode>normal</colorMode>
					<Icon>
						<href>http://maps.google.com/mapfiles/kml/shapes/placemark_square.png</href>
					</Icon>
				</IconStyle>
				<LineStyle>
					<color>ff0055ff</color>
					<colorMode>normal</colorMode>
				</LineStyle>
				<PolyStyle>
					<color>ff0055ff</color>
					<colorMode>normal</colorMode>
				</PolyStyle>
			</Style>
			<ExtendedData>
				<SchemaData schemaUrl="#S_pmagsitesupdated_SSSSSS">
					<SimpleData name="Lat">15.564°</SimpleData>
					<SimpleData name="Long">77.805°</SimpleData>
					<SimpleData name="Dec">68°</SimpleData>
					<SimpleData name="Inc">-71°</SimpleData>
					<SimpleData name="Age">2.367</SimpleData>
					<SimpleData name="Reference">Babu et al., 2018</SimpleData>
				</SchemaData>
			</ExtendedData>
			<Point>
				<coordinates>77.80500000000001,15.564,0</coordinates>
			</Point>
		</Placemark>
		<Placemark>
			<styleUrl>#pointStyleMap0</styleUrl>
			<Style id="inline">
				<IconStyle>
					<color>ff0055ff</color>
					<colorMode>normal</colorMode>
					<Icon>
						<href>http://maps.google.com/mapfiles/kml/shapes/placemark_square.png</href>
					</Icon>
				</IconStyle>
				<LineStyle>
					<color>ff0055ff</color>
					<colorMode>normal</colorMode>
				</LineStyle>
				<PolyStyle>
					<color>ff0055ff</color>
					<colorMode>normal</colorMode>
				</PolyStyle>
			</Style>
			<ExtendedData>
				<SchemaData schemaUrl="#S_pmagsitesupdated_SSSSSS">
					<SimpleData name="Lat">15.348°</SimpleData>
					<SimpleData name="Long">77.768°</SimpleData>
					<SimpleData name="Dec">89°</SimpleData>
					<SimpleData name="Inc">-69°</SimpleData>
					<SimpleData name="Age">2.367</SimpleData>
					<SimpleData name="Reference">Babu et al., 2018</SimpleData>
				</SchemaData>
			</ExtendedData>
			<Point>
				<coordinates>77.76800000000004,15.34800000000003,0</coordinates>
			</Point>
		</Placemark>
		<Placemark>
			<styleUrl>#pointStyleMap0</styleUrl>
			<Style id="inline">
				<IconStyle>
					<color>ff0055ff</color>
					<colorMode>normal</colorMode>
					<Icon>
						<href>http://maps.google.com/mapfiles/kml/shapes/placemark_square.png</href>
					</Icon>
				</IconStyle>
				<LineStyle>
					<color>ff0055ff</color>
					<colorMode>normal</colorMode>
				</LineStyle>
				<PolyStyle>
					<color>ff0055ff</color>
					<colorMode>normal</colorMode>
				</PolyStyle>
			</Style>
			<ExtendedData>
				<SchemaData schemaUrl="#S_pmagsitesupdated_SSSSSS">
					<SimpleData name="Lat">14.140°</SimpleData>
					<SimpleData name="Long">77.630°</SimpleData>
					<SimpleData name="Dec">83°</SimpleData>
					<SimpleData name="Inc">-77°</SimpleData>
					<SimpleData name="Age">2.367</SimpleData>
					<SimpleData name="Reference">Valet et al., 2014</SimpleData>
				</SchemaData>
			</ExtendedData>
			<Point>
				<coordinates>77.62999999999998,14.13999999999999,0</coordinates>
			</Point>
		</Placemark>
		<Placemark>
			<styleUrl>#pointStyleMap0</styleUrl>
			<Style id="inline">
				<IconStyle>
					<color>ff0055ff</color>
					<colorMode>normal</colorMode>
					<Icon>
						<href>http://maps.google.com/mapfiles/kml/shapes/placemark_square.png</href>
					</Icon>
				</IconStyle>
				<LineStyle>
					<color>ff0055ff</color>
					<colorMode>normal</colorMode>
				</LineStyle>
				<PolyStyle>
					<color>ff0055ff</color>
					<colorMode>normal</colorMode>
				</PolyStyle>
			</Style>
			<ExtendedData>
				<SchemaData schemaUrl="#S_pmagsitesupdated_SSSSSS">
					<SimpleData name="Lat">14.170°</SimpleData>
					<SimpleData name="Long">77.74°</SimpleData>
					<SimpleData name="Dec">22°</SimpleData>
					<SimpleData name="Inc">-84°</SimpleData>
					<SimpleData name="Age">2.367</SimpleData>
					<SimpleData name="Reference">Valet et al., 2014</SimpleData>
				</SchemaData>
			</ExtendedData>
			<Point>
				<coordinates>77.74000000000002,14.16999999999998,0</coordinates>
			</Point>
		</Placemark>
		<Placemark>
			<styleUrl>#pointStyleMap0</styleUrl>
			<Style id="inline">
				<IconStyle>
					<color>ff0055ff</color>
					<colorMode>normal</colorMode>
					<Icon>
						<href>http://maps.google.com/mapfiles/kml/shapes/placemark_square.png</href>
					</Icon>
				</IconStyle>
				<LineStyle>
					<color>ff0055ff</color>
					<colorMode>normal</colorMode>
				</LineStyle>
				<PolyStyle>
					<color>ff0055ff</color>
					<colorMode>normal</colorMode>
				</PolyStyle>
			</Style>
			<ExtendedData>
				<SchemaData schemaUrl="#S_pmagsitesupdated_SSSSSS">
					<SimpleData name="Lat">13.692°</SimpleData>
					<SimpleData name="Long">78.92°</SimpleData>
					<SimpleData name="Dec">266°</SimpleData>
					<SimpleData name="Inc">-65°</SimpleData>
					<SimpleData name="Age">2.367</SimpleData>
					<SimpleData name="Reference">Pivarunas et al., 2019</SimpleData>
				</SchemaData>
			</ExtendedData>
			<Point>
				<coordinates>78.92000000000003,13.69200000000001,0</coordinates>
			</Point>
		</Placemark>
		<Placemark>
			<styleUrl>#pointStyleMap0</styleUrl>
			<Style id="inline">
				<IconStyle>
					<color>ff0055ff</color>
					<colorMode>normal</colorMode>
					<Icon>
						<href>http://maps.google.com/mapfiles/kml/shapes/placemark_square.png</href>
					</Icon>
				</IconStyle>
				<LineStyle>
					<color>ff0055ff</color>
					<colorMode>normal</colorMode>
				</LineStyle>
				<PolyStyle>
					<color>ff0055ff</color>
					<colorMode>normal</colorMode>
				</PolyStyle>
			</Style>
			<ExtendedData>
				<SchemaData schemaUrl="#S_pmagsitesupdated_SSSSSS">
					<SimpleData name="Lat">13.673°</SimpleData>
					<SimpleData name="Long">79.15°</SimpleData>
					<SimpleData name="Dec">94°</SimpleData>
					<SimpleData name="Inc">58°</SimpleData>
					<SimpleData name="Age">2.367</SimpleData>
					<SimpleData name="Reference">Pivarunas et al., 2019</SimpleData>
				</SchemaData>
			</ExtendedData>
			<Point>
				<coordinates>79.14999999999998,13.67300000000001,0</coordinates>
			</Point>
		</Placemark>
		<Placemark>
			<styleUrl>#pointStyleMap0</styleUrl>
			<Style id="inline">
				<IconStyle>
					<color>ff0055ff</color>
					<colorMode>normal</colorMode>
					<Icon>
						<href>http://maps.google.com/mapfiles/kml/shapes/placemark_square.png</href>
					</Icon>
				</IconStyle>
				<LineStyle>
					<color>ff0055ff</color>
					<colorMode>normal</colorMode>
				</LineStyle>
				<PolyStyle>
					<color>ff0055ff</color>
					<colorMode>normal</colorMode>
				</PolyStyle>
			</Style>
			<ExtendedData>
				<SchemaData schemaUrl="#S_pmagsitesupdated_SSSSSS">
					<SimpleData name="Lat">13.087°</SimpleData>
					<SimpleData name="Long">78.975°</SimpleData>
					<SimpleData name="Dec">190°</SimpleData>
					<SimpleData name="Inc">-83°</SimpleData>
					<SimpleData name="Age">2.367</SimpleData>
					<SimpleData name="Reference">Pivarunas et al., 2019</SimpleData>
				</SchemaData>
			</ExtendedData>
			<Point>
				<coordinates>78.97500000000004,13.087,0</coordinates>
			</Point>
		</Placemark>
		<Placemark>
			<styleUrl>#pointStyleMap0</styleUrl>
			<Style id="inline">
				<IconStyle>
					<color>ff0055ff</color>
					<colorMode>normal</colorMode>
					<Icon>
						<href>http://maps.google.com/mapfiles/kml/shapes/placemark_square.png</href>
					</Icon>
				</IconStyle>
				<LineStyle>
					<color>ff0055ff</color>
					<colorMode>normal</colorMode>
				</LineStyle>
				<PolyStyle>
					<color>ff0055ff</color>
					<colorMode>normal</colorMode>
				</PolyStyle>
			</Style>
			<ExtendedData>
				<SchemaData schemaUrl="#S_pmagsitesupdated_SSSSSS">
					<SimpleData name="Lat">12.177°</SimpleData>
					<SimpleData name="Long">78.93°</SimpleData>
					<SimpleData name="Dec">115°</SimpleData>
					<SimpleData name="Inc">-70°</SimpleData>
					<SimpleData name="Age">2.367</SimpleData>
					<SimpleData name="Reference">Pivarunas et al., 2019</SimpleData>
				</SchemaData>
			</ExtendedData>
			<Point>
				<coordinates>78.93000000000002,12.177,0</coordinates>
			</Point>
		</Placemark>
		<Placemark>
			<styleUrl>#pointStyleMap0</styleUrl>
			<Style id="inline">
				<IconStyle>
					<color>ff0055ff</color>
					<colorMode>normal</colorMode>
					<Icon>
						<href>http://maps.google.com/mapfiles/kml/shapes/placemark_square.png</href>
					</Icon>
				</IconStyle>
				<LineStyle>
					<color>ff0055ff</color>
					<colorMode>normal</colorMode>
				</LineStyle>
				<PolyStyle>
					<color>ff0055ff</color>
					<colorMode>normal</colorMode>
				</PolyStyle>
			</Style>
			<ExtendedData>
				<SchemaData schemaUrl="#S_pmagsitesupdated_SSSSSS">
					<SimpleData name="Lat">12.158°</SimpleData>
					<SimpleData name="Long">79.173°</SimpleData>
					<SimpleData name="Dec">278°</SimpleData>
					<SimpleData name="Inc">-78°</SimpleData>
					<SimpleData name="Age">2.367</SimpleData>
					<SimpleData name="Reference">Pivarunas et al., 2019</SimpleData>
				</SchemaData>
			</ExtendedData>
			<Point>
				<coordinates>79.17300000000002,12.15799999999999,0</coordinates>
			</Point>
		</Placemark>
		<Placemark>
			<styleUrl>#pointStyleMap0</styleUrl>
			<Style id="inline">
				<IconStyle>
					<color>ff0055ff</color>
					<colorMode>normal</colorMode>
					<Icon>
						<href>http://maps.google.com/mapfiles/kml/shapes/placemark_square.png</href>
					</Icon>
				</IconStyle>
				<LineStyle>
					<color>ff0055ff</color>
					<colorMode>normal</colorMode>
				</LineStyle>
				<PolyStyle>
					<color>ff0055ff</color>
					<colorMode>normal</colorMode>
				</PolyStyle>
			</Style>
			<ExtendedData>
				<SchemaData schemaUrl="#S_pmagsitesupdated_SSSSSS">
					<SimpleData name="Lat">12.077°</SimpleData>
					<SimpleData name="Long">77.932°</SimpleData>
					<SimpleData name="Dec">89°</SimpleData>
					<SimpleData name="Inc">-81°</SimpleData>
					<SimpleData name="Age">2.367</SimpleData>
					<SimpleData name="Reference">Pivarunas et al., 2019</SimpleData>
				</SchemaData>
			</ExtendedData>
			<Point>
				<coordinates>77.932,12.07699999999998,0</coordinates>
			</Point>
		</Placemark>
		<Placemark>
			<styleUrl>#pointStyleMap0</styleUrl>
			<Style id="inline">
				<IconStyle>
					<color>ff0055ff</color>
					<colorMode>normal</colorMode>
					<Icon>
						<href>http://maps.google.com/mapfiles/kml/shapes/placemark_square.png</href>
					</Icon>
				</IconStyle>
				<LineStyle>
					<color>ff0055ff</color>
					<colorMode>normal</colorMode>
				</LineStyle>
				<PolyStyle>
					<color>ff0055ff</color>
					<colorMode>normal</colorMode>
				</PolyStyle>
			</Style>
			<ExtendedData>
				<SchemaData schemaUrl="#S_pmagsitesupdated_SSSSSS">
					<SimpleData name="Lat">12.076°</SimpleData>
					<SimpleData name="Long">77.84°</SimpleData>
					<SimpleData name="Dec">50°</SimpleData>
					<SimpleData name="Inc">-83°</SimpleData>
					<SimpleData name="Age">2.367</SimpleData>
					<SimpleData name="Reference">Pivarunas et al., 2019</SimpleData>
				</SchemaData>
			</ExtendedData>
			<Point>
				<coordinates>77.84000000000003,12.07599999999998,0</coordinates>
			</Point>
		</Placemark>
		<Placemark>
			<styleUrl>#pointStyleMap0</styleUrl>
			<Style id="inline">
				<IconStyle>
					<color>ff0055ff</color>
					<colorMode>normal</colorMode>
					<Icon>
						<href>http://maps.google.com/mapfiles/kml/shapes/placemark_square.png</href>
					</Icon>
				</IconStyle>
				<LineStyle>
					<color>ff0055ff</color>
					<colorMode>normal</colorMode>
				</LineStyle>
				<PolyStyle>
					<color>ff0055ff</color>
					<colorMode>normal</colorMode>
				</PolyStyle>
			</Style>
			<ExtendedData>
				<SchemaData schemaUrl="#S_pmagsitesupdated_SSSSSS">
					<SimpleData name="Lat">12.062°</SimpleData>
					<SimpleData name="Long">77.834°</SimpleData>
					<SimpleData name="Dec">13°</SimpleData>
					<SimpleData name="Inc">-75°</SimpleData>
					<SimpleData name="Age">2.367</SimpleData>
					<SimpleData name="Reference">Pivarunas et al., 2019</SimpleData>
				</SchemaData>
			</ExtendedData>
			<Point>
				<coordinates>77.83399999999999,12.062,0</coordinates>
			</Point>
		</Placemark>
		<Placemark>
			<styleUrl>#pointStyleMap0</styleUrl>
			<Style id="inline">
				<IconStyle>
					<color>ff0055ff</color>
					<colorMode>normal</colorMode>
					<Icon>
						<href>http://maps.google.com/mapfiles/kml/shapes/placemark_square.png</href>
					</Icon>
				</IconStyle>
				<LineStyle>
					<color>ff0055ff</color>
					<colorMode>normal</colorMode>
				</LineStyle>
				<PolyStyle>
					<color>ff0055ff</color>
					<colorMode>normal</colorMode>
				</PolyStyle>
			</Style>
			<ExtendedData>
				<SchemaData schemaUrl="#S_pmagsitesupdated_SSSSSS">
					<SimpleData name="Lat">12.05°</SimpleData>
					<SimpleData name="Long">77.822°</SimpleData>
					<SimpleData name="Dec">350°</SimpleData>
					<SimpleData name="Inc">-68°</SimpleData>
					<SimpleData name="Age">2.367</SimpleData>
					<SimpleData name="Reference">Pivarunas et al., 2019</SimpleData>
				</SchemaData>
			</ExtendedData>
			<Point>
				<coordinates>77.822,12.05,0</coordinates>
			</Point>
		</Placemark>
		<Placemark>
			<styleUrl>#pointStyleMap0</styleUrl>
			<Style id="inline">
				<IconStyle>
					<color>ff0055ff</color>
					<colorMode>normal</colorMode>
					<Icon>
						<href>http://maps.google.com/mapfiles/kml/shapes/placemark_square.png</href>
					</Icon>
				</IconStyle>
				<LineStyle>
					<color>ff0055ff</color>
					<colorMode>normal</colorMode>
				</LineStyle>
				<PolyStyle>
					<color>ff0055ff</color>
					<colorMode>normal</colorMode>
				</PolyStyle>
			</Style>
			<ExtendedData>
				<SchemaData schemaUrl="#S_pmagsitesupdated_SSSSSS">
					<SimpleData name="Lat">12.064°</SimpleData>
					<SimpleData name="Long">77.80°</SimpleData>
					<SimpleData name="Dec">114°</SimpleData>
					<SimpleData name="Inc">-80°</SimpleData>
					<SimpleData name="Age">2.367</SimpleData>
					<SimpleData name="Reference">Pivarunas et al., 2019</SimpleData>
				</SchemaData>
			</ExtendedData>
			<Point>
				<coordinates>77.80000000000001,12.06399999999998,0</coordinates>
			</Point>
		</Placemark>
		<Placemark>
			<styleUrl>#pointStyleMap0</styleUrl>
			<Style id="inline">
				<IconStyle>
					<color>ff0055ff</color>
					<colorMode>normal</colorMode>
					<Icon>
						<href>http://maps.google.com/mapfiles/kml/shapes/placemark_square.png</href>
					</Icon>
				</IconStyle>
				<LineStyle>
					<color>ff0055ff</color>
					<colorMode>normal</colorMode>
				</LineStyle>
				<PolyStyle>
					<color>ff0055ff</color>
					<colorMode>normal</colorMode>
				</PolyStyle>
			</Style>
			<ExtendedData>
				<SchemaData schemaUrl="#S_pmagsitesupdated_SSSSSS">
					<SimpleData name="Lat">12.45°</SimpleData>
					<SimpleData name="Long">78.35°</SimpleData>
					<SimpleData name="Dec">51°</SimpleData>
					<SimpleData name="Inc">-76°</SimpleData>
					<SimpleData name="Age">2.367</SimpleData>
					<SimpleData name="Reference">Pivarunas et al., 2019</SimpleData>
				</SchemaData>
			</ExtendedData>
			<Point>
				<coordinates>78.35000000000002,12.44999999999999,0</coordinates>
			</Point>
		</Placemark>
		<Placemark>
			<styleUrl>#pointStyleMap0</styleUrl>
			<Style id="inline">
				<IconStyle>
					<color>ff0055ff</color>
					<colorMode>normal</colorMode>
					<Icon>
						<href>http://maps.google.com/mapfiles/kml/shapes/placemark_square.png</href>
					</Icon>
				</IconStyle>
				<LineStyle>
					<color>ff0055ff</color>
					<colorMode>normal</colorMode>
				</LineStyle>
				<PolyStyle>
					<color>ff0055ff</color>
					<colorMode>normal</colorMode>
				</PolyStyle>
			</Style>
			<ExtendedData>
				<SchemaData schemaUrl="#S_pmagsitesupdated_SSSSSS">
					<SimpleData name="Lat">12.45°</SimpleData>
					<SimpleData name="Long">78.39°</SimpleData>
					<SimpleData name="Dec">16°</SimpleData>
					<SimpleData name="Inc">-74°</SimpleData>
					<SimpleData name="Age">2.367</SimpleData>
					<SimpleData name="Reference">Pivarunas et al., 2019</SimpleData>
				</SchemaData>
			</ExtendedData>
			<Point>
				<coordinates>78.39,12.44999999999999,0</coordinates>
			</Point>
		</Placemark>
		<Placemark>
			<styleUrl>#pointStyleMap0</styleUrl>
			<Style id="inline">
				<IconStyle>
					<color>ff0055ff</color>
					<colorMode>normal</colorMode>
					<Icon>
						<href>http://maps.google.com/mapfiles/kml/shapes/placemark_square.png</href>
					</Icon>
				</IconStyle>
				<LineStyle>
					<color>ff0055ff</color>
					<colorMode>normal</colorMode>
				</LineStyle>
				<PolyStyle>
					<color>ff0055ff</color>
					<colorMode>normal</colorMode>
				</PolyStyle>
			</Style>
			<ExtendedData>
				<SchemaData schemaUrl="#S_pmagsitesupdated_SSSSSS">
					<SimpleData name="Lat">12.47°</SimpleData>
					<SimpleData name="Long">77.96°</SimpleData>
					<SimpleData name="Dec">61°</SimpleData>
					<SimpleData name="Inc">-84°</SimpleData>
					<SimpleData name="Age">2.367</SimpleData>
					<SimpleData name="Reference">Pivarunas et al., 2019</SimpleData>
				</SchemaData>
			</ExtendedData>
			<Point>
				<coordinates>77.95999999999998,12.47,0</coordinates>
			</Point>
		</Placemark>
		<Placemark>
			<styleUrl>#pointStyleMap0</styleUrl>
			<Style id="inline">
				<IconStyle>
					<color>ff0055ff</color>
					<colorMode>normal</colorMode>
					<Icon>
						<href>http://maps.google.com/mapfiles/kml/shapes/placemark_square.png</href>
					</Icon>
				</IconStyle>
				<LineStyle>
					<color>ff0055ff</color>
					<colorMode>normal</colorMode>
				</LineStyle>
				<PolyStyle>
					<color>ff0055ff</color>
					<colorMode>normal</colorMode>
				</PolyStyle>
			</Style>
			<ExtendedData>
				<SchemaData schemaUrl="#S_pmagsitesupdated_SSSSSS">
					<SimpleData name="Lat">12.472°</SimpleData>
					<SimpleData name="Long">77.855°</SimpleData>
					<SimpleData name="Dec">179°</SimpleData>
					<SimpleData name="Inc">81°</SimpleData>
					<SimpleData name="Age">2.367</SimpleData>
					<SimpleData name="Reference">Pivarunas et al., 2019</SimpleData>
				</SchemaData>
			</ExtendedData>
			<Point>
				<coordinates>77.85500000000002,12.47200000000001,0</coordinates>
			</Point>
		</Placemark>
		<Placemark>
			<styleUrl>#pointStyleMap0</styleUrl>
			<Style id="inline">
				<IconStyle>
					<color>ff0055ff</color>
					<colorMode>normal</colorMode>
					<Icon>
						<href>http://maps.google.com/mapfiles/kml/shapes/placemark_square.png</href>
					</Icon>
				</IconStyle>
				<LineStyle>
					<color>ff0055ff</color>
					<colorMode>normal</colorMode>
				</LineStyle>
				<PolyStyle>
					<color>ff0055ff</color>
					<colorMode>normal</colorMode>
				</PolyStyle>
			</Style>
			<ExtendedData>
				<SchemaData schemaUrl="#S_pmagsitesupdated_SSSSSS">
					<SimpleData name="Lat">12.469°</SimpleData>
					<SimpleData name="Long">77.85°</SimpleData>
					<SimpleData name="Dec">19°</SimpleData>
					<SimpleData name="Inc">-70°</SimpleData>
					<SimpleData name="Age">2.367</SimpleData>
					<SimpleData name="Reference">Pivarunas et al., 2019</SimpleData>
				</SchemaData>
			</ExtendedData>
			<Point>
				<coordinates>77.85000000000002,12.46899999999999,0</coordinates>
			</Point>
		</Placemark>
		<Placemark>
			<styleUrl>#pointStyleMap0</styleUrl>
			<Style id="inline">
				<IconStyle>
					<color>ff0055ff</color>
					<colorMode>normal</colorMode>
					<Icon>
						<href>http://maps.google.com/mapfiles/kml/shapes/placemark_square.png</href>
					</Icon>
				</IconStyle>
				<LineStyle>
					<color>ff0055ff</color>
					<colorMode>normal</colorMode>
				</LineStyle>
				<PolyStyle>
					<color>ff0055ff</color>
					<colorMode>normal</colorMode>
				</PolyStyle>
			</Style>
			<ExtendedData>
				<SchemaData schemaUrl="#S_pmagsitesupdated_SSSSSS">
					<SimpleData name="Lat">12.46°</SimpleData>
					<SimpleData name="Long">77.84°</SimpleData>
					<SimpleData name="Dec">42°</SimpleData>
					<SimpleData name="Inc">-76°</SimpleData>
					<SimpleData name="Age">2.367</SimpleData>
					<SimpleData name="Reference">Pivarunas et al., 2019</SimpleData>
				</SchemaData>
			</ExtendedData>
			<Point>
				<coordinates>77.84000000000003,12.46000000000001,0</coordinates>
			</Point>
		</Placemark>
		<Placemark>
			<styleUrl>#pointStyleMap0</styleUrl>
			<Style id="inline">
				<IconStyle>
					<color>ff0055ff</color>
					<colorMode>normal</colorMode>
					<Icon>
						<href>http://maps.google.com/mapfiles/kml/shapes/placemark_square.png</href>
					</Icon>
				</IconStyle>
				<LineStyle>
					<color>ff0055ff</color>
					<colorMode>normal</colorMode>
				</LineStyle>
				<PolyStyle>
					<color>ff0055ff</color>
					<colorMode>normal</colorMode>
				</PolyStyle>
			</Style>
			<ExtendedData>
				<SchemaData schemaUrl="#S_pmagsitesupdated_SSSSSS">
					<SimpleData name="Lat">12.484°</SimpleData>
					<SimpleData name="Long">77.815°</SimpleData>
					<SimpleData name="Dec">285°</SimpleData>
					<SimpleData name="Inc">68°</SimpleData>
					<SimpleData name="Age">2.367</SimpleData>
					<SimpleData name="Reference">Pivarunas et al., 2019</SimpleData>
				</SchemaData>
			</ExtendedData>
			<Point>
				<coordinates>77.81499999999998,12.48400000000001,0</coordinates>
			</Point>
		</Placemark>
		<Placemark>
			<styleUrl>#pointStyleMap0</styleUrl>
			<Style id="inline">
				<IconStyle>
					<color>ff0055ff</color>
					<colorMode>normal</colorMode>
					<Icon>
						<href>http://maps.google.com/mapfiles/kml/shapes/placemark_square.png</href>
					</Icon>
				</IconStyle>
				<LineStyle>
					<color>ff0055ff</color>
					<colorMode>normal</colorMode>
				</LineStyle>
				<PolyStyle>
					<color>ff0055ff</color>
					<colorMode>normal</colorMode>
				</PolyStyle>
			</Style>
			<ExtendedData>
				<SchemaData schemaUrl="#S_pmagsitesupdated_SSSSSS">
					<SimpleData name="Lat">17.5042°</SimpleData>
					<SimpleData name="Long">78.8689°</SimpleData>
					<SimpleData name="Dec">83°</SimpleData>
					<SimpleData name="Inc">-73°</SimpleData>
					<SimpleData name="Age">2.367</SimpleData>
					<SimpleData name="Reference">Miller et al., 2023</SimpleData>
				</SchemaData>
			</ExtendedData>
			<Point>
				<coordinates>78.86889999999998,17.5042,0</coordinates>
			</Point>
		</Placemark>
		<Placemark>
			<styleUrl>#pointStyleMap0</styleUrl>
			<Style id="inline">
				<IconStyle>
					<color>ff0055ff</color>
					<colorMode>normal</colorMode>
					<Icon>
						<href>http://maps.google.com/mapfiles/kml/shapes/placemark_square.png</href>
					</Icon>
				</IconStyle>
				<LineStyle>
					<color>ff0055ff</color>
					<colorMode>normal</colorMode>
				</LineStyle>
				<PolyStyle>
					<color>ff0055ff</color>
					<colorMode>normal</colorMode>
				</PolyStyle>
			</Style>
			<ExtendedData>
				<SchemaData schemaUrl="#S_pmagsitesupdated_SSSSSS">
					<SimpleData name="Lat">12.65°</SimpleData>
					<SimpleData name="Long">77.45°</SimpleData>
					<SimpleData name="Dec">52.3°</SimpleData>
					<SimpleData name="Inc">-85.7°</SimpleData>
					<SimpleData name="Age">2.367</SimpleData>
					<SimpleData name="Reference">Pradhan et al., 2008</SimpleData>
				</SchemaData>
			</ExtendedData>
			<Point>
				<coordinates>77.45,12.65000000000002,0</coordinates>
			</Point>
		</Placemark>
		<Placemark>
			<styleUrl>#pointStyleMap0</styleUrl>
			<Style id="inline">
				<IconStyle>
					<color>ff0055ff</color>
					<colorMode>normal</colorMode>
					<Icon>
						<href>http://maps.google.com/mapfiles/kml/shapes/placemark_square.png</href>
					</Icon>
				</IconStyle>
				<LineStyle>
					<color>ff0055ff</color>
					<colorMode>normal</colorMode>
				</LineStyle>
				<PolyStyle>
					<color>ff0055ff</color>
					<colorMode>normal</colorMode>
				</PolyStyle>
			</Style>
			<ExtendedData>
				<SchemaData schemaUrl="#S_pmagsitesupdated_SSSSSS">
					<SimpleData name="Lat">12.64°</SimpleData>
					<SimpleData name="Long">77.52°</SimpleData>
					<SimpleData name="Dec">67.4°</SimpleData>
					<SimpleData name="Inc">-82.8°</SimpleData>
					<SimpleData name="Age">2.367</SimpleData>
					<SimpleData name="Reference">Radhakrishna and Mathew, 1996b</SimpleData>
				</SchemaData>
			</ExtendedData>
			<Point>
				<coordinates>77.51999999999998,12.63999999999999,0</coordinates>
			</Point>
		</Placemark>
		<Placemark>
			<styleUrl>#pointStyleMap0</styleUrl>
			<Style id="inline">
				<IconStyle>
					<color>ff0055ff</color>
					<colorMode>normal</colorMode>
					<Icon>
						<href>http://maps.google.com/mapfiles/kml/shapes/placemark_square.png</href>
					</Icon>
				</IconStyle>
				<LineStyle>
					<color>ff0055ff</color>
					<colorMode>normal</colorMode>
				</LineStyle>
				<PolyStyle>
					<color>ff0055ff</color>
					<colorMode>normal</colorMode>
				</PolyStyle>
			</Style>
			<ExtendedData>
				<SchemaData schemaUrl="#S_pmagsitesupdated_SSSSSS">
					<SimpleData name="Lat">14.5°</SimpleData>
					<SimpleData name="Long">77.25°</SimpleData>
					<SimpleData name="Dec">22°</SimpleData>
					<SimpleData name="Inc">-72°</SimpleData>
					<SimpleData name="Age">2.367</SimpleData>
					<SimpleData name="Reference">Poornachandra-Rao, 2005</SimpleData>
				</SchemaData>
			</ExtendedData>
			<Point>
				<coordinates>77.25,14.49999999999999,0</coordinates>
			</Point>
		</Placemark>
		<Placemark>
			<styleUrl>#pointStyleMap0</styleUrl>
			<Style id="inline">
				<IconStyle>
					<color>ff0055ff</color>
					<colorMode>normal</colorMode>
					<Icon>
						<href>http://maps.google.com/mapfiles/kml/shapes/placemark_square.png</href>
					</Icon>
				</IconStyle>
				<LineStyle>
					<color>ff0055ff</color>
					<colorMode>normal</colorMode>
				</LineStyle>
				<PolyStyle>
					<color>ff0055ff</color>
					<colorMode>normal</colorMode>
				</PolyStyle>
			</Style>
			<ExtendedData>
				<SchemaData schemaUrl="#S_pmagsitesupdated_SSSSSS">
					<SimpleData name="Lat">17.3°</SimpleData>
					<SimpleData name="Long">77.1°</SimpleData>
					<SimpleData name="Dec">53°</SimpleData>
					<SimpleData name="Inc">-67°</SimpleData>
					<SimpleData name="Age">2.367</SimpleData>
					<SimpleData name="Reference">Poornachandra-Rao, 2005</SimpleData>
				</SchemaData>
			</ExtendedData>
			<Point>
				<coordinates>77.10000000000002,17.30000000000003,0</coordinates>
			</Point>
		</Placemark>
		<Placemark>
			<styleUrl>#pointStyleMap0</styleUrl>
			<Style id="inline">
				<IconStyle>
					<color>ff0055ff</color>
					<colorMode>normal</colorMode>
					<Icon>
						<href>http://maps.google.com/mapfiles/kml/shapes/placemark_square.png</href>
					</Icon>
				</IconStyle>
				<LineStyle>
					<color>ff0055ff</color>
					<colorMode>normal</colorMode>
				</LineStyle>
				<PolyStyle>
					<color>ff0055ff</color>
					<colorMode>normal</colorMode>
				</PolyStyle>
			</Style>
			<ExtendedData>
				<SchemaData schemaUrl="#S_pmagsitesupdated_SSSSSS">
					<SimpleData name="Lat">14.7°</SimpleData>
					<SimpleData name="Long">77.4°</SimpleData>
					<SimpleData name="Dec">339°</SimpleData>
					<SimpleData name="Inc">-77°</SimpleData>
					<SimpleData name="Age">2.367</SimpleData>
					<SimpleData name="Reference">Poornachandra-Rao, 2005</SimpleData>
				</SchemaData>
			</ExtendedData>
			<Point>
				<coordinates>77.39999999999999,14.69999999999998,0</coordinates>
			</Point>
		</Placemark>
		<Placemark>
			<styleUrl>#pointStyleMap0</styleUrl>
			<Style id="inline">
				<IconStyle>
					<color>ff0055ff</color>
					<colorMode>normal</colorMode>
					<Icon>
						<href>http://maps.google.com/mapfiles/kml/shapes/placemark_square.png</href>
					</Icon>
				</IconStyle>
				<LineStyle>
					<color>ff0055ff</color>
					<colorMode>normal</colorMode>
				</LineStyle>
				<PolyStyle>
					<color>ff0055ff</color>
					<colorMode>normal</colorMode>
				</PolyStyle>
			</Style>
			<ExtendedData>
				<SchemaData schemaUrl="#S_pmagsitesupdated_SSSSSS">
					<SimpleData name="Lat">16.1°</SimpleData>
					<SimpleData name="Long">78.1°</SimpleData>
					<SimpleData name="Dec">20°</SimpleData>
					<SimpleData name="Inc">-66°</SimpleData>
					<SimpleData name="Age">2.367</SimpleData>
					<SimpleData name="Reference">Poornachandra-Rao, 2005</SimpleData>
				</SchemaData>
			</ExtendedData>
			<Point>
				<coordinates>78.10000000000002,16.1,0</coordinates>
			</Point>
		</Placemark>
		<Placemark>
			<styleUrl>#pointStyleMap0</styleUrl>
			<Style id="inline">
				<IconStyle>
					<color>ff0055ff</color>
					<colorMode>normal</colorMode>
					<Icon>
						<href>http://maps.google.com/mapfiles/kml/shapes/placemark_square.png</href>
					</Icon>
				</IconStyle>
				<LineStyle>
					<color>ff0055ff</color>
					<colorMode>normal</colorMode>
				</LineStyle>
				<PolyStyle>
					<color>ff0055ff</color>
					<colorMode>normal</colorMode>
				</PolyStyle>
			</Style>
			<ExtendedData>
				<SchemaData schemaUrl="#S_pmagsitesupdated_SSSSSS">
					<SimpleData name="Lat">16.87°</SimpleData>
					<SimpleData name="Long">79.45°</SimpleData>
					<SimpleData name="Dec">22°</SimpleData>
					<SimpleData name="Inc">-65°</SimpleData>
					<SimpleData name="Age">2.367</SimpleData>
					<SimpleData name="Reference">Poornachandra-Rao, 2005</SimpleData>
				</SchemaData>
			</ExtendedData>
			<Point>
				<coordinates>79.44999999999999,16.87000000000001,0</coordinates>
			</Point>
		</Placemark>
		<Placemark>
			<styleUrl>#pointStyleMap0</styleUrl>
			<Style id="inline">
				<IconStyle>
					<color>ff0055ff</color>
					<colorMode>normal</colorMode>
					<Icon>
						<href>http://maps.google.com/mapfiles/kml/shapes/placemark_square.png</href>
					</Icon>
				</IconStyle>
				<LineStyle>
					<color>ff0055ff</color>
					<colorMode>normal</colorMode>
				</LineStyle>
				<PolyStyle>
					<color>ff0055ff</color>
					<colorMode>normal</colorMode>
				</PolyStyle>
			</Style>
			<ExtendedData>
				<SchemaData schemaUrl="#S_pmagsitesupdated_SSSSSS">
					<SimpleData name="Lat">14.9°</SimpleData>
					<SimpleData name="Long">77.28°</SimpleData>
					<SimpleData name="Dec">54°</SimpleData>
					<SimpleData name="Inc">-69°</SimpleData>
					<SimpleData name="Age">2.367</SimpleData>
					<SimpleData name="Reference">Poornachandra-Rao, 2005</SimpleData>
				</SchemaData>
			</ExtendedData>
			<Point>
				<coordinates>77.27999999999996,14.90000000000001,0</coordinates>
			</Point>
		</Placemark>
		<Placemark>
			<styleUrl>#pointStyleMap0</styleUrl>
			<Style id="inline">
				<IconStyle>
					<color>ff0055ff</color>
					<colorMode>normal</colorMode>
					<Icon>
						<href>http://maps.google.com/mapfiles/kml/shapes/placemark_square.png</href>
					</Icon>
				</IconStyle>
				<LineStyle>
					<color>ff0055ff</color>
					<colorMode>normal</colorMode>
				</LineStyle>
				<PolyStyle>
					<color>ff0055ff</color>
					<colorMode>normal</colorMode>
				</PolyStyle>
			</Style>
			<ExtendedData>
				<SchemaData schemaUrl="#S_pmagsitesupdated_SSSSSS">
					<SimpleData name="Lat">14.89°</SimpleData>
					<SimpleData name="Long">77.75°</SimpleData>
					<SimpleData name="Dec">49°</SimpleData>
					<SimpleData name="Inc">-65°</SimpleData>
					<SimpleData name="Age">2.367</SimpleData>
					<SimpleData name="Reference">Poornachandra-Rao, 2005</SimpleData>
				</SchemaData>
			</ExtendedData>
			<Point>
				<coordinates>77.75,14.88999999999999,0</coordinates>
			</Point>
		</Placemark>
		<Placemark>
			<styleUrl>#pointStyleMap0</styleUrl>
			<Style id="inline">
				<IconStyle>
					<color>ff0055ff</color>
					<colorMode>normal</colorMode>
					<Icon>
						<href>http://maps.google.com/mapfiles/kml/shapes/placemark_square.png</href>
					</Icon>
				</IconStyle>
				<LineStyle>
					<color>ff0055ff</color>
					<colorMode>normal</colorMode>
				</LineStyle>
				<PolyStyle>
					<color>ff0055ff</color>
					<colorMode>normal</colorMode>
				</PolyStyle>
			</Style>
			<ExtendedData>
				<SchemaData schemaUrl="#S_pmagsitesupdated_SSSSSS">
					<SimpleData name="Lat">17.09°</SimpleData>
					<SimpleData name="Long">79.27°</SimpleData>
					<SimpleData name="Dec">108°</SimpleData>
					<SimpleData name="Inc">-65°</SimpleData>
					<SimpleData name="Age">2.367</SimpleData>
					<SimpleData name="Reference">Poornachandra-Rao, 2005</SimpleData>
				</SchemaData>
			</ExtendedData>
			<Point>
				<coordinates>79.26999999999997,17.09000000000001,0</coordinates>
			</Point>
		</Placemark>
		<Placemark>
			<styleUrl>#pointStyleMap0</styleUrl>
			<Style id="inline">
				<IconStyle>
					<color>ff0055ff</color>
					<colorMode>normal</colorMode>
					<Icon>
						<href>http://maps.google.com/mapfiles/kml/shapes/placemark_square.png</href>
					</Icon>
				</IconStyle>
				<LineStyle>
					<color>ff0055ff</color>
					<colorMode>normal</colorMode>
				</LineStyle>
				<PolyStyle>
					<color>ff0055ff</color>
					<colorMode>normal</colorMode>
				</PolyStyle>
			</Style>
			<ExtendedData>
				<SchemaData schemaUrl="#S_pmagsitesupdated_SSSSSS">
					<SimpleData name="Lat">16.83°</SimpleData>
					<SimpleData name="Long">79.50°</SimpleData>
					<SimpleData name="Dec">40°</SimpleData>
					<SimpleData name="Inc">-66°</SimpleData>
					<SimpleData name="Age">2.367</SimpleData>
					<SimpleData name="Reference">Poornachandra-Rao, 2005</SimpleData>
				</SchemaData>
			</ExtendedData>
			<Point>
				<coordinates>79.5,16.82999999999998,0</coordinates>
			</Point>
		</Placemark>
		<Placemark>
			<styleUrl>#pointStyleMap0</styleUrl>
			<Style id="inline">
				<IconStyle>
					<color>ff0055ff</color>
					<colorMode>normal</colorMode>
					<Icon>
						<href>http://maps.google.com/mapfiles/kml/shapes/placemark_square.png</href>
					</Icon>
				</IconStyle>
				<LineStyle>
					<color>ff0055ff</color>
					<colorMode>normal</colorMode>
				</LineStyle>
				<PolyStyle>
					<color>ff0055ff</color>
					<colorMode>normal</colorMode>
				</PolyStyle>
			</Style>
			<ExtendedData>
				<SchemaData schemaUrl="#S_pmagsitesupdated_SSSSSS">
					<SimpleData name="Lat">14.26°</SimpleData>
					<SimpleData name="Long">77.66°</SimpleData>
					<SimpleData name="Dec">258°</SimpleData>
					<SimpleData name="Inc">57°</SimpleData>
					<SimpleData name="Age">2.367</SimpleData>
					<SimpleData name="Reference">Poornachandra-Rao, 2005</SimpleData>
				</SchemaData>
			</ExtendedData>
			<Point>
				<coordinates>77.65999999999997,14.25999999999997,0</coordinates>
			</Point>
		</Placemark>
		<Placemark>
			<styleUrl>#pointStyleMap0</styleUrl>
			<Style id="inline">
				<IconStyle>
					<color>ff0055ff</color>
					<colorMode>normal</colorMode>
					<Icon>
						<href>http://maps.google.com/mapfiles/kml/shapes/placemark_square.png</href>
					</Icon>
				</IconStyle>
				<LineStyle>
					<color>ff0055ff</color>
					<colorMode>normal</colorMode>
				</LineStyle>
				<PolyStyle>
					<color>ff0055ff</color>
					<colorMode>normal</colorMode>
				</PolyStyle>
			</Style>
			<ExtendedData>
				<SchemaData schemaUrl="#S_pmagsitesupdated_SSSSSS">
					<SimpleData name="Lat">12.65°</SimpleData>
					<SimpleData name="Long">77.5°</SimpleData>
					<SimpleData name="Dec">253°</SimpleData>
					<SimpleData name="Inc">-84°</SimpleData>
					<SimpleData name="Age">2.367</SimpleData>
					<SimpleData name="Reference">Prasad et al., 1999</SimpleData>
				</SchemaData>
			</ExtendedData>
			<Point>
				<coordinates>77.5,12.65000000000002,0</coordinates>
			</Point>
		</Placemark>
		<Placemark>
			<styleUrl>#pointStyleMap0</styleUrl>
			<Style id="inline">
				<IconStyle>
					<color>ff0055ff</color>
					<colorMode>normal</colorMode>
					<Icon>
						<href>http://maps.google.com/mapfiles/kml/shapes/placemark_square.png</href>
					</Icon>
				</IconStyle>
				<LineStyle>
					<color>ff0055ff</color>
					<colorMode>normal</colorMode>
				</LineStyle>
				<PolyStyle>
					<color>ff0055ff</color>
					<colorMode>normal</colorMode>
				</PolyStyle>
			</Style>
			<ExtendedData>
				<SchemaData schemaUrl="#S_pmagsitesupdated_SSSSSS">
					<SimpleData name="Lat">12.4°</SimpleData>
					<SimpleData name="Long">77.25°</SimpleData>
					<SimpleData name="Dec">97°</SimpleData>
					<SimpleData name="Inc">-81°</SimpleData>
					<SimpleData name="Age">2.367</SimpleData>
					<SimpleData name="Reference">Prasad et al., 1999</SimpleData>
				</SchemaData>
			</ExtendedData>
			<Point>
				<coordinates>77.25,12.40000000000002,0</coordinates>
			</Point>
		</Placemark>
		<Placemark>
			<styleUrl>#pointStyleMap0</styleUrl>
			<Style id="inline">
				<IconStyle>
					<color>ff0055ff</color>
					<colorMode>normal</colorMode>
					<Icon>
						<href>http://maps.google.com/mapfiles/kml/shapes/placemark_square.png</href>
					</Icon>
				</IconStyle>
				<LineStyle>
					<color>ff0055ff</color>
					<colorMode>normal</colorMode>
				</LineStyle>
				<PolyStyle>
					<color>ff0055ff</color>
					<colorMode>normal</colorMode>
				</PolyStyle>
			</Style>
			<ExtendedData>
				<SchemaData schemaUrl="#S_pmagsitesupdated_SSSSSS">
					<SimpleData name="Lat">20.323°</SimpleData>
					<SimpleData name="Long">81.179°</SimpleData>
					<SimpleData name="Dec">49°</SimpleData>
					<SimpleData name="Inc">-81°</SimpleData>
					<SimpleData name="Age">2.367</SimpleData>
					<SimpleData name="Reference">this study</SimpleData>
				</SchemaData>
			</ExtendedData>
			<Point>
				<coordinates>81.17899999999996,20.32300000000001,0</coordinates>
			</Point>
		</Placemark>
		<Placemark>
			<styleUrl>#pointStyleMap0</styleUrl>
			<Style id="inline">
				<IconStyle>
					<color>ff0055ff</color>
					<colorMode>normal</colorMode>
					<Icon>
						<href>http://maps.google.com/mapfiles/kml/shapes/placemark_square.png</href>
					</Icon>
				</IconStyle>
				<LineStyle>
					<color>ff0055ff</color>
					<colorMode>normal</colorMode>
				</LineStyle>
				<PolyStyle>
					<color>ff0055ff</color>
					<colorMode>normal</colorMode>
				</PolyStyle>
			</Style>
			<ExtendedData>
				<SchemaData schemaUrl="#S_pmagsitesupdated_SSSSSS">
					<SimpleData name="Lat">13.1°</SimpleData>
					<SimpleData name="Long">78.2°</SimpleData>
					<SimpleData name="Dec">224°</SimpleData>
					<SimpleData name="Inc">70°</SimpleData>
					<SimpleData name="Age">2.367</SimpleData>
					<SimpleData name="Reference">Radhakrishna et al., 2003</SimpleData>
				</SchemaData>
			</ExtendedData>
			<Point>
				<coordinates>78.19999999999999,13.10000000000001,0</coordinates>
			</Point>
		</Placemark>
		<Placemark>
			<styleUrl>#pointStyleMap0</styleUrl>
			<Style id="inline">
				<IconStyle>
					<color>ff0055ff</color>
					<colorMode>normal</colorMode>
					<Icon>
						<href>http://maps.google.com/mapfiles/kml/shapes/placemark_square.png</href>
					</Icon>
				</IconStyle>
				<LineStyle>
					<color>ff0055ff</color>
					<colorMode>normal</colorMode>
				</LineStyle>
				<PolyStyle>
					<color>ff0055ff</color>
					<colorMode>normal</colorMode>
				</PolyStyle>
			</Style>
			<ExtendedData>
				<SchemaData schemaUrl="#S_pmagsitesupdated_SSSSSS">
					<SimpleData name="Lat">12.6°</SimpleData>
					<SimpleData name="Long">77.3°</SimpleData>
					<SimpleData name="Dec">214°</SimpleData>
					<SimpleData name="Inc">83°</SimpleData>
					<SimpleData name="Age">2.367</SimpleData>
					<SimpleData name="Reference">Radhakrishna et al., 2003</SimpleData>
				</SchemaData>
			</ExtendedData>
			<Point>
				<coordinates>77.30000000000001,12.60000000000001,0</coordinates>
			</Point>
		</Placemark>
		<Placemark>
			<styleUrl>#pointStyleMap0</styleUrl>
			<Style id="inline">
				<IconStyle>
					<color>ff0055ff</color>
					<colorMode>normal</colorMode>
					<Icon>
						<href>http://maps.google.com/mapfiles/kml/shapes/placemark_square.png</href>
					</Icon>
				</IconStyle>
				<LineStyle>
					<color>ff0055ff</color>
					<colorMode>normal</colorMode>
				</LineStyle>
				<PolyStyle>
					<color>ff0055ff</color>
					<colorMode>normal</colorMode>
				</PolyStyle>
			</Style>
			<ExtendedData>
				<SchemaData schemaUrl="#S_pmagsitesupdated_SSSSSS">
					<SimpleData name="Lat">12.8°</SimpleData>
					<SimpleData name="Long">77.1°</SimpleData>
					<SimpleData name="Dec">199°</SimpleData>
					<SimpleData name="Inc">76°</SimpleData>
					<SimpleData name="Age">2.367</SimpleData>
					<SimpleData name="Reference">Radhakrishna et al., 2003</SimpleData>
				</SchemaData>
			</ExtendedData>
			<Point>
				<coordinates>77.10000000000002,12.8,0</coordinates>
			</Point>
		</Placemark>
		<Placemark>
			<styleUrl>#pointStyleMap0</styleUrl>
			<Style id="inline">
				<IconStyle>
					<color>ff0055ff</color>
					<colorMode>normal</colorMode>
					<Icon>
						<href>http://maps.google.com/mapfiles/kml/shapes/placemark_square.png</href>
					</Icon>
				</IconStyle>
				<LineStyle>
					<color>ff0055ff</color>
					<colorMode>normal</colorMode>
				</LineStyle>
				<PolyStyle>
					<color>ff0055ff</color>
					<colorMode>normal</colorMode>
				</PolyStyle>
			</Style>
			<ExtendedData>
				<SchemaData schemaUrl="#S_pmagsitesupdated_SSSSSS">
					<SimpleData name="Lat">13.1°</SimpleData>
					<SimpleData name="Long">78.4°</SimpleData>
					<SimpleData name="Dec">34°</SimpleData>
					<SimpleData name="Inc">-74°</SimpleData>
					<SimpleData name="Age">2.367</SimpleData>
					<SimpleData name="Reference">Radhakrishna et al., 2003</SimpleData>
				</SchemaData>
			</ExtendedData>
			<Point>
				<coordinates>78.39999999999999,13.10000000000001,0</coordinates>
			</Point>
		</Placemark>
		<Placemark>
			<styleUrl>#pointStyleMap0</styleUrl>
			<Style id="inline">
				<IconStyle>
					<color>ff0055ff</color>
					<colorMode>normal</colorMode>
					<Icon>
						<href>http://maps.google.com/mapfiles/kml/shapes/placemark_square.png</href>
					</Icon>
				</IconStyle>
				<LineStyle>
					<color>ff0055ff</color>
					<colorMode>normal</colorMode>
				</LineStyle>
				<PolyStyle>
					<color>ff0055ff</color>
					<colorMode>normal</colorMode>
				</PolyStyle>
			</Style>
			<ExtendedData>
				<SchemaData schemaUrl="#S_pmagsitesupdated_SSSSSS">
					<SimpleData name="Lat">13°</SimpleData>
					<SimpleData name="Long">78.4°</SimpleData>
					<SimpleData name="Dec">109°</SimpleData>
					<SimpleData name="Inc">-80°</SimpleData>
					<SimpleData name="Age">2.367</SimpleData>
					<SimpleData name="Reference">Radhakrishna et al., 2003</SimpleData>
				</SchemaData>
			</ExtendedData>
			<Point>
				<coordinates>78.39999999999999,12.99999999999999,0</coordinates>
			</Point>
		</Placemark>
		<Placemark>
			<styleUrl>#pointStyleMap0</styleUrl>
			<Style id="inline">
				<IconStyle>
					<color>ff0055ff</color>
					<colorMode>normal</colorMode>
					<Icon>
						<href>http://maps.google.com/mapfiles/kml/shapes/placemark_square.png</href>
					</Icon>
				</IconStyle>
				<LineStyle>
					<color>ff0055ff</color>
					<colorMode>normal</colorMode>
				</LineStyle>
				<PolyStyle>
					<color>ff0055ff</color>
					<colorMode>normal</colorMode>
				</PolyStyle>
			</Style>
			<ExtendedData>
				<SchemaData schemaUrl="#S_pmagsitesupdated_SSSSSS">
					<SimpleData name="Lat">13.1°</SimpleData>
					<SimpleData name="Long">78.3°</SimpleData>
					<SimpleData name="Dec">122°</SimpleData>
					<SimpleData name="Inc">-77°</SimpleData>
					<SimpleData name="Age">2.367</SimpleData>
					<SimpleData name="Reference">Radhakrishna et al., 2003</SimpleData>
				</SchemaData>
			</ExtendedData>
			<Point>
				<coordinates>78.30000000000001,13.10000000000001,0</coordinates>
			</Point>
		</Placemark>
		<Placemark>
			<styleUrl>#pointStyleMap0</styleUrl>
			<Style id="inline">
				<IconStyle>
					<color>ff0055ff</color>
					<colorMode>normal</colorMode>
					<Icon>
						<href>http://maps.google.com/mapfiles/kml/shapes/placemark_square.png</href>
					</Icon>
				</IconStyle>
				<LineStyle>
					<color>ff0055ff</color>
					<colorMode>normal</colorMode>
				</LineStyle>
				<PolyStyle>
					<color>ff0055ff</color>
					<colorMode>normal</colorMode>
				</PolyStyle>
			</Style>
			<ExtendedData>
				<SchemaData schemaUrl="#S_pmagsitesupdated_SSSSSS">
					<SimpleData name="Lat">13°</SimpleData>
					<SimpleData name="Long">78.2°</SimpleData>
					<SimpleData name="Dec">109°</SimpleData>
					<SimpleData name="Inc">-73°</SimpleData>
					<SimpleData name="Age">2.367</SimpleData>
					<SimpleData name="Reference">Radhakrishna et al., 2003</SimpleData>
				</SchemaData>
			</ExtendedData>
			<Point>
				<coordinates>78.19999999999999,12.99999999999999,0</coordinates>
			</Point>
		</Placemark>
		<Placemark>
			<styleUrl>#pointStyleMap0</styleUrl>
			<Style id="inline">
				<IconStyle>
					<color>ff0055ff</color>
					<colorMode>normal</colorMode>
					<Icon>
						<href>http://maps.google.com/mapfiles/kml/shapes/placemark_square.png</href>
					</Icon>
				</IconStyle>
				<LineStyle>
					<color>ff0055ff</color>
					<colorMode>normal</colorMode>
				</LineStyle>
				<PolyStyle>
					<color>ff0055ff</color>
					<colorMode>normal</colorMode>
				</PolyStyle>
			</Style>
			<ExtendedData>
				<SchemaData schemaUrl="#S_pmagsitesupdated_SSSSSS">
					<SimpleData name="Lat">13.2°</SimpleData>
					<SimpleData name="Long">78.4°</SimpleData>
					<SimpleData name="Dec">126°</SimpleData>
					<SimpleData name="Inc">-88°</SimpleData>
					<SimpleData name="Age">2.367</SimpleData>
					<SimpleData name="Reference">Radhakrishna et al., 2003</SimpleData>
				</SchemaData>
			</ExtendedData>
			<Point>
				<coordinates>78.39999999999999,13.19999999999999,0</coordinates>
			</Point>
		</Placemark>
		<Placemark>
			<styleUrl>#pointStyleMap0</styleUrl>
			<Style id="inline">
				<IconStyle>
					<color>ff0055ff</color>
					<colorMode>normal</colorMode>
					<Icon>
						<href>http://maps.google.com/mapfiles/kml/shapes/placemark_square.png</href>
					</Icon>
				</IconStyle>
				<LineStyle>
					<color>ff0055ff</color>
					<colorMode>normal</colorMode>
				</LineStyle>
				<PolyStyle>
					<color>ff0055ff</color>
					<colorMode>normal</colorMode>
				</PolyStyle>
			</Style>
			<ExtendedData>
				<SchemaData schemaUrl="#S_pmagsitesupdated_SSSSSS">
					<SimpleData name="Lat">12.7°</SimpleData>
					<SimpleData name="Long">77.2°</SimpleData>
					<SimpleData name="Dec">138°</SimpleData>
					<SimpleData name="Inc">-83°</SimpleData>
					<SimpleData name="Age">2.367</SimpleData>
					<SimpleData name="Reference">Radhakrishna et al., 2003</SimpleData>
				</SchemaData>
			</ExtendedData>
			<Point>
				<coordinates>77.2,12.69999999999999,0</coordinates>
			</Point>
		</Placemark>
		<Placemark>
			<styleUrl>#pointStyleMap0</styleUrl>
			<Style id="inline">
				<IconStyle>
					<color>ff0055ff</color>
					<colorMode>normal</colorMode>
					<Icon>
						<href>http://maps.google.com/mapfiles/kml/shapes/placemark_square.png</href>
					</Icon>
				</IconStyle>
				<LineStyle>
					<color>ff0055ff</color>
					<colorMode>normal</colorMode>
				</LineStyle>
				<PolyStyle>
					<color>ff0055ff</color>
					<colorMode>normal</colorMode>
				</PolyStyle>
			</Style>
			<ExtendedData>
				<SchemaData schemaUrl="#S_pmagsitesupdated_SSSSSS">
					<SimpleData name="Lat">12.9°</SimpleData>
					<SimpleData name="Long">77°</SimpleData>
					<SimpleData name="Dec">156°</SimpleData>
					<SimpleData name="Inc">-88°</SimpleData>
					<SimpleData name="Age">2.367</SimpleData>
					<SimpleData name="Reference">Radhakrishna et al., 2003</SimpleData>
				</SchemaData>
			</ExtendedData>
			<Point>
				<coordinates>77,12.90000000000002,0</coordinates>
			</Point>
		</Placemark>
		<Placemark>
			<styleUrl>#pointStyleMap0</styleUrl>
			<Style id="inline">
				<IconStyle>
					<color>ff0055ff</color>
					<colorMode>normal</colorMode>
					<Icon>
						<href>http://maps.google.com/mapfiles/kml/shapes/placemark_square.png</href>
					</Icon>
				</IconStyle>
				<LineStyle>
					<color>ff0055ff</color>
					<colorMode>normal</colorMode>
				</LineStyle>
				<PolyStyle>
					<color>ff0055ff</color>
					<colorMode>normal</colorMode>
				</PolyStyle>
			</Style>
			<ExtendedData>
				<SchemaData schemaUrl="#S_pmagsitesupdated_SSSSSS">
					<SimpleData name="Lat">13.1°</SimpleData>
					<SimpleData name="Long">77.1°</SimpleData>
					<SimpleData name="Dec">148°</SimpleData>
					<SimpleData name="Inc">-75°</SimpleData>
					<SimpleData name="Age">2.367</SimpleData>
					<SimpleData name="Reference">Radhakrishna et al., 2003</SimpleData>
				</SchemaData>
			</ExtendedData>
			<Point>
				<coordinates>77.10000000000002,13.10000000000001,0</coordinates>
			</Point>
		</Placemark>
		<Placemark>
			<styleUrl>#pointStyleMap0</styleUrl>
			<Style id="inline">
				<IconStyle>
					<color>ff0055ff</color>
					<colorMode>normal</colorMode>
					<Icon>
						<href>http://maps.google.com/mapfiles/kml/shapes/placemark_square.png</href>
					</Icon>
				</IconStyle>
				<LineStyle>
					<color>ff0055ff</color>
					<colorMode>normal</colorMode>
				</LineStyle>
				<PolyStyle>
					<color>ff0055ff</color>
					<colorMode>normal</colorMode>
				</PolyStyle>
			</Style>
			<ExtendedData>
				<SchemaData schemaUrl="#S_pmagsitesupdated_SSSSSS">
					<SimpleData name="Lat">13°</SimpleData>
					<SimpleData name="Long">77.1°</SimpleData>
					<SimpleData name="Dec">112°</SimpleData>
					<SimpleData name="Inc">-82°</SimpleData>
					<SimpleData name="Age">2.367</SimpleData>
					<SimpleData name="Reference">Radhakrishna et al., 2003</SimpleData>
				</SchemaData>
			</ExtendedData>
			<Point>
				<coordinates>77.10000000000002,12.99999999999999,0</coordinates>
			</Point>
		</Placemark>
		<Placemark>
			<styleUrl>#pointStyleMap0</styleUrl>
			<Style id="inline">
				<IconStyle>
					<color>ff0055ff</color>
					<colorMode>normal</colorMode>
					<Icon>
						<href>http://maps.google.com/mapfiles/kml/shapes/placemark_square.png</href>
					</Icon>
				</IconStyle>
				<LineStyle>
					<color>ff0055ff</color>
					<colorMode>normal</colorMode>
				</LineStyle>
				<PolyStyle>
					<color>ff0055ff</color>
					<colorMode>normal</colorMode>
				</PolyStyle>
			</Style>
			<ExtendedData>
				<SchemaData schemaUrl="#S_pmagsitesupdated_SSSSSS">
					<SimpleData name="Lat">13.4°</SimpleData>
					<SimpleData name="Long">75.9°</SimpleData>
					<SimpleData name="Dec">76°</SimpleData>
					<SimpleData name="Inc">-73°</SimpleData>
					<SimpleData name="Age">2.367</SimpleData>
					<SimpleData name="Reference">Radhakrishna et al., 2003</SimpleData>
				</SchemaData>
			</ExtendedData>
			<Point>
				<coordinates>75.89999999999999,13.40000000000002,0</coordinates>
			</Point>
		</Placemark>
		<Placemark>
			<styleUrl>#pointStyleMap0</styleUrl>
			<Style id="inline">
				<IconStyle>
					<color>ff0055ff</color>
					<colorMode>normal</colorMode>
					<Icon>
						<href>http://maps.google.com/mapfiles/kml/shapes/placemark_square.png</href>
					</Icon>
				</IconStyle>
				<LineStyle>
					<color>ff0055ff</color>
					<colorMode>normal</colorMode>
				</LineStyle>
				<PolyStyle>
					<color>ff0055ff</color>
					<colorMode>normal</colorMode>
				</PolyStyle>
			</Style>
			<ExtendedData>
				<SchemaData schemaUrl="#S_pmagsitesupdated_SSSSSS">
					<SimpleData name="Lat">13.4°</SimpleData>
					<SimpleData name="Long">74.9°</SimpleData>
					<SimpleData name="Dec">120°</SimpleData>
					<SimpleData name="Inc">-71°</SimpleData>
					<SimpleData name="Age">2.367</SimpleData>
					<SimpleData name="Reference">Radhakrishna et al., 2003</SimpleData>
				</SchemaData>
			</ExtendedData>
			<Point>
				<coordinates>74.89999999999999,13.40000000000002,0</coordinates>
			</Point>
		</Placemark>
		<Placemark>
			<styleUrl>#pointStyleMap0</styleUrl>
			<Style id="inline">
				<IconStyle>
					<color>ff0055ff</color>
					<colorMode>normal</colorMode>
					<Icon>
						<href>http://maps.google.com/mapfiles/kml/shapes/placemark_square.png</href>
					</Icon>
				</IconStyle>
				<LineStyle>
					<color>ff0055ff</color>
					<colorMode>normal</colorMode>
				</LineStyle>
				<PolyStyle>
					<color>ff0055ff</color>
					<colorMode>normal</colorMode>
				</PolyStyle>
			</Style>
			<ExtendedData>
				<SchemaData schemaUrl="#S_pmagsitesupdated_SSSSSS">
					<SimpleData name="Lat">13.4°</SimpleData>
					<SimpleData name="Long">80°</SimpleData>
					<SimpleData name="Dec">91°</SimpleData>
					<SimpleData name="Inc">-85°</SimpleData>
					<SimpleData name="Age">2.367</SimpleData>
					<SimpleData name="Reference">Radhakrishna et al., 2003</SimpleData>
				</SchemaData>
			</ExtendedData>
			<Point>
				<coordinates>80,13.40000000000002,0</coordinates>
			</Point>
		</Placemark>
		<Placemark>
			<styleUrl>#pointStyleMap0</styleUrl>
			<Style id="inline">
				<IconStyle>
					<color>ff0055ff</color>
					<colorMode>normal</colorMode>
					<Icon>
						<href>http://maps.google.com/mapfiles/kml/shapes/placemark_square.png</href>
					</Icon>
				</IconStyle>
				<LineStyle>
					<color>ff0055ff</color>
					<colorMode>normal</colorMode>
				</LineStyle>
				<PolyStyle>
					<color>ff0055ff</color>
					<colorMode>normal</colorMode>
				</PolyStyle>
			</Style>
			<ExtendedData>
				<SchemaData schemaUrl="#S_pmagsitesupdated_SSSSSS">
					<SimpleData name="Lat">14.8°</SimpleData>
					<SimpleData name="Long">74.2°</SimpleData>
					<SimpleData name="Dec">29°</SimpleData>
					<SimpleData name="Inc">-68°</SimpleData>
					<SimpleData name="Age">2.367</SimpleData>
					<SimpleData name="Reference">Radhakrishna et al., 2003</SimpleData>
				</SchemaData>
			</ExtendedData>
			<Point>
				<coordinates>74.2,14.8,0</coordinates>
			</Point>
		</Placemark>
		<Placemark>
			<styleUrl>#pointStyleMap0</styleUrl>
			<Style id="inline">
				<IconStyle>
					<color>ff0055ff</color>
					<colorMode>normal</colorMode>
					<Icon>
						<href>http://maps.google.com/mapfiles/kml/shapes/placemark_square.png</href>
					</Icon>
				</IconStyle>
				<LineStyle>
					<color>ff0055ff</color>
					<colorMode>normal</colorMode>
				</LineStyle>
				<PolyStyle>
					<color>ff0055ff</color>
					<colorMode>normal</colorMode>
				</PolyStyle>
			</Style>
			<ExtendedData>
				<SchemaData schemaUrl="#S_pmagsitesupdated_SSSSSS">
					<SimpleData name="Lat">12.64°</SimpleData>
					<SimpleData name="Long">77.47°</SimpleData>
					<SimpleData name="Dec">135°</SimpleData>
					<SimpleData name="Inc">-85°</SimpleData>
					<SimpleData name="Age">2.367</SimpleData>
					<SimpleData name="Reference">Radhakrishna et al., 2003</SimpleData>
				</SchemaData>
			</ExtendedData>
			<Point>
				<coordinates>77.47000000000001,12.63999999999999,0</coordinates>
			</Point>
		</Placemark>
		<Placemark>
			<styleUrl>#pointStyleMap0</styleUrl>
			<Style id="inline">
				<IconStyle>
					<color>ff0055ff</color>
					<colorMode>normal</colorMode>
					<Icon>
						<href>http://maps.google.com/mapfiles/kml/shapes/placemark_square.png</href>
					</Icon>
				</IconStyle>
				<LineStyle>
					<color>ff0055ff</color>
					<colorMode>normal</colorMode>
				</LineStyle>
				<PolyStyle>
					<color>ff0055ff</color>
					<colorMode>normal</colorMode>
				</PolyStyle>
			</Style>
			<ExtendedData>
				<SchemaData schemaUrl="#S_pmagsitesupdated_SSSSSS">
					<SimpleData name="Lat">12.43°</SimpleData>
					<SimpleData name="Long">77.65°</SimpleData>
					<SimpleData name="Dec">73°</SimpleData>
					<SimpleData name="Inc">-78°</SimpleData>
					<SimpleData name="Age">2.367</SimpleData>
					<SimpleData name="Reference">Radhakrishna et al., 2003</SimpleData>
				</SchemaData>
			</ExtendedData>
			<Point>
				<coordinates>77.64999999999999,12.43000000000002,0</coordinates>
			</Point>
		</Placemark>
		<Placemark>
			<styleUrl>#pointStyleMap0</styleUrl>
			<Style id="inline">
				<IconStyle>
					<color>ff0055ff</color>
					<colorMode>normal</colorMode>
					<Icon>
						<href>http://maps.google.com/mapfiles/kml/shapes/placemark_square.png</href>
					</Icon>
				</IconStyle>
				<LineStyle>
					<color>ff0055ff</color>
					<colorMode>normal</colorMode>
				</LineStyle>
				<PolyStyle>
					<color>ff0055ff</color>
					<colorMode>normal</colorMode>
				</PolyStyle>
			</Style>
			<ExtendedData>
				<SchemaData schemaUrl="#S_pmagsitesupdated_SSSSSS">
					<SimpleData name="Lat">12.42°</SimpleData>
					<SimpleData name="Long">77.64°</SimpleData>
					<SimpleData name="Dec">60°</SimpleData>
					<SimpleData name="Inc">-84°</SimpleData>
					<SimpleData name="Age">2.367</SimpleData>
					<SimpleData name="Reference">Radhakrishna et al., 2003</SimpleData>
				</SchemaData>
			</ExtendedData>
			<Point>
				<coordinates>77.64,12.41999999999999,0</coordinates>
			</Point>
		</Placemark>
		<Placemark>
			<styleUrl>#pointStyleMap0</styleUrl>
			<Style id="inline">
				<IconStyle>
					<color>ff0055ff</color>
					<colorMode>normal</colorMode>
					<Icon>
						<href>http://maps.google.com/mapfiles/kml/shapes/placemark_square.png</href>
					</Icon>
				</IconStyle>
				<LineStyle>
					<color>ff0055ff</color>
					<colorMode>normal</colorMode>
				</LineStyle>
				<PolyStyle>
					<color>ff0055ff</color>
					<colorMode>normal</colorMode>
				</PolyStyle>
			</Style>
			<ExtendedData>
				<SchemaData schemaUrl="#S_pmagsitesupdated_SSSSSS">
					<SimpleData name="Lat">12.50°</SimpleData>
					<SimpleData name="Long">77.20°</SimpleData>
					<SimpleData name="Dec">97°</SimpleData>
					<SimpleData name="Inc">-81°</SimpleData>
					<SimpleData name="Age">2.367</SimpleData>
					<SimpleData name="Reference">Radhakrishna et al., 2003</SimpleData>
				</SchemaData>
			</ExtendedData>
			<Point>
				<coordinates>77.2,12.5,0</coordinates>
			</Point>
		</Placemark>
		<Placemark>
			<styleUrl>#pointStyleMap0</styleUrl>
			<Style id="inline">
				<IconStyle>
					<color>ff0055ff</color>
					<colorMode>normal</colorMode>
					<Icon>
						<href>http://maps.google.com/mapfiles/kml/shapes/placemark_square.png</href>
					</Icon>
				</IconStyle>
				<LineStyle>
					<color>ff0055ff</color>
					<colorMode>normal</colorMode>
				</LineStyle>
				<PolyStyle>
					<color>ff0055ff</color>
					<colorMode>normal</colorMode>
				</PolyStyle>
			</Style>
			<ExtendedData>
				<SchemaData schemaUrl="#S_pmagsitesupdated_SSSSSS">
					<SimpleData name="Lat">12.9°</SimpleData>
					<SimpleData name="Long">78.2°</SimpleData>
					<SimpleData name="Dec">170°</SimpleData>
					<SimpleData name="Inc">-80°</SimpleData>
					<SimpleData name="Age">2.367</SimpleData>
					<SimpleData name="Reference">Hargraves and Bhalla, 1983</SimpleData>
				</SchemaData>
			</ExtendedData>
			<Point>
				<coordinates>78.19999999999999,12.90000000000002,0</coordinates>
			</Point>
		</Placemark>
		<Placemark>
			<styleUrl>#pointStyleMap0</styleUrl>
			<Style id="inline">
				<IconStyle>
					<color>ff0055ff</color>
					<colorMode>normal</colorMode>
					<Icon>
						<href>http://maps.google.com/mapfiles/kml/shapes/placemark_square.png</href>
					</Icon>
				</IconStyle>
				<LineStyle>
					<color>ff0055ff</color>
					<colorMode>normal</colorMode>
				</LineStyle>
				<PolyStyle>
					<color>ff0055ff</color>
					<colorMode>normal</colorMode>
				</PolyStyle>
			</Style>
			<ExtendedData>
				<SchemaData schemaUrl="#S_pmagsitesupdated_SSSSSS">
					<SimpleData name="Lat">12.9°</SimpleData>
					<SimpleData name="Long">78.2°</SimpleData>
					<SimpleData name="Dec">88°</SimpleData>
					<SimpleData name="Inc">-81°</SimpleData>
					<SimpleData name="Age">2.367</SimpleData>
					<SimpleData name="Reference">Hargraves and Bhalla, 1983</SimpleData>
				</SchemaData>
			</ExtendedData>
			<Point>
				<coordinates>78.19999999999999,12.90000000000002,0</coordinates>
			</Point>
		</Placemark>
		<Placemark>
			<styleUrl>#pointStyleMap0</styleUrl>
			<Style id="inline">
				<IconStyle>
					<color>ff0055ff</color>
					<colorMode>normal</colorMode>
					<Icon>
						<href>http://maps.google.com/mapfiles/kml/shapes/placemark_square.png</href>
					</Icon>
				</IconStyle>
				<LineStyle>
					<color>ff0055ff</color>
					<colorMode>normal</colorMode>
				</LineStyle>
				<PolyStyle>
					<color>ff0055ff</color>
					<colorMode>normal</colorMode>
				</PolyStyle>
			</Style>
			<ExtendedData>
				<SchemaData schemaUrl="#S_pmagsitesupdated_SSSSSS">
					<SimpleData name="Lat">12.9°</SimpleData>
					<SimpleData name="Long">78.2°</SimpleData>
					<SimpleData name="Dec">127°</SimpleData>
					<SimpleData name="Inc">-77°</SimpleData>
					<SimpleData name="Age">2.367</SimpleData>
					<SimpleData name="Reference">Hargraves and Bhalla, 1983</SimpleData>
				</SchemaData>
			</ExtendedData>
			<Point>
				<coordinates>78.19999999999999,12.90000000000002,0</coordinates>
			</Point>
		</Placemark>
		<Placemark>
			<styleUrl>#pointStyleMap0</styleUrl>
			<Style id="inline">
				<IconStyle>
					<color>ff0055ff</color>
					<colorMode>normal</colorMode>
					<Icon>
						<href>http://maps.google.com/mapfiles/kml/shapes/placemark_square.png</href>
					</Icon>
				</IconStyle>
				<LineStyle>
					<color>ff0055ff</color>
					<colorMode>normal</colorMode>
				</LineStyle>
				<PolyStyle>
					<color>ff0055ff</color>
					<colorMode>normal</colorMode>
				</PolyStyle>
			</Style>
			<ExtendedData>
				<SchemaData schemaUrl="#S_pmagsitesupdated_SSSSSS">
					<SimpleData name="Lat">12.9°</SimpleData>
					<SimpleData name="Long">78.2°</SimpleData>
					<SimpleData name="Dec">302°</SimpleData>
					<SimpleData name="Inc">+79°</SimpleData>
					<SimpleData name="Age">2.367</SimpleData>
					<SimpleData name="Reference">Hargraves and Bhalla, 1983</SimpleData>
				</SchemaData>
			</ExtendedData>
			<Point>
				<coordinates>78.19999999999999,12.90000000000002,0</coordinates>
			</Point>
		</Placemark>
		<Placemark>
			<styleUrl>#pointStyleMap0</styleUrl>
			<Style id="inline">
				<IconStyle>
					<color>ff0055ff</color>
					<colorMode>normal</colorMode>
					<Icon>
						<href>http://maps.google.com/mapfiles/kml/shapes/placemark_square.png</href>
					</Icon>
				</IconStyle>
				<LineStyle>
					<color>ff0055ff</color>
					<colorMode>normal</colorMode>
				</LineStyle>
				<PolyStyle>
					<color>ff0055ff</color>
					<colorMode>normal</colorMode>
				</PolyStyle>
			</Style>
			<ExtendedData>
				<SchemaData schemaUrl="#S_pmagsitesupdated_SSSSSS">
					<SimpleData name="Lat">18.4°</SimpleData>
					<SimpleData name="Long">79.1°</SimpleData>
					<SimpleData name="Dec">40°</SimpleData>
					<SimpleData name="Inc">-63°</SimpleData>
					<SimpleData name="Age">2.367</SimpleData>
					<SimpleData name="Reference">Hargraves and Bhalla, 1983</SimpleData>
				</SchemaData>
			</ExtendedData>
			<Point>
				<coordinates>79.10000000000001,18.4,0</coordinates>
			</Point>
		</Placemark>
		<Placemark>
			<styleUrl>#pointStyleMap0</styleUrl>
			<Style id="inline">
				<IconStyle>
					<color>ff0055ff</color>
					<colorMode>normal</colorMode>
					<Icon>
						<href>http://maps.google.com/mapfiles/kml/shapes/placemark_square.png</href>
					</Icon>
				</IconStyle>
				<LineStyle>
					<color>ff0055ff</color>
					<colorMode>normal</colorMode>
				</LineStyle>
				<PolyStyle>
					<color>ff0055ff</color>
					<colorMode>normal</colorMode>
				</PolyStyle>
			</Style>
			<ExtendedData>
				<SchemaData schemaUrl="#S_pmagsitesupdated_SSSSSS">
					<SimpleData name="Lat">16.36°</SimpleData>
					<SimpleData name="Long">77.72°</SimpleData>
					<SimpleData name="Dec">261°</SimpleData>
					<SimpleData name="Inc">-70°</SimpleData>
					<SimpleData name="Age">2.25</SimpleData>
					<SimpleData name="Reference">Kumar et al., 2012</SimpleData>
				</SchemaData>
			</ExtendedData>
			<Point>
				<coordinates>77.72000000000004,16.36000000000002,0</coordinates>
			</Point>
		</Placemark>
		<Placemark>
			<styleUrl>#pointStyleMap0</styleUrl>
			<Style id="inline">
				<IconStyle>
					<color>ff0055ff</color>
					<colorMode>normal</colorMode>
					<Icon>
						<href>http://maps.google.com/mapfiles/kml/shapes/placemark_square.png</href>
					</Icon>
				</IconStyle>
				<LineStyle>
					<color>ff0055ff</color>
					<colorMode>normal</colorMode>
				</LineStyle>
				<PolyStyle>
					<color>ff0055ff</color>
					<colorMode>normal</colorMode>
				</PolyStyle>
			</Style>
			<ExtendedData>
				<SchemaData schemaUrl="#S_pmagsitesupdated_SSSSSS">
					<SimpleData name="Lat">16.29°</SimpleData>
					<SimpleData name="Long">77.74°</SimpleData>
					<SimpleData name="Dec">272°</SimpleData>
					<SimpleData name="Inc">-77°</SimpleData>
					<SimpleData name="Age">2.25</SimpleData>
					<SimpleData name="Reference">Kumar et al., 2012</SimpleData>
				</SchemaData>
			</ExtendedData>
			<Point>
				<coordinates>77.74000000000002,16.29000000000001,0</coordinates>
			</Point>
		</Placemark>
		<Placemark>
			<styleUrl>#pointStyleMap0</styleUrl>
			<Style id="inline">
				<IconStyle>
					<color>ff0055ff</color>
					<colorMode>normal</colorMode>
					<Icon>
						<href>http://maps.google.com/mapfiles/kml/shapes/placemark_square.png</href>
					</Icon>
				</IconStyle>
				<LineStyle>
					<color>ff0055ff</color>
					<colorMode>normal</colorMode>
				</LineStyle>
				<PolyStyle>
					<color>ff0055ff</color>
					<colorMode>normal</colorMode>
				</PolyStyle>
			</Style>
			<ExtendedData>
				<SchemaData schemaUrl="#S_pmagsitesupdated_SSSSSS">
					<SimpleData name="Lat">16.27°</SimpleData>
					<SimpleData name="Long">77.72°</SimpleData>
					<SimpleData name="Dec">276°</SimpleData>
					<SimpleData name="Inc">-61°</SimpleData>
					<SimpleData name="Age">2.25</SimpleData>
					<SimpleData name="Reference">Kumar et al., 2012</SimpleData>
				</SchemaData>
			</ExtendedData>
			<Point>
				<coordinates>77.72000000000004,16.26999999999999,0</coordinates>
			</Point>
		</Placemark>
		<Placemark>
			<styleUrl>#pointStyleMap0</styleUrl>
			<Style id="inline">
				<IconStyle>
					<color>ff0055ff</color>
					<colorMode>normal</colorMode>
					<Icon>
						<href>http://maps.google.com/mapfiles/kml/shapes/placemark_square.png</href>
					</Icon>
				</IconStyle>
				<LineStyle>
					<color>ff0055ff</color>
					<colorMode>normal</colorMode>
				</LineStyle>
				<PolyStyle>
					<color>ff0055ff</color>
					<colorMode>normal</colorMode>
				</PolyStyle>
			</Style>
			<ExtendedData>
				<SchemaData schemaUrl="#S_pmagsitesupdated_SSSSSS">
					<SimpleData name="Lat">16.51°</SimpleData>
					<SimpleData name="Long">77.72°</SimpleData>
					<SimpleData name="Dec">283°</SimpleData>
					<SimpleData name="Inc">-72°</SimpleData>
					<SimpleData name="Age">2.25</SimpleData>
					<SimpleData name="Reference">Kumar et al., 2012</SimpleData>
				</SchemaData>
			</ExtendedData>
			<Point>
				<coordinates>77.72000000000004,16.51000000000001,0</coordinates>
			</Point>
		</Placemark>
		<Placemark>
			<styleUrl>#pointStyleMap0</styleUrl>
			<Style id="inline">
				<IconStyle>
					<color>ff0055ff</color>
					<colorMode>normal</colorMode>
					<Icon>
						<href>http://maps.google.com/mapfiles/kml/shapes/placemark_square.png</href>
					</Icon>
				</IconStyle>
				<LineStyle>
					<color>ff0055ff</color>
					<colorMode>normal</colorMode>
				</LineStyle>
				<PolyStyle>
					<color>ff0055ff</color>
					<colorMode>normal</colorMode>
				</PolyStyle>
			</Style>
			<ExtendedData>
				<SchemaData schemaUrl="#S_pmagsitesupdated_SSSSSS">
					<SimpleData name="Lat">16.34°</SimpleData>
					<SimpleData name="Long">78.14°</SimpleData>
					<SimpleData name="Dec">244°</SimpleData>
					<SimpleData name="Inc">-60°</SimpleData>
					<SimpleData name="Age">2.25</SimpleData>
					<SimpleData name="Reference">Radhakrishna et al., 2013b</SimpleData>
				</SchemaData>
			</ExtendedData>
			<Point>
				<coordinates>78.14,16.34000000000001,0</coordinates>
			</Point>
		</Placemark>
		<Placemark>
			<styleUrl>#pointStyleMap0</styleUrl>
			<Style id="inline">
				<IconStyle>
					<color>ff0055ff</color>
					<colorMode>normal</colorMode>
					<Icon>
						<href>http://maps.google.com/mapfiles/kml/shapes/placemark_square.png</href>
					</Icon>
				</IconStyle>
				<LineStyle>
					<color>ff0055ff</color>
					<colorMode>normal</colorMode>
				</LineStyle>
				<PolyStyle>
					<color>ff0055ff</color>
					<colorMode>normal</colorMode>
				</PolyStyle>
			</Style>
			<ExtendedData>
				<SchemaData schemaUrl="#S_pmagsitesupdated_SSSSSS">
					<SimpleData name="Lat">16.45°</SimpleData>
					<SimpleData name="Long">78.32°</SimpleData>
					<SimpleData name="Dec">134°</SimpleData>
					<SimpleData name="Inc">64.8°</SimpleData>
					<SimpleData name="Age">2.25</SimpleData>
					<SimpleData name="Reference">Radhakrishna et al., 2013b</SimpleData>
				</SchemaData>
			</ExtendedData>
			<Point>
				<coordinates>78.31999999999998,16.44999999999997,0</coordinates>
			</Point>
		</Placemark>
		<Placemark>
			<styleUrl>#pointStyleMap0</styleUrl>
			<Style id="inline">
				<IconStyle>
					<color>ff0055ff</color>
					<colorMode>normal</colorMode>
					<Icon>
						<href>http://maps.google.com/mapfiles/kml/shapes/placemark_square.png</href>
					</Icon>
				</IconStyle>
				<LineStyle>
					<color>ff0055ff</color>
					<colorMode>normal</colorMode>
				</LineStyle>
				<PolyStyle>
					<color>ff0055ff</color>
					<colorMode>normal</colorMode>
				</PolyStyle>
			</Style>
			<ExtendedData>
				<SchemaData schemaUrl="#S_pmagsitesupdated_SSSSSS">
					<SimpleData name="Lat">16.83°</SimpleData>
					<SimpleData name="Long">79.08°</SimpleData>
					<SimpleData name="Dec">313°</SimpleData>
					<SimpleData name="Inc">-62.2°</SimpleData>
					<SimpleData name="Age">2.25</SimpleData>
					<SimpleData name="Reference">Radhakrishna et al., 2013b</SimpleData>
				</SchemaData>
			</ExtendedData>
			<Point>
				<coordinates>79.08,16.82999999999998,0</coordinates>
			</Point>
		</Placemark>
		<Placemark>
			<styleUrl>#pointStyleMap0</styleUrl>
			<Style id="inline">
				<IconStyle>
					<color>ff0055ff</color>
					<colorMode>normal</colorMode>
					<Icon>
						<href>http://maps.google.com/mapfiles/kml/shapes/placemark_square.png</href>
					</Icon>
				</IconStyle>
				<LineStyle>
					<color>ff0055ff</color>
					<colorMode>normal</colorMode>
				</LineStyle>
				<PolyStyle>
					<color>ff0055ff</color>
					<colorMode>normal</colorMode>
				</PolyStyle>
			</Style>
			<ExtendedData>
				<SchemaData schemaUrl="#S_pmagsitesupdated_SSSSSS">
					<SimpleData name="Lat">16.82°</SimpleData>
					<SimpleData name="Long">79.32°</SimpleData>
					<SimpleData name="Dec">224°</SimpleData>
					<SimpleData name="Inc">-64.9°</SimpleData>
					<SimpleData name="Age">2.25</SimpleData>
					<SimpleData name="Reference">Radhakrishna et al., 2013b</SimpleData>
				</SchemaData>
			</ExtendedData>
			<Point>
				<coordinates>79.31999999999998,16.82,0</coordinates>
			</Point>
		</Placemark>
		<Placemark>
			<styleUrl>#pointStyleMap0</styleUrl>
			<Style id="inline">
				<IconStyle>
					<color>ff0055ff</color>
					<colorMode>normal</colorMode>
					<Icon>
						<href>http://maps.google.com/mapfiles/kml/shapes/placemark_square.png</href>
					</Icon>
				</IconStyle>
				<LineStyle>
					<color>ff0055ff</color>
					<colorMode>normal</colorMode>
				</LineStyle>
				<PolyStyle>
					<color>ff0055ff</color>
					<colorMode>normal</colorMode>
				</PolyStyle>
			</Style>
			<ExtendedData>
				<SchemaData schemaUrl="#S_pmagsitesupdated_SSSSSS">
					<SimpleData name="Lat">14.8</SimpleData>
					<SimpleData name="Long">77.73</SimpleData>
					<SimpleData name="Dec">300.5</SimpleData>
					<SimpleData name="Inc">-67.3</SimpleData>
					<SimpleData name="Age">2.25</SimpleData>
					<SimpleData name="Reference">Radhakrishna et al., 2013b</SimpleData>
				</SchemaData>
			</ExtendedData>
			<Point>
				<coordinates>77.73000000000003,14.8,0</coordinates>
			</Point>
		</Placemark>
		<Placemark>
			<styleUrl>#pointStyleMap0</styleUrl>
			<Style id="inline">
				<IconStyle>
					<color>ff0055ff</color>
					<colorMode>normal</colorMode>
					<Icon>
						<href>http://maps.google.com/mapfiles/kml/shapes/placemark_square.png</href>
					</Icon>
				</IconStyle>
				<LineStyle>
					<color>ff0055ff</color>
					<colorMode>normal</colorMode>
				</LineStyle>
				<PolyStyle>
					<color>ff0055ff</color>
					<colorMode>normal</colorMode>
				</PolyStyle>
			</Style>
			<ExtendedData>
				<SchemaData schemaUrl="#S_pmagsitesupdated_SSSSSS">
					<SimpleData name="Lat">13.55°</SimpleData>
					<SimpleData name="Long">78.92°</SimpleData>
					<SimpleData name="Dec">253°</SimpleData>
					<SimpleData name="Inc">-62°</SimpleData>
					<SimpleData name="Age">2.25</SimpleData>
					<SimpleData name="Reference">Belica et al., 2014</SimpleData>
				</SchemaData>
			</ExtendedData>
			<Point>
				<coordinates>78.92000000000003,13.55,0</coordinates>
			</Point>
		</Placemark>
		<Placemark>
			<styleUrl>#pointStyleMap0</styleUrl>
			<Style id="inline">
				<IconStyle>
					<color>ff0055ff</color>
					<colorMode>normal</colorMode>
					<Icon>
						<href>http://maps.google.com/mapfiles/kml/shapes/placemark_square.png</href>
					</Icon>
				</IconStyle>
				<LineStyle>
					<color>ff0055ff</color>
					<colorMode>normal</colorMode>
				</LineStyle>
				<PolyStyle>
					<color>ff0055ff</color>
					<colorMode>normal</colorMode>
				</PolyStyle>
			</Style>
			<ExtendedData>
				<SchemaData schemaUrl="#S_pmagsitesupdated_SSSSSS">
					<SimpleData name="Lat">16.84°</SimpleData>
					<SimpleData name="Long">79.34°</SimpleData>
					<SimpleData name="Dec">218°</SimpleData>
					<SimpleData name="Inc">-62°</SimpleData>
					<SimpleData name="Age">2.25</SimpleData>
					<SimpleData name="Reference">Poornachandra-Rao, 2005</SimpleData>
				</SchemaData>
			</ExtendedData>
			<Point>
				<coordinates>79.34000000000003,16.84000000000001,0</coordinates>
			</Point>
		</Placemark>
		<Placemark>
			<styleUrl>#pointStyleMap0</styleUrl>
			<Style id="inline">
				<IconStyle>
					<color>ff0055ff</color>
					<colorMode>normal</colorMode>
					<Icon>
						<href>http://maps.google.com/mapfiles/kml/shapes/placemark_square.png</href>
					</Icon>
				</IconStyle>
				<LineStyle>
					<color>ff0055ff</color>
					<colorMode>normal</colorMode>
				</LineStyle>
				<PolyStyle>
					<color>ff0055ff</color>
					<colorMode>normal</colorMode>
				</PolyStyle>
			</Style>
			<ExtendedData>
				<SchemaData schemaUrl="#S_pmagsitesupdated_SSSSSS">
					<SimpleData name="Lat">22.632°</SimpleData>
					<SimpleData name="Long">86.06°</SimpleData>
					<SimpleData name="Dec">75.3°</SimpleData>
					<SimpleData name="Inc">71.7°</SimpleData>
					<SimpleData name="Age">2.25</SimpleData>
					<SimpleData name="Reference">Pivarunas et al., 2021</SimpleData>
				</SchemaData>
			</ExtendedData>
			<Point>
				<coordinates>86.06,22.63199999999998,0</coordinates>
			</Point>
		</Placemark>
		<Placemark>
			<styleUrl>#pointStyleMap0</styleUrl>
			<Style id="inline">
				<IconStyle>
					<color>ff0055ff</color>
					<colorMode>normal</colorMode>
					<Icon>
						<href>http://maps.google.com/mapfiles/kml/shapes/placemark_square.png</href>
					</Icon>
				</IconStyle>
				<LineStyle>
					<color>ff0055ff</color>
					<colorMode>normal</colorMode>
				</LineStyle>
				<PolyStyle>
					<color>ff0055ff</color>
					<colorMode>normal</colorMode>
				</PolyStyle>
			</Style>
			<ExtendedData>
				<SchemaData schemaUrl="#S_pmagsitesupdated_SSSSSS">
					<SimpleData name="Lat">22.621°</SimpleData>
					<SimpleData name="Long">86.00°</SimpleData>
					<SimpleData name="Dec">21.7°</SimpleData>
					<SimpleData name="Inc">72.9°</SimpleData>
					<SimpleData name="Age">2.25</SimpleData>
					<SimpleData name="Reference">Pivarunas et al., 2021</SimpleData>
				</SchemaData>
			</ExtendedData>
			<Point>
				<coordinates>86.00000000000001,22.621,0</coordinates>
			</Point>
		</Placemark>
		<Placemark>
			<styleUrl>#pointStyleMap0</styleUrl>
			<Style id="inline">
				<IconStyle>
					<color>ff0055ff</color>
					<colorMode>normal</colorMode>
					<Icon>
						<href>http://maps.google.com/mapfiles/kml/shapes/placemark_square.png</href>
					</Icon>
				</IconStyle>
				<LineStyle>
					<color>ff0055ff</color>
					<colorMode>normal</colorMode>
				</LineStyle>
				<PolyStyle>
					<color>ff0055ff</color>
					<colorMode>normal</colorMode>
				</PolyStyle>
			</Style>
			<ExtendedData>
				<SchemaData schemaUrl="#S_pmagsitesupdated_SSSSSS">
					<SimpleData name="Lat">21.55°</SimpleData>
					<SimpleData name="Long">85.66°</SimpleData>
					<SimpleData name="Dec">65.9°</SimpleData>
					<SimpleData name="Inc">78°</SimpleData>
					<SimpleData name="Age">2.25</SimpleData>
					<SimpleData name="Reference">Pivarunas et al., 2021</SimpleData>
				</SchemaData>
			</ExtendedData>
			<Point>
				<coordinates>85.65999999999998,21.55000000000001,0</coordinates>
			</Point>
		</Placemark>
		<Placemark>
			<styleUrl>#pointStyleMap0</styleUrl>
			<Style id="inline">
				<IconStyle>
					<color>ff0055ff</color>
					<colorMode>normal</colorMode>
					<Icon>
						<href>http://maps.google.com/mapfiles/kml/shapes/placemark_square.png</href>
					</Icon>
				</IconStyle>
				<LineStyle>
					<color>ff0055ff</color>
					<colorMode>normal</colorMode>
				</LineStyle>
				<PolyStyle>
					<color>ff0055ff</color>
					<colorMode>normal</colorMode>
				</PolyStyle>
			</Style>
			<ExtendedData>
				<SchemaData schemaUrl="#S_pmagsitesupdated_SSSSSS">
					<SimpleData name="Lat">21.403°</SimpleData>
					<SimpleData name="Long">85.74°</SimpleData>
					<SimpleData name="Dec">67.9°</SimpleData>
					<SimpleData name="Inc">65.6°</SimpleData>
					<SimpleData name="Age">2.25</SimpleData>
					<SimpleData name="Reference">Pivarunas et al., 2021</SimpleData>
				</SchemaData>
			</ExtendedData>
			<Point>
				<coordinates>85.73999999999999,21.40300000000001,0</coordinates>
			</Point>
		</Placemark>
		<Placemark>
			<styleUrl>#pointStyleMap0</styleUrl>
			<Style id="inline">
				<IconStyle>
					<color>ff0055ff</color>
					<colorMode>normal</colorMode>
					<Icon>
						<href>http://maps.google.com/mapfiles/kml/shapes/placemark_square.png</href>
					</Icon>
				</IconStyle>
				<LineStyle>
					<color>ff0055ff</color>
					<colorMode>normal</colorMode>
				</LineStyle>
				<PolyStyle>
					<color>ff0055ff</color>
					<colorMode>normal</colorMode>
				</PolyStyle>
			</Style>
			<ExtendedData>
				<SchemaData schemaUrl="#S_pmagsitesupdated_SSSSSS">
					<SimpleData name="Lat">21.32°</SimpleData>
					<SimpleData name="Long">85.82°</SimpleData>
					<SimpleData name="Dec">332°</SimpleData>
					<SimpleData name="Inc">76°</SimpleData>
					<SimpleData name="Age">2.25</SimpleData>
					<SimpleData name="Reference">Pivarunas et al., 2021</SimpleData>
				</SchemaData>
			</ExtendedData>
			<Point>
				<coordinates>85.81999999999999,21.31999999999998,0</coordinates>
			</Point>
		</Placemark>
		<Placemark>
			<styleUrl>#pointStyleMap0</styleUrl>
			<Style id="inline">
				<IconStyle>
					<color>ff0055ff</color>
					<colorMode>normal</colorMode>
					<Icon>
						<href>http://maps.google.com/mapfiles/kml/shapes/placemark_square.png</href>
					</Icon>
				</IconStyle>
				<LineStyle>
					<color>ff0055ff</color>
					<colorMode>normal</colorMode>
				</LineStyle>
				<PolyStyle>
					<color>ff0055ff</color>
					<colorMode>normal</colorMode>
				</PolyStyle>
			</Style>
			<ExtendedData>
				<SchemaData schemaUrl="#S_pmagsitesupdated_SSSSSS">
					<SimpleData name="Lat">22.21°</SimpleData>
					<SimpleData name="Long">86.18°</SimpleData>
					<SimpleData name="Dec">207°</SimpleData>
					<SimpleData name="Inc">-82°</SimpleData>
					<SimpleData name="Age">2.25</SimpleData>
					<SimpleData name="Reference">Pivarunas et al., 2021</SimpleData>
				</SchemaData>
			</ExtendedData>
			<Point>
				<coordinates>86.17999999999999,22.21000000000002,0</coordinates>
			</Point>
		</Placemark>
		<Placemark>
			<styleUrl>#pointStyleMap0</styleUrl>
			<Style id="inline">
				<IconStyle>
					<color>ff0055ff</color>
					<colorMode>normal</colorMode>
					<Icon>
						<href>http://maps.google.com/mapfiles/kml/shapes/placemark_square.png</href>
					</Icon>
				</IconStyle>
				<LineStyle>
					<color>ff0055ff</color>
					<colorMode>normal</colorMode>
				</LineStyle>
				<PolyStyle>
					<color>ff0055ff</color>
					<colorMode>normal</colorMode>
				</PolyStyle>
			</Style>
			<ExtendedData>
				<SchemaData schemaUrl="#S_pmagsitesupdated_SSSSSS">
					<SimpleData name="Lat">22.53°</SimpleData>
					<SimpleData name="Long">85.87°</SimpleData>
					<SimpleData name="Dec">28°</SimpleData>
					<SimpleData name="Inc">76°</SimpleData>
					<SimpleData name="Age">2.25</SimpleData>
					<SimpleData name="Reference">Pivarunas et al., 2021</SimpleData>
				</SchemaData>
			</ExtendedData>
			<Point>
				<coordinates>85.87,22.53,0</coordinates>
			</Point>
		</Placemark>
		<Placemark>
			<styleUrl>#pointStyleMap0</styleUrl>
			<Style id="inline">
				<IconStyle>
					<color>ff0055ff</color>
					<colorMode>normal</colorMode>
					<Icon>
						<href>http://maps.google.com/mapfiles/kml/shapes/placemark_square.png</href>
					</Icon>
				</IconStyle>
				<LineStyle>
					<color>ff0055ff</color>
					<colorMode>normal</colorMode>
				</LineStyle>
				<PolyStyle>
					<color>ff0055ff</color>
					<colorMode>normal</colorMode>
				</PolyStyle>
			</Style>
			<ExtendedData>
				<SchemaData schemaUrl="#S_pmagsitesupdated_SSSSSS">
					<SimpleData name="Lat">22.42°</SimpleData>
					<SimpleData name="Long">86.08°</SimpleData>
					<SimpleData name="Dec">228.3°</SimpleData>
					<SimpleData name="Inc">-67°</SimpleData>
					<SimpleData name="Age">2.25</SimpleData>
					<SimpleData name="Reference">Pivarunas et al., 2021</SimpleData>
				</SchemaData>
			</ExtendedData>
			<Point>
				<coordinates>86.07999999999998,22.42000000000004,0</coordinates>
			</Point>
		</Placemark>
		<Placemark>
			<styleUrl>#pointStyleMap0</styleUrl>
			<Style id="inline">
				<IconStyle>
					<color>ff0055ff</color>
					<colorMode>normal</colorMode>
					<Icon>
						<href>http://maps.google.com/mapfiles/kml/shapes/placemark_square.png</href>
					</Icon>
				</IconStyle>
				<LineStyle>
					<color>ff0055ff</color>
					<colorMode>normal</colorMode>
				</LineStyle>
				<PolyStyle>
					<color>ff0055ff</color>
					<colorMode>normal</colorMode>
				</PolyStyle>
			</Style>
			<ExtendedData>
				<SchemaData schemaUrl="#S_pmagsitesupdated_SSSSSS">
					<SimpleData name="Lat">21.57°</SimpleData>
					<SimpleData name="Long">85.70°</SimpleData>
					<SimpleData name="Dec">172.4°</SimpleData>
					<SimpleData name="Inc">-67°</SimpleData>
					<SimpleData name="Age">2.25</SimpleData>
					<SimpleData name="Reference">Pivarunas et al., 2021</SimpleData>
				</SchemaData>
			</ExtendedData>
			<Point>
				<coordinates>85.7,21.56999999999998,0</coordinates>
			</Point>
		</Placemark>
		<Placemark>
			<styleUrl>#pointStyleMap0</styleUrl>
			<Style id="inline">
				<IconStyle>
					<color>ff0055ff</color>
					<colorMode>normal</colorMode>
					<Icon>
						<href>http://maps.google.com/mapfiles/kml/shapes/placemark_square.png</href>
					</Icon>
				</IconStyle>
				<LineStyle>
					<color>ff0055ff</color>
					<colorMode>normal</colorMode>
				</LineStyle>
				<PolyStyle>
					<color>ff0055ff</color>
					<colorMode>normal</colorMode>
				</PolyStyle>
			</Style>
			<ExtendedData>
				<SchemaData schemaUrl="#S_pmagsitesupdated_SSSSSS">
					<SimpleData name="Lat">21.55°</SimpleData>
					<SimpleData name="Long">86.01°</SimpleData>
					<SimpleData name="Dec">74.3°</SimpleData>
					<SimpleData name="Inc">66°</SimpleData>
					<SimpleData name="Age">2.25</SimpleData>
					<SimpleData name="Reference">Pivarunas et al., 2021</SimpleData>
				</SchemaData>
			</ExtendedData>
			<Point>
				<coordinates>86.01000000000001,21.55000000000001,0</coordinates>
			</Point>
		</Placemark>
		<Placemark>
			<styleUrl>#pointStyleMap0</styleUrl>
			<Style id="inline">
				<IconStyle>
					<color>ff0055ff</color>
					<colorMode>normal</colorMode>
					<Icon>
						<href>http://maps.google.com/mapfiles/kml/shapes/placemark_square.png</href>
					</Icon>
				</IconStyle>
				<LineStyle>
					<color>ff0055ff</color>
					<colorMode>normal</colorMode>
				</LineStyle>
				<PolyStyle>
					<color>ff0055ff</color>
					<colorMode>normal</colorMode>
				</PolyStyle>
			</Style>
			<ExtendedData>
				<SchemaData schemaUrl="#S_pmagsitesupdated_SSSSSS">
					<SimpleData name="Lat">21.55°</SimpleData>
					<SimpleData name="Long">86.02°</SimpleData>
					<SimpleData name="Dec">348°</SimpleData>
					<SimpleData name="Inc">80°</SimpleData>
					<SimpleData name="Age">2.25</SimpleData>
					<SimpleData name="Reference">Pivarunas et al., 2021</SimpleData>
				</SchemaData>
			</ExtendedData>
			<Point>
				<coordinates>86.01999999999998,21.55000000000001,0</coordinates>
			</Point>
		</Placemark>
		<Placemark>
			<styleUrl>#pointStyleMap0</styleUrl>
			<Style id="inline">
				<IconStyle>
					<color>ff0055ff</color>
					<colorMode>normal</colorMode>
					<Icon>
						<href>http://maps.google.com/mapfiles/kml/shapes/placemark_square.png</href>
					</Icon>
				</IconStyle>
				<LineStyle>
					<color>ff0055ff</color>
					<colorMode>normal</colorMode>
				</LineStyle>
				<PolyStyle>
					<color>ff0055ff</color>
					<colorMode>normal</colorMode>
				</PolyStyle>
			</Style>
			<ExtendedData>
				<SchemaData schemaUrl="#S_pmagsitesupdated_SSSSSS">
					<SimpleData name="Lat">21.55°</SimpleData>
					<SimpleData name="Long">86.02°</SimpleData>
					<SimpleData name="Dec">60°</SimpleData>
					<SimpleData name="Inc">69°</SimpleData>
					<SimpleData name="Age">2.25</SimpleData>
					<SimpleData name="Reference">Pivarunas et al., 2021</SimpleData>
				</SchemaData>
			</ExtendedData>
			<Point>
				<coordinates>86.01999999999998,21.55000000000001,0</coordinates>
			</Point>
		</Placemark>
		<Placemark>
			<styleUrl>#pointStyleMap0</styleUrl>
			<Style id="inline">
				<IconStyle>
					<color>ff0055ff</color>
					<colorMode>normal</colorMode>
					<Icon>
						<href>http://maps.google.com/mapfiles/kml/shapes/placemark_square.png</href>
					</Icon>
				</IconStyle>
				<LineStyle>
					<color>ff0055ff</color>
					<colorMode>normal</colorMode>
				</LineStyle>
				<PolyStyle>
					<color>ff0055ff</color>
					<colorMode>normal</colorMode>
				</PolyStyle>
			</Style>
			<ExtendedData>
				<SchemaData schemaUrl="#S_pmagsitesupdated_SSSSSS">
					<SimpleData name="Lat">21.553°</SimpleData>
					<SimpleData name="Long">86.02°</SimpleData>
					<SimpleData name="Dec">342°</SimpleData>
					<SimpleData name="Inc">76°</SimpleData>
					<SimpleData name="Age">2.25</SimpleData>
					<SimpleData name="Reference">Pivarunas et al., 2021</SimpleData>
				</SchemaData>
			</ExtendedData>
			<Point>
				<coordinates>86.01999999999998,21.55299999999999,0</coordinates>
			</Point>
		</Placemark>
		<Placemark>
			<styleUrl>#pointStyleMap0</styleUrl>
			<Style id="inline">
				<IconStyle>
					<color>ff0055ff</color>
					<colorMode>normal</colorMode>
					<Icon>
						<href>http://maps.google.com/mapfiles/kml/shapes/placemark_square.png</href>
					</Icon>
				</IconStyle>
				<LineStyle>
					<color>ff0055ff</color>
					<colorMode>normal</colorMode>
				</LineStyle>
				<PolyStyle>
					<color>ff0055ff</color>
					<colorMode>normal</colorMode>
				</PolyStyle>
			</Style>
			<ExtendedData>
				<SchemaData schemaUrl="#S_pmagsitesupdated_SSSSSS">
					<SimpleData name="Lat">21.52°</SimpleData>
					<SimpleData name="Long">86.02°</SimpleData>
					<SimpleData name="Dec">74°</SimpleData>
					<SimpleData name="Inc">74°</SimpleData>
					<SimpleData name="Age">2.25</SimpleData>
					<SimpleData name="Reference">Pivarunas et al., 2021</SimpleData>
				</SchemaData>
			</ExtendedData>
			<Point>
				<coordinates>86.01999999999998,21.52000000000001,0</coordinates>
			</Point>
		</Placemark>
		<Placemark>
			<styleUrl>#pointStyleMap0</styleUrl>
			<Style id="inline">
				<IconStyle>
					<color>ff0055ff</color>
					<colorMode>normal</colorMode>
					<Icon>
						<href>http://maps.google.com/mapfiles/kml/shapes/placemark_square.png</href>
					</Icon>
				</IconStyle>
				<LineStyle>
					<color>ff0055ff</color>
					<colorMode>normal</colorMode>
				</LineStyle>
				<PolyStyle>
					<color>ff0055ff</color>
					<colorMode>normal</colorMode>
				</PolyStyle>
			</Style>
			<ExtendedData>
				<SchemaData schemaUrl="#S_pmagsitesupdated_SSSSSS">
					<SimpleData name="Lat">21.59°</SimpleData>
					<SimpleData name="Long">85.73°</SimpleData>
					<SimpleData name="Dec">77°</SimpleData>
					<SimpleData name="Inc">75°</SimpleData>
					<SimpleData name="Age">2.25</SimpleData>
					<SimpleData name="Reference">Pivarunas et al., 2021</SimpleData>
				</SchemaData>
			</ExtendedData>
			<Point>
				<coordinates>85.73,21.58999999999999,0</coordinates>
			</Point>
		</Placemark>
		<Placemark>
			<styleUrl>#pointStyleMap0</styleUrl>
			<Style id="inline">
				<IconStyle>
					<color>ff0055ff</color>
					<colorMode>normal</colorMode>
					<Icon>
						<href>http://maps.google.com/mapfiles/kml/shapes/placemark_square.png</href>
					</Icon>
				</IconStyle>
				<LineStyle>
					<color>ff0055ff</color>
					<colorMode>normal</colorMode>
				</LineStyle>
				<PolyStyle>
					<color>ff0055ff</color>
					<colorMode>normal</colorMode>
				</PolyStyle>
			</Style>
			<ExtendedData>
				<SchemaData schemaUrl="#S_pmagsitesupdated_SSSSSS">
					<SimpleData name="Lat">21.57°</SimpleData>
					<SimpleData name="Long">85.99°</SimpleData>
					<SimpleData name="Dec">151°</SimpleData>
					<SimpleData name="Inc">-78°</SimpleData>
					<SimpleData name="Age">2.25</SimpleData>
					<SimpleData name="Reference">Pivarunas et al., 2021</SimpleData>
				</SchemaData>
			</ExtendedData>
			<Point>
				<coordinates>85.99000000000002,21.56999999999998,0</coordinates>
			</Point>
		</Placemark>
		<Placemark>
			<styleUrl>#pointStyleMap0</styleUrl>
			<Style id="inline">
				<IconStyle>
					<color>ff0055ff</color>
					<colorMode>normal</colorMode>
					<Icon>
						<href>http://maps.google.com/mapfiles/kml/shapes/placemark_square.png</href>
					</Icon>
				</IconStyle>
				<LineStyle>
					<color>ff0055ff</color>
					<colorMode>normal</colorMode>
				</LineStyle>
				<PolyStyle>
					<color>ff0055ff</color>
					<colorMode>normal</colorMode>
				</PolyStyle>
			</Style>
			<ExtendedData>
				<SchemaData schemaUrl="#S_pmagsitesupdated_SSSSSS">
					<SimpleData name="Lat">21.35°</SimpleData>
					<SimpleData name="Long">85.99°</SimpleData>
					<SimpleData name="Dec">10.3°</SimpleData>
					<SimpleData name="Inc">73.2°</SimpleData>
					<SimpleData name="Age">2.25</SimpleData>
					<SimpleData name="Reference">Pivarunas et al., 2021</SimpleData>
				</SchemaData>
			</ExtendedData>
			<Point>
				<coordinates>85.99000000000002,21.34999999999998,0</coordinates>
			</Point>
		</Placemark>
		<Placemark>
			<styleUrl>#pointStyleMap0</styleUrl>
			<Style id="inline">
				<IconStyle>
					<color>ff0055ff</color>
					<colorMode>normal</colorMode>
					<Icon>
						<href>http://maps.google.com/mapfiles/kml/shapes/placemark_square.png</href>
					</Icon>
				</IconStyle>
				<LineStyle>
					<color>ff0055ff</color>
					<colorMode>normal</colorMode>
				</LineStyle>
				<PolyStyle>
					<color>ff0055ff</color>
					<colorMode>normal</colorMode>
				</PolyStyle>
			</Style>
			<ExtendedData>
				<SchemaData schemaUrl="#S_pmagsitesupdated_SSSSSS">
					<SimpleData name="Lat">22.56°</SimpleData>
					<SimpleData name="Long">85.89°</SimpleData>
					<SimpleData name="Dec">100°</SimpleData>
					<SimpleData name="Inc">67°</SimpleData>
					<SimpleData name="Age">2.25</SimpleData>
					<SimpleData name="Reference">Pivarunas et al., 2021</SimpleData>
				</SchemaData>
			</ExtendedData>
			<Point>
				<coordinates>85.88999999999997,22.56,0</coordinates>
			</Point>
		</Placemark>
		<Placemark>
			<styleUrl>#pointStyleMap0</styleUrl>
			<Style id="inline">
				<IconStyle>
					<color>ff0055ff</color>
					<colorMode>normal</colorMode>
					<Icon>
						<href>http://maps.google.com/mapfiles/kml/shapes/placemark_square.png</href>
					</Icon>
				</IconStyle>
				<LineStyle>
					<color>ff0055ff</color>
					<colorMode>normal</colorMode>
				</LineStyle>
				<PolyStyle>
					<color>ff0055ff</color>
					<colorMode>normal</colorMode>
				</PolyStyle>
			</Style>
			<ExtendedData>
				<SchemaData schemaUrl="#S_pmagsitesupdated_SSSSSS">
					<SimpleData name="Lat">15.662°</SimpleData>
					<SimpleData name="Long">76.342°</SimpleData>
					<SimpleData name="Dec">248°</SimpleData>
					<SimpleData name="Inc">-68°</SimpleData>
					<SimpleData name="Age">2.16</SimpleData>
					<SimpleData name="Reference">Nagaraju et al., 2018a</SimpleData>
				</SchemaData>
			</ExtendedData>
			<Point>
				<coordinates>76.34199999999997,15.66200000000001,0</coordinates>
			</Point>
		</Placemark>
		<Placemark>
			<styleUrl>#pointStyleMap0</styleUrl>
			<Style id="inline">
				<IconStyle>
					<color>ff0055ff</color>
					<colorMode>normal</colorMode>
					<Icon>
						<href>http://maps.google.com/mapfiles/kml/shapes/placemark_square.png</href>
					</Icon>
				</IconStyle>
				<LineStyle>
					<color>ff0055ff</color>
					<colorMode>normal</colorMode>
				</LineStyle>
				<PolyStyle>
					<color>ff0055ff</color>
					<colorMode>normal</colorMode>
				</PolyStyle>
			</Style>
			<ExtendedData>
				<SchemaData schemaUrl="#S_pmagsitesupdated_SSSSSS">
					<SimpleData name="Lat">15.705°</SimpleData>
					<SimpleData name="Long">76.331°</SimpleData>
					<SimpleData name="Dec">272°</SimpleData>
					<SimpleData name="Inc">-63°</SimpleData>
					<SimpleData name="Age">2.16</SimpleData>
					<SimpleData name="Reference">Nagaraju et al., 2018a</SimpleData>
				</SchemaData>
			</ExtendedData>
			<Point>
				<coordinates>76.33100000000002,15.70500000000001,0</coordinates>
			</Point>
		</Placemark>
		<Placemark>
			<styleUrl>#pointStyleMap0</styleUrl>
			<Style id="inline">
				<IconStyle>
					<color>ff0055ff</color>
					<colorMode>normal</colorMode>
					<Icon>
						<href>http://maps.google.com/mapfiles/kml/shapes/placemark_square.png</href>
					</Icon>
				</IconStyle>
				<LineStyle>
					<color>ff0055ff</color>
					<colorMode>normal</colorMode>
				</LineStyle>
				<PolyStyle>
					<color>ff0055ff</color>
					<colorMode>normal</colorMode>
				</PolyStyle>
			</Style>
			<ExtendedData>
				<SchemaData schemaUrl="#S_pmagsitesupdated_SSSSSS">
					<SimpleData name="Lat">15.777°</SimpleData>
					<SimpleData name="Long">76.301°</SimpleData>
					<SimpleData name="Dec">215°</SimpleData>
					<SimpleData name="Inc">-53°</SimpleData>
					<SimpleData name="Age">2.16</SimpleData>
					<SimpleData name="Reference">Nagaraju et al., 2018a</SimpleData>
				</SchemaData>
			</ExtendedData>
			<Point>
				<coordinates>76.30099999999999,15.777,0</coordinates>
			</Point>
		</Placemark>
		<Placemark>
			<styleUrl>#pointStyleMap0</styleUrl>
			<Style id="inline">
				<IconStyle>
					<color>ff0055ff</color>
					<colorMode>normal</colorMode>
					<Icon>
						<href>http://maps.google.com/mapfiles/kml/shapes/placemark_square.png</href>
					</Icon>
				</IconStyle>
				<LineStyle>
					<color>ff0055ff</color>
					<colorMode>normal</colorMode>
				</LineStyle>
				<PolyStyle>
					<color>ff0055ff</color>
					<colorMode>normal</colorMode>
				</PolyStyle>
			</Style>
			<ExtendedData>
				<SchemaData schemaUrl="#S_pmagsitesupdated_SSSSSS">
					<SimpleData name="Lat">15.773°</SimpleData>
					<SimpleData name="Long">76.301°</SimpleData>
					<SimpleData name="Dec">295°</SimpleData>
					<SimpleData name="Inc">-49°</SimpleData>
					<SimpleData name="Age">2.16</SimpleData>
					<SimpleData name="Reference">Nagaraju et al., 2018a</SimpleData>
				</SchemaData>
			</ExtendedData>
			<Point>
				<coordinates>76.30099999999999,15.77300000000001,0</coordinates>
			</Point>
		</Placemark>
		<Placemark>
			<styleUrl>#pointStyleMap0</styleUrl>
			<Style id="inline">
				<IconStyle>
					<color>ff0055ff</color>
					<colorMode>normal</colorMode>
					<Icon>
						<href>http://maps.google.com/mapfiles/kml/shapes/placemark_square.png</href>
					</Icon>
				</IconStyle>
				<LineStyle>
					<color>ff0055ff</color>
					<colorMode>normal</colorMode>
				</LineStyle>
				<PolyStyle>
					<color>ff0055ff</color>
					<colorMode>normal</colorMode>
				</PolyStyle>
			</Style>
			<ExtendedData>
				<SchemaData schemaUrl="#S_pmagsitesupdated_SSSSSS">
					<SimpleData name="Lat">12.767°</SimpleData>
					<SimpleData name="Long">77.506°</SimpleData>
					<SimpleData name="Dec">243°</SimpleData>
					<SimpleData name="Inc">-55°</SimpleData>
					<SimpleData name="Age">2.16</SimpleData>
					<SimpleData name="Reference">Kumar et al., 2012</SimpleData>
				</SchemaData>
			</ExtendedData>
			<Point>
				<coordinates>77.50599999999996,12.76699999999999,0</coordinates>
			</Point>
		</Placemark>
		<Placemark>
			<styleUrl>#pointStyleMap0</styleUrl>
			<Style id="inline">
				<IconStyle>
					<color>ff0055ff</color>
					<colorMode>normal</colorMode>
					<Icon>
						<href>http://maps.google.com/mapfiles/kml/shapes/placemark_square.png</href>
					</Icon>
				</IconStyle>
				<LineStyle>
					<color>ff0055ff</color>
					<colorMode>normal</colorMode>
				</LineStyle>
				<PolyStyle>
					<color>ff0055ff</color>
					<colorMode>normal</colorMode>
				</PolyStyle>
			</Style>
			<ExtendedData>
				<SchemaData schemaUrl="#S_pmagsitesupdated_SSSSSS">
					<SimpleData name="Lat">12.851°</SimpleData>
					<SimpleData name="Long">77.069°</SimpleData>
					<SimpleData name="Dec">245°</SimpleData>
					<SimpleData name="Inc">-63°</SimpleData>
					<SimpleData name="Age">2.16</SimpleData>
					<SimpleData name="Reference">Kumar et al., 2012</SimpleData>
				</SchemaData>
			</ExtendedData>
			<Point>
				<coordinates>77.06900000000002,12.85100000000002,0</coordinates>
			</Point>
		</Placemark>
		<Placemark>
			<styleUrl>#pointStyleMap0</styleUrl>
			<Style id="inline">
				<IconStyle>
					<color>ff0055ff</color>
					<colorMode>normal</colorMode>
					<Icon>
						<href>http://maps.google.com/mapfiles/kml/shapes/placemark_square.png</href>
					</Icon>
				</IconStyle>
				<LineStyle>
					<color>ff0055ff</color>
					<colorMode>normal</colorMode>
				</LineStyle>
				<PolyStyle>
					<color>ff0055ff</color>
					<colorMode>normal</colorMode>
				</PolyStyle>
			</Style>
			<ExtendedData>
				<SchemaData schemaUrl="#S_pmagsitesupdated_SSSSSS">
					<SimpleData name="Lat">14.216°</SimpleData>
					<SimpleData name="Long">76.977°</SimpleData>
					<SimpleData name="Dec">204°</SimpleData>
					<SimpleData name="Inc">-60°</SimpleData>
					<SimpleData name="Age">2.16</SimpleData>
					<SimpleData name="Reference">Kumar et al., 2012</SimpleData>
				</SchemaData>
			</ExtendedData>
			<Point>
				<coordinates>76.97699999999998,14.21600000000001,0</coordinates>
			</Point>
		</Placemark>
		<Placemark>
			<styleUrl>#pointStyleMap0</styleUrl>
			<Style id="inline">
				<IconStyle>
					<color>ff0055ff</color>
					<colorMode>normal</colorMode>
					<Icon>
						<href>http://maps.google.com/mapfiles/kml/shapes/placemark_square.png</href>
					</Icon>
				</IconStyle>
				<LineStyle>
					<color>ff0055ff</color>
					<colorMode>normal</colorMode>
				</LineStyle>
				<PolyStyle>
					<color>ff0055ff</color>
					<colorMode>normal</colorMode>
				</PolyStyle>
			</Style>
			<ExtendedData>
				<SchemaData schemaUrl="#S_pmagsitesupdated_SSSSSS">
					<SimpleData name="Lat">14.218°</SimpleData>
					<SimpleData name="Long">76.977°</SimpleData>
					<SimpleData name="Dec">218°</SimpleData>
					<SimpleData name="Inc">-66°</SimpleData>
					<SimpleData name="Age">2.16</SimpleData>
					<SimpleData name="Reference">Kumar et al., 2012</SimpleData>
				</SchemaData>
			</ExtendedData>
			<Point>
				<coordinates>76.97699999999998,14.21799999999998,0</coordinates>
			</Point>
		</Placemark>
		<Placemark>
			<styleUrl>#pointStyleMap0</styleUrl>
			<Style id="inline">
				<IconStyle>
					<color>ff0055ff</color>
					<colorMode>normal</colorMode>
					<Icon>
						<href>http://maps.google.com/mapfiles/kml/shapes/placemark_square.png</href>
					</Icon>
				</IconStyle>
				<LineStyle>
					<color>ff0055ff</color>
					<colorMode>normal</colorMode>
				</LineStyle>
				<PolyStyle>
					<color>ff0055ff</color>
					<colorMode>normal</colorMode>
				</PolyStyle>
			</Style>
			<ExtendedData>
				<SchemaData schemaUrl="#S_pmagsitesupdated_SSSSSS">
					<SimpleData name="Lat">14.209°</SimpleData>
					<SimpleData name="Long">76.977°</SimpleData>
					<SimpleData name="Dec">220°</SimpleData>
					<SimpleData name="Inc">-55°</SimpleData>
					<SimpleData name="Age">2.16</SimpleData>
					<SimpleData name="Reference">Kumar et al., 2012</SimpleData>
				</SchemaData>
			</ExtendedData>
			<Point>
				<coordinates>76.97699999999998,14.209,0</coordinates>
			</Point>
		</Placemark>
		<Placemark>
			<styleUrl>#pointStyleMap0</styleUrl>
			<Style id="inline">
				<IconStyle>
					<color>ff0055ff</color>
					<colorMode>normal</colorMode>
					<Icon>
						<href>http://maps.google.com/mapfiles/kml/shapes/placemark_square.png</href>
					</Icon>
				</IconStyle>
				<LineStyle>
					<color>ff0055ff</color>
					<colorMode>normal</colorMode>
				</LineStyle>
				<PolyStyle>
					<color>ff0055ff</color>
					<colorMode>normal</colorMode>
				</PolyStyle>
			</Style>
			<ExtendedData>
				<SchemaData schemaUrl="#S_pmagsitesupdated_SSSSSS">
					<SimpleData name="Lat">14.204°</SimpleData>
					<SimpleData name="Long">76.977°</SimpleData>
					<SimpleData name="Dec">240°</SimpleData>
					<SimpleData name="Inc">-59°</SimpleData>
					<SimpleData name="Age">2.16</SimpleData>
					<SimpleData name="Reference">Kumar et al., 2012</SimpleData>
				</SchemaData>
			</ExtendedData>
			<Point>
				<coordinates>76.97699999999998,14.20400000000001,0</coordinates>
			</Point>
		</Placemark>
		<Placemark>
			<styleUrl>#pointStyleMap0</styleUrl>
			<Style id="inline">
				<IconStyle>
					<color>ff0055ff</color>
					<colorMode>normal</colorMode>
					<Icon>
						<href>http://maps.google.com/mapfiles/kml/shapes/placemark_square.png</href>
					</Icon>
				</IconStyle>
				<LineStyle>
					<color>ff0055ff</color>
					<colorMode>normal</colorMode>
				</LineStyle>
				<PolyStyle>
					<color>ff0055ff</color>
					<colorMode>normal</colorMode>
				</PolyStyle>
			</Style>
			<ExtendedData>
				<SchemaData schemaUrl="#S_pmagsitesupdated_SSSSSS">
					<SimpleData name="Lat">14.117°</SimpleData>
					<SimpleData name="Long">76.985°</SimpleData>
					<SimpleData name="Dec">231°</SimpleData>
					<SimpleData name="Inc">-55°</SimpleData>
					<SimpleData name="Age">2.16</SimpleData>
					<SimpleData name="Reference">Kumar et al., 2012</SimpleData>
				</SchemaData>
			</ExtendedData>
			<Point>
				<coordinates>76.98500000000003,14.117,0</coordinates>
			</Point>
		</Placemark>
		<Placemark>
			<styleUrl>#pointStyleMap0</styleUrl>
			<Style id="inline">
				<IconStyle>
					<color>ff0055ff</color>
					<colorMode>normal</colorMode>
					<Icon>
						<href>http://maps.google.com/mapfiles/kml/shapes/placemark_square.png</href>
					</Icon>
				</IconStyle>
				<LineStyle>
					<color>ff0055ff</color>
					<colorMode>normal</colorMode>
				</LineStyle>
				<PolyStyle>
					<color>ff0055ff</color>
					<colorMode>normal</colorMode>
				</PolyStyle>
			</Style>
			<ExtendedData>
				<SchemaData schemaUrl="#S_pmagsitesupdated_SSSSSS">
					<SimpleData name="Lat">14.112°</SimpleData>
					<SimpleData name="Long">76.933°</SimpleData>
					<SimpleData name="Dec">236°</SimpleData>
					<SimpleData name="Inc">-63°</SimpleData>
					<SimpleData name="Age">2.16</SimpleData>
					<SimpleData name="Reference">Kumar et al., 2012</SimpleData>
				</SchemaData>
			</ExtendedData>
			<Point>
				<coordinates>76.93300000000001,14.11200000000001,0</coordinates>
			</Point>
		</Placemark>
		<Placemark>
			<styleUrl>#pointStyleMap0</styleUrl>
			<Style id="inline">
				<IconStyle>
					<color>ff0055ff</color>
					<colorMode>normal</colorMode>
					<Icon>
						<href>http://maps.google.com/mapfiles/kml/shapes/placemark_square.png</href>
					</Icon>
				</IconStyle>
				<LineStyle>
					<color>ff0055ff</color>
					<colorMode>normal</colorMode>
				</LineStyle>
				<PolyStyle>
					<color>ff0055ff</color>
					<colorMode>normal</colorMode>
				</PolyStyle>
			</Style>
			<ExtendedData>
				<SchemaData schemaUrl="#S_pmagsitesupdated_SSSSSS">
					<SimpleData name="Lat">14.788°</SimpleData>
					<SimpleData name="Long">76.786°</SimpleData>
					<SimpleData name="Dec">215°</SimpleData>
					<SimpleData name="Inc">-65°</SimpleData>
					<SimpleData name="Age">2.16</SimpleData>
					<SimpleData name="Reference">Kumar et al., 2012</SimpleData>
				</SchemaData>
			</ExtendedData>
			<Point>
				<coordinates>76.786,14.788,0</coordinates>
			</Point>
		</Placemark>
		<Placemark>
			<styleUrl>#pointStyleMap0</styleUrl>
			<Style id="inline">
				<IconStyle>
					<color>ff0055ff</color>
					<colorMode>normal</colorMode>
					<Icon>
						<href>http://maps.google.com/mapfiles/kml/shapes/placemark_square.png</href>
					</Icon>
				</IconStyle>
				<LineStyle>
					<color>ff0055ff</color>
					<colorMode>normal</colorMode>
				</LineStyle>
				<PolyStyle>
					<color>ff0055ff</color>
					<colorMode>normal</colorMode>
				</PolyStyle>
			</Style>
			<ExtendedData>
				<SchemaData schemaUrl="#S_pmagsitesupdated_SSSSSS">
					<SimpleData name="Lat">14.387°</SimpleData>
					<SimpleData name="Long">76.916°</SimpleData>
					<SimpleData name="Dec">230°</SimpleData>
					<SimpleData name="Inc">-57°</SimpleData>
					<SimpleData name="Age">2.16</SimpleData>
					<SimpleData name="Reference">Belica et al., 2014</SimpleData>
				</SchemaData>
			</ExtendedData>
			<Point>
				<coordinates>76.91600000000001,14.38700000000001,0</coordinates>
			</Point>
		</Placemark>
		<Placemark>
			<styleUrl>#pointStyleMap0</styleUrl>
			<Style id="inline">
				<IconStyle>
					<color>ff0055ff</color>
					<colorMode>normal</colorMode>
					<Icon>
						<href>http://maps.google.com/mapfiles/kml/shapes/placemark_square.png</href>
					</Icon>
				</IconStyle>
				<LineStyle>
					<color>ff0055ff</color>
					<colorMode>normal</colorMode>
				</LineStyle>
				<PolyStyle>
					<color>ff0055ff</color>
					<colorMode>normal</colorMode>
				</PolyStyle>
			</Style>
			<ExtendedData>
				<SchemaData schemaUrl="#S_pmagsitesupdated_SSSSSS">
					<SimpleData name="Lat">13.183°</SimpleData>
					<SimpleData name="Long">77.041°</SimpleData>
					<SimpleData name="Dec">218°</SimpleData>
					<SimpleData name="Inc">-69°</SimpleData>
					<SimpleData name="Age">2.16</SimpleData>
					<SimpleData name="Reference">Belica et al., 2014</SimpleData>
				</SchemaData>
			</ExtendedData>
			<Point>
				<coordinates>77.041,13.18299999999999,0</coordinates>
			</Point>
		</Placemark>
		<Placemark>
			<styleUrl>#pointStyleMap0</styleUrl>
			<Style id="inline">
				<IconStyle>
					<color>ff0055ff</color>
					<colorMode>normal</colorMode>
					<Icon>
						<href>http://maps.google.com/mapfiles/kml/shapes/placemark_square.png</href>
					</Icon>
				</IconStyle>
				<LineStyle>
					<color>ff0055ff</color>
					<colorMode>normal</colorMode>
				</LineStyle>
				<PolyStyle>
					<color>ff0055ff</color>
					<colorMode>normal</colorMode>
				</PolyStyle>
			</Style>
			<ExtendedData>
				<SchemaData schemaUrl="#S_pmagsitesupdated_SSSSSS">
					<SimpleData name="Lat">13.061°</SimpleData>
					<SimpleData name="Long">77.037°</SimpleData>
					<SimpleData name="Dec">282°</SimpleData>
					<SimpleData name="Inc">-47°</SimpleData>
					<SimpleData name="Age">2.16</SimpleData>
					<SimpleData name="Reference">Belica et al., 2014</SimpleData>
				</SchemaData>
			</ExtendedData>
			<Point>
				<coordinates>77.03700000000005,13.06099999999999,0</coordinates>
			</Point>
		</Placemark>
		<Placemark>
			<styleUrl>#pointStyleMap0</styleUrl>
			<Style id="inline">
				<IconStyle>
					<color>ff0055ff</color>
					<colorMode>normal</colorMode>
					<Icon>
						<href>http://maps.google.com/mapfiles/kml/shapes/placemark_square.png</href>
					</Icon>
				</IconStyle>
				<LineStyle>
					<color>ff0055ff</color>
					<colorMode>normal</colorMode>
				</LineStyle>
				<PolyStyle>
					<color>ff0055ff</color>
					<colorMode>normal</colorMode>
				</PolyStyle>
			</Style>
			<ExtendedData>
				<SchemaData schemaUrl="#S_pmagsitesupdated_SSSSSS">
					<SimpleData name="Lat">14.368°</SimpleData>
					<SimpleData name="Long">79.607°</SimpleData>
					<SimpleData name="Dec">38°</SimpleData>
					<SimpleData name="Inc">62°</SimpleData>
					<SimpleData name="Age">2.16</SimpleData>
					<SimpleData name="Reference">Kumar and Bhalla, 1983</SimpleData>
				</SchemaData>
			</ExtendedData>
			<Point>
				<coordinates>79.60699999999999,14.368,0</coordinates>
			</Point>
		</Placemark>
		<Placemark>
			<styleUrl>#pointStyleMap0</styleUrl>
			<Style id="inline">
				<IconStyle>
					<color>ff0055ff</color>
					<colorMode>normal</colorMode>
					<Icon>
						<href>http://maps.google.com/mapfiles/kml/shapes/placemark_square.png</href>
					</Icon>
				</IconStyle>
				<LineStyle>
					<color>ff0055ff</color>
					<colorMode>normal</colorMode>
				</LineStyle>
				<PolyStyle>
					<color>ff0055ff</color>
					<colorMode>normal</colorMode>
				</PolyStyle>
			</Style>
			<ExtendedData>
				<SchemaData schemaUrl="#S_pmagsitesupdated_SSSSSS">
					<SimpleData name="Lat">13.537°</SimpleData>
					<SimpleData name="Long">77.048°</SimpleData>
					<SimpleData name="Dec">236°</SimpleData>
					<SimpleData name="Inc">-48°</SimpleData>
					<SimpleData name="Age">2.16</SimpleData>
					<SimpleData name="Reference">Kumar and Bhalla, 1983</SimpleData>
				</SchemaData>
			</ExtendedData>
			<Point>
				<coordinates>77.048,13.537,0</coordinates>
			</Point>
		</Placemark>
		<Placemark>
			<styleUrl>#pointStyleMap0</styleUrl>
			<Style id="inline">
				<IconStyle>
					<color>ff0055ff</color>
					<colorMode>normal</colorMode>
					<Icon>
						<href>http://maps.google.com/mapfiles/kml/shapes/placemark_square.png</href>
					</Icon>
				</IconStyle>
				<LineStyle>
					<color>ff0055ff</color>
					<colorMode>normal</colorMode>
				</LineStyle>
				<PolyStyle>
					<color>ff0055ff</color>
					<colorMode>normal</colorMode>
				</PolyStyle>
			</Style>
			<ExtendedData>
				<SchemaData schemaUrl="#S_pmagsitesupdated_SSSSSS">
					<SimpleData name="Lat">12.974°</SimpleData>
					<SimpleData name="Long">77.353°</SimpleData>
					<SimpleData name="Dec">238°</SimpleData>
					<SimpleData name="Inc">-52°</SimpleData>
					<SimpleData name="Age">2.16</SimpleData>
					<SimpleData name="Reference">Kumar et al., 2012</SimpleData>
				</SchemaData>
			</ExtendedData>
			<Point>
				<coordinates>77.35299999999999,12.97399999999998,0</coordinates>
			</Point>
		</Placemark>
		<Placemark>
			<styleUrl>#pointStyleMap0</styleUrl>
			<Style id="inline">
				<IconStyle>
					<color>ff0055ff</color>
					<colorMode>normal</colorMode>
					<Icon>
						<href>http://maps.google.com/mapfiles/kml/shapes/placemark_square.png</href>
					</Icon>
				</IconStyle>
				<LineStyle>
					<color>ff0055ff</color>
					<colorMode>normal</colorMode>
				</LineStyle>
				<PolyStyle>
					<color>ff0055ff</color>
					<colorMode>normal</colorMode>
				</PolyStyle>
			</Style>
			<ExtendedData>
				<SchemaData schemaUrl="#S_pmagsitesupdated_SSSSSS">
					<SimpleData name="Lat">12.950°</SimpleData>
					<SimpleData name="Long">77.378°</SimpleData>
					<SimpleData name="Dec">253°</SimpleData>
					<SimpleData name="Inc">-59°</SimpleData>
					<SimpleData name="Age">2.16</SimpleData>
					<SimpleData name="Reference">Kumar et al., 2012</SimpleData>
				</SchemaData>
			</ExtendedData>
			<Point>
				<coordinates>77.378,12.94999999999999,0</coordinates>
			</Point>
		</Placemark>
		<Placemark>
			<styleUrl>#pointStyleMap0</styleUrl>
			<Style id="inline">
				<IconStyle>
					<color>ff0055ff</color>
					<colorMode>normal</colorMode>
					<Icon>
						<href>http://maps.google.com/mapfiles/kml/shapes/placemark_square.png</href>
					</Icon>
				</IconStyle>
				<LineStyle>
					<color>ff0055ff</color>
					<colorMode>normal</colorMode>
				</LineStyle>
				<PolyStyle>
					<color>ff0055ff</color>
					<colorMode>normal</colorMode>
				</PolyStyle>
			</Style>
			<ExtendedData>
				<SchemaData schemaUrl="#S_pmagsitesupdated_SSSSSS">
					<SimpleData name="Lat">12.498°</SimpleData>
					<SimpleData name="Long">77.234°</SimpleData>
					<SimpleData name="Dec">85°</SimpleData>
					<SimpleData name="Inc">+67°</SimpleData>
					<SimpleData name="Age">2.16</SimpleData>
					<SimpleData name="Reference">Piispa et al., 2011</SimpleData>
				</SchemaData>
			</ExtendedData>
			<Point>
				<coordinates>77.23399999999998,12.49799999999998,0</coordinates>
			</Point>
		</Placemark>
		<Placemark>
			<styleUrl>#pointStyleMap0</styleUrl>
			<Style id="inline">
				<IconStyle>
					<color>ff0055ff</color>
					<colorMode>normal</colorMode>
					<Icon>
						<href>http://maps.google.com/mapfiles/kml/shapes/placemark_square.png</href>
					</Icon>
				</IconStyle>
				<LineStyle>
					<color>ff0055ff</color>
					<colorMode>normal</colorMode>
				</LineStyle>
				<PolyStyle>
					<color>ff0055ff</color>
					<colorMode>normal</colorMode>
				</PolyStyle>
			</Style>
			<ExtendedData>
				<SchemaData schemaUrl="#S_pmagsitesupdated_SSSSSS">
					<SimpleData name="Lat">20.315°</SimpleData>
					<SimpleData name="Long">81.115°</SimpleData>
					<SimpleData name="Dec">232°</SimpleData>
					<SimpleData name="Inc">-62</SimpleData>
					<SimpleData name="Age">2.16</SimpleData>
					<SimpleData name="Reference">this study</SimpleData>
				</SchemaData>
			</ExtendedData>
			<Point>
				<coordinates>81.11500000000002,20.31499999999999,0</coordinates>
			</Point>
		</Placemark>
		<Placemark>
			<styleUrl>#pointStyleMap0</styleUrl>
			<Style id="inline">
				<IconStyle>
					<color>ff0055ff</color>
					<colorMode>normal</colorMode>
					<Icon>
						<href>http://maps.google.com/mapfiles/kml/shapes/placemark_square.png</href>
					</Icon>
				</IconStyle>
				<LineStyle>
					<color>ff0055ff</color>
					<colorMode>normal</colorMode>
				</LineStyle>
				<PolyStyle>
					<color>ff0055ff</color>
					<colorMode>normal</colorMode>
				</PolyStyle>
			</Style>
			<ExtendedData>
				<SchemaData schemaUrl="#S_pmagsitesupdated_SSSSSS">
					<SimpleData name="Lat">20.35°</SimpleData>
					<SimpleData name="Long">81.06°</SimpleData>
					<SimpleData name="Dec">220°</SimpleData>
					<SimpleData name="Inc">-60</SimpleData>
					<SimpleData name="Age">2.16</SimpleData>
					<SimpleData name="Reference">Radhakrishna et al., 2013a</SimpleData>
				</SchemaData>
			</ExtendedData>
			<Point>
				<coordinates>81.05999999999999,20.34999999999998,0</coordinates>
			</Point>
		</Placemark>
		<Placemark>
			<styleUrl>#pointStyleMap0</styleUrl>
			<Style id="inline">
				<IconStyle>
					<color>ff0055ff</color>
					<colorMode>normal</colorMode>
					<Icon>
						<href>http://maps.google.com/mapfiles/kml/shapes/placemark_square.png</href>
					</Icon>
				</IconStyle>
				<LineStyle>
					<color>ff0055ff</color>
					<colorMode>normal</colorMode>
				</LineStyle>
				<PolyStyle>
					<color>ff0055ff</color>
					<colorMode>normal</colorMode>
				</PolyStyle>
			</Style>
			<ExtendedData>
				<SchemaData schemaUrl="#S_pmagsitesupdated_SSSSSS">
					<SimpleData name="Lat">14.800°</SimpleData>
					<SimpleData name="Long">77.650°</SimpleData>
					<SimpleData name="Dec">93°</SimpleData>
					<SimpleData name="Inc">+77°</SimpleData>
					<SimpleData name="Age">2.16</SimpleData>
					<SimpleData name="Reference">Radhakrishna et al., 2013a</SimpleData>
				</SchemaData>
			</ExtendedData>
			<Point>
				<coordinates>77.64999999999999,14.8,0</coordinates>
			</Point>
		</Placemark>
		<Placemark>
			<styleUrl>#pointStyleMap0</styleUrl>
			<Style id="inline">
				<IconStyle>
					<color>ff0055ff</color>
					<colorMode>normal</colorMode>
					<Icon>
						<href>http://maps.google.com/mapfiles/kml/shapes/placemark_square.png</href>
					</Icon>
				</IconStyle>
				<LineStyle>
					<color>ff0055ff</color>
					<colorMode>normal</colorMode>
				</LineStyle>
				<PolyStyle>
					<color>ff0055ff</color>
					<colorMode>normal</colorMode>
				</PolyStyle>
			</Style>
			<ExtendedData>
				<SchemaData schemaUrl="#S_pmagsitesupdated_SSSSSS">
					<SimpleData name="Lat">16.598°</SimpleData>
					<SimpleData name="Long">78.099°</SimpleData>
					<SimpleData name="Dec">230°</SimpleData>
					<SimpleData name="Inc">-71°</SimpleData>
					<SimpleData name="Age">2.16</SimpleData>
					<SimpleData name="Reference">Miller et al., 2023</SimpleData>
				</SchemaData>
			</ExtendedData>
			<Point>
				<coordinates>78.09899999999998,16.59800000000002,0</coordinates>
			</Point>
		</Placemark>
		<Placemark>
			<styleUrl>#pointStyleMap0</styleUrl>
			<Style id="inline">
				<IconStyle>
					<color>ff0055ff</color>
					<colorMode>normal</colorMode>
					<Icon>
						<href>http://maps.google.com/mapfiles/kml/shapes/placemark_square.png</href>
					</Icon>
				</IconStyle>
				<LineStyle>
					<color>ff0055ff</color>
					<colorMode>normal</colorMode>
				</LineStyle>
				<PolyStyle>
					<color>ff0055ff</color>
					<colorMode>normal</colorMode>
				</PolyStyle>
			</Style>
			<ExtendedData>
				<SchemaData schemaUrl="#S_pmagsitesupdated_SSSSSS">
					<SimpleData name="Lat">14.26°</SimpleData>
					<SimpleData name="Long">77.32°</SimpleData>
					<SimpleData name="Dec">237°</SimpleData>
					<SimpleData name="Inc">-69°</SimpleData>
					<SimpleData name="Age">2.16</SimpleData>
					<SimpleData name="Reference">Poornachandra-Rao, 2005</SimpleData>
				</SchemaData>
			</ExtendedData>
			<Point>
				<coordinates>77.31999999999998,14.25999999999997,0</coordinates>
			</Point>
		</Placemark>
		<Placemark>
			<styleUrl>#pointStyleMap0</styleUrl>
			<Style id="inline">
				<IconStyle>
					<color>ff0055ff</color>
					<colorMode>normal</colorMode>
					<Icon>
						<href>http://maps.google.com/mapfiles/kml/shapes/placemark_square.png</href>
					</Icon>
				</IconStyle>
				<LineStyle>
					<color>ff0055ff</color>
					<colorMode>normal</colorMode>
				</LineStyle>
				<PolyStyle>
					<color>ff0055ff</color>
					<colorMode>normal</colorMode>
				</PolyStyle>
			</Style>
			<ExtendedData>
				<SchemaData schemaUrl="#S_pmagsitesupdated_SSSSSS">
					<SimpleData name="Lat">14.28°</SimpleData>
					<SimpleData name="Long">77.40°</SimpleData>
					<SimpleData name="Dec">222°</SimpleData>
					<SimpleData name="Inc">-73°</SimpleData>
					<SimpleData name="Age">2.16</SimpleData>
					<SimpleData name="Reference">Poornachandra-Rao, 2005</SimpleData>
				</SchemaData>
			</ExtendedData>
			<Point>
				<coordinates>77.39999999999999,14.27999999999999,0</coordinates>
			</Point>
		</Placemark>
		<Placemark>
			<styleUrl>#pointStyleMap0</styleUrl>
			<Style id="inline">
				<IconStyle>
					<color>ff0055ff</color>
					<colorMode>normal</colorMode>
					<Icon>
						<href>http://maps.google.com/mapfiles/kml/shapes/placemark_square.png</href>
					</Icon>
				</IconStyle>
				<LineStyle>
					<color>ff0055ff</color>
					<colorMode>normal</colorMode>
				</LineStyle>
				<PolyStyle>
					<color>ff0055ff</color>
					<colorMode>normal</colorMode>
				</PolyStyle>
			</Style>
			<ExtendedData>
				<SchemaData schemaUrl="#S_pmagsitesupdated_SSSSSS">
					<SimpleData name="Lat">16.84°</SimpleData>
					<SimpleData name="Long">79.34°</SimpleData>
					<SimpleData name="Dec">218°</SimpleData>
					<SimpleData name="Inc">-62°</SimpleData>
					<SimpleData name="Age">2.16</SimpleData>
					<SimpleData name="Reference">Poornachandra-Rao, 2005</SimpleData>
				</SchemaData>
			</ExtendedData>
			<Point>
				<coordinates>79.34000000000003,16.84000000000001,0</coordinates>
			</Point>
		</Placemark>
		<Placemark>
			<styleUrl>#pointStyleMap0</styleUrl>
			<Style id="inline">
				<IconStyle>
					<color>ff0055ff</color>
					<colorMode>normal</colorMode>
					<Icon>
						<href>http://maps.google.com/mapfiles/kml/shapes/placemark_square.png</href>
					</Icon>
				</IconStyle>
				<LineStyle>
					<color>ff0055ff</color>
					<colorMode>normal</colorMode>
				</LineStyle>
				<PolyStyle>
					<color>ff0055ff</color>
					<colorMode>normal</colorMode>
				</PolyStyle>
			</Style>
			<ExtendedData>
				<SchemaData schemaUrl="#S_pmagsitesupdated_SSSSSS">
					<SimpleData name="Lat">14.39°</SimpleData>
					<SimpleData name="Long">78.0°</SimpleData>
					<SimpleData name="Dec">273°</SimpleData>
					<SimpleData name="Inc">-69°</SimpleData>
					<SimpleData name="Age">2.16</SimpleData>
					<SimpleData name="Reference">Poornachandra-Rao, 2005</SimpleData>
				</SchemaData>
			</ExtendedData>
			<Point>
				<coordinates>78,14.38999999999999,0</coordinates>
			</Point>
		</Placemark>
		<Placemark>
			<styleUrl>#pointStyleMap0</styleUrl>
			<Style id="inline">
				<IconStyle>
					<color>ff0055ff</color>
					<colorMode>normal</colorMode>
					<Icon>
						<href>http://maps.google.com/mapfiles/kml/shapes/placemark_square.png</href>
					</Icon>
				</IconStyle>
				<LineStyle>
					<color>ff0055ff</color>
					<colorMode>normal</colorMode>
				</LineStyle>
				<PolyStyle>
					<color>ff0055ff</color>
					<colorMode>normal</colorMode>
				</PolyStyle>
			</Style>
			<ExtendedData>
				<SchemaData schemaUrl="#S_pmagsitesupdated_SSSSSS">
					<SimpleData name="Lat">14.1°</SimpleData>
					<SimpleData name="Long">78.0°</SimpleData>
					<SimpleData name="Dec">241°</SimpleData>
					<SimpleData name="Inc">-78°</SimpleData>
					<SimpleData name="Age">2.16</SimpleData>
					<SimpleData name="Reference">Poornachandra-Rao, 2005</SimpleData>
				</SchemaData>
			</ExtendedData>
			<Point>
				<coordinates>78,14.1,0</coordinates>
			</Point>
		</Placemark>
		<Placemark>
			<styleUrl>#pointStyleMap0</styleUrl>
			<Style id="inline">
				<IconStyle>
					<color>ff0055ff</color>
					<colorMode>normal</colorMode>
					<Icon>
						<href>http://maps.google.com/mapfiles/kml/shapes/placemark_square.png</href>
					</Icon>
				</IconStyle>
				<LineStyle>
					<color>ff0055ff</color>
					<colorMode>normal</colorMode>
				</LineStyle>
				<PolyStyle>
					<color>ff0055ff</color>
					<colorMode>normal</colorMode>
				</PolyStyle>
			</Style>
			<ExtendedData>
				<SchemaData schemaUrl="#S_pmagsitesupdated_SSSSSS">
					<SimpleData name="Lat">14.17°</SimpleData>
					<SimpleData name="Long">78.68°</SimpleData>
					<SimpleData name="Dec">255°</SimpleData>
					<SimpleData name="Inc">-55°</SimpleData>
					<SimpleData name="Age">2.16</SimpleData>
					<SimpleData name="Reference">Poornachandra-Rao, 2005</SimpleData>
				</SchemaData>
			</ExtendedData>
			<Point>
				<coordinates>78.68000000000002,14.16999999999998,0</coordinates>
			</Point>
		</Placemark>
		<Placemark>
			<styleUrl>#pointStyleMap0</styleUrl>
			<Style id="inline">
				<IconStyle>
					<color>ff0055ff</color>
					<colorMode>normal</colorMode>
					<Icon>
						<href>http://maps.google.com/mapfiles/kml/shapes/placemark_square.png</href>
					</Icon>
				</IconStyle>
				<LineStyle>
					<color>ff0055ff</color>
					<colorMode>normal</colorMode>
				</LineStyle>
				<PolyStyle>
					<color>ff0055ff</color>
					<colorMode>normal</colorMode>
				</PolyStyle>
			</Style>
			<ExtendedData>
				<SchemaData schemaUrl="#S_pmagsitesupdated_SSSSSS">
					<SimpleData name="Lat">14.33°</SimpleData>
					<SimpleData name="Long">77.68°</SimpleData>
					<SimpleData name="Dec">191°</SimpleData>
					<SimpleData name="Inc">-70°</SimpleData>
					<SimpleData name="Age">2.16</SimpleData>
					<SimpleData name="Reference">Poornachandra-Rao, 2005</SimpleData>
				</SchemaData>
			</ExtendedData>
			<Point>
				<coordinates>77.68000000000002,14.32999999999999,0</coordinates>
			</Point>
		</Placemark>
		<Placemark>
			<styleUrl>#pointStyleMap0</styleUrl>
			<Style id="inline">
				<IconStyle>
					<color>ff0055ff</color>
					<colorMode>normal</colorMode>
					<Icon>
						<href>http://maps.google.com/mapfiles/kml/shapes/placemark_square.png</href>
					</Icon>
				</IconStyle>
				<LineStyle>
					<color>ff0055ff</color>
					<colorMode>normal</colorMode>
				</LineStyle>
				<PolyStyle>
					<color>ff0055ff</color>
					<colorMode>normal</colorMode>
				</PolyStyle>
			</Style>
			<ExtendedData>
				<SchemaData schemaUrl="#S_pmagsitesupdated_SSSSSS">
					<SimpleData name="Lat">12.3°</SimpleData>
					<SimpleData name="Long">76.1°</SimpleData>
					<SimpleData name="Dec">76°</SimpleData>
					<SimpleData name="Inc">73°</SimpleData>
					<SimpleData name="Age">2.16</SimpleData>
					<SimpleData name="Reference">Radhakrishna et al., 2003</SimpleData>
				</SchemaData>
			</ExtendedData>
			<Point>
				<coordinates>76.10000000000002,12.3,0</coordinates>
			</Point>
		</Placemark>
		<Placemark>
			<styleUrl>#pointStyleMap0</styleUrl>
			<Style id="inline">
				<IconStyle>
					<color>ff0055ff</color>
					<colorMode>normal</colorMode>
					<Icon>
						<href>http://maps.google.com/mapfiles/kml/shapes/placemark_square.png</href>
					</Icon>
				</IconStyle>
				<LineStyle>
					<color>ff0055ff</color>
					<colorMode>normal</colorMode>
				</LineStyle>
				<PolyStyle>
					<color>ff0055ff</color>
					<colorMode>normal</colorMode>
				</PolyStyle>
			</Style>
			<ExtendedData>
				<SchemaData schemaUrl="#S_pmagsitesupdated_SSSSSS">
					<SimpleData name="Lat">17.0°</SimpleData>
					<SimpleData name="Long">79.3°</SimpleData>
					<SimpleData name="Dec">277°</SimpleData>
					<SimpleData name="Inc">-79°</SimpleData>
					<SimpleData name="Age">2.16</SimpleData>
					<SimpleData name="Reference">Radhakrishna et al., 2003</SimpleData>
				</SchemaData>
			</ExtendedData>
			<Point>
				<coordinates>79.30000000000001,17.00000000000002,0</coordinates>
			</Point>
		</Placemark>
		<Placemark>
			<styleUrl>#pointStyleMap0</styleUrl>
			<Style id="inline">
				<IconStyle>
					<color>ff0055ff</color>
					<colorMode>normal</colorMode>
					<Icon>
						<href>http://maps.google.com/mapfiles/kml/shapes/placemark_square.png</href>
					</Icon>
				</IconStyle>
				<LineStyle>
					<color>ff0055ff</color>
					<colorMode>normal</colorMode>
				</LineStyle>
				<PolyStyle>
					<color>ff0055ff</color>
					<colorMode>normal</colorMode>
				</PolyStyle>
			</Style>
			<ExtendedData>
				<SchemaData schemaUrl="#S_pmagsitesupdated_SSSSSS">
					<SimpleData name="Lat">17.086°</SimpleData>
					<SimpleData name="Long">78.223°</SimpleData>
					<SimpleData name="Dec">51°</SimpleData>
					<SimpleData name="Inc">67°</SimpleData>
					<SimpleData name="Age">2.207</SimpleData>
					<SimpleData name="Reference">Nagaraju et al., 2018b</SimpleData>
				</SchemaData>
			</ExtendedData>
			<Point>
				<coordinates>78.22300000000003,17.08600000000002,0</coordinates>
			</Point>
		</Placemark>
		<Placemark>
			<styleUrl>#pointStyleMap0</styleUrl>
			<Style id="inline">
				<IconStyle>
					<color>ff0055ff</color>
					<colorMode>normal</colorMode>
					<Icon>
						<href>http://maps.google.com/mapfiles/kml/shapes/placemark_square.png</href>
					</Icon>
				</IconStyle>
				<LineStyle>
					<color>ff0055ff</color>
					<colorMode>normal</colorMode>
				</LineStyle>
				<PolyStyle>
					<color>ff0055ff</color>
					<colorMode>normal</colorMode>
				</PolyStyle>
			</Style>
			<ExtendedData>
				<SchemaData schemaUrl="#S_pmagsitesupdated_SSSSSS">
					<SimpleData name="Lat">17.076°</SimpleData>
					<SimpleData name="Long">78.314°</SimpleData>
					<SimpleData name="Dec">36°</SimpleData>
					<SimpleData name="Inc">58°</SimpleData>
					<SimpleData name="Age">2.207</SimpleData>
					<SimpleData name="Reference">Nagaraju et al., 2018b</SimpleData>
				</SchemaData>
			</ExtendedData>
			<Point>
				<coordinates>78.31399999999998,17.076,0</coordinates>
			</Point>
		</Placemark>
		<Placemark>
			<styleUrl>#pointStyleMap0</styleUrl>
			<Style id="inline">
				<IconStyle>
					<color>ff0055ff</color>
					<colorMode>normal</colorMode>
					<Icon>
						<href>http://maps.google.com/mapfiles/kml/shapes/placemark_square.png</href>
					</Icon>
				</IconStyle>
				<LineStyle>
					<color>ff0055ff</color>
					<colorMode>normal</colorMode>
				</LineStyle>
				<PolyStyle>
					<color>ff0055ff</color>
					<colorMode>normal</colorMode>
				</PolyStyle>
			</Style>
			<ExtendedData>
				<SchemaData schemaUrl="#S_pmagsitesupdated_SSSSSS">
					<SimpleData name="Lat">17.075°</SimpleData>
					<SimpleData name="Long">78.319°</SimpleData>
					<SimpleData name="Dec">35°</SimpleData>
					<SimpleData name="Inc">65°</SimpleData>
					<SimpleData name="Age">2.207</SimpleData>
					<SimpleData name="Reference">Nagaraju et al., 2018b</SimpleData>
				</SchemaData>
			</ExtendedData>
			<Point>
				<coordinates>78.31900000000002,17.07499999999999,0</coordinates>
			</Point>
		</Placemark>
		<Placemark>
			<styleUrl>#pointStyleMap0</styleUrl>
			<Style id="inline">
				<IconStyle>
					<color>ff0055ff</color>
					<colorMode>normal</colorMode>
					<Icon>
						<href>http://maps.google.com/mapfiles/kml/shapes/placemark_square.png</href>
					</Icon>
				</IconStyle>
				<LineStyle>
					<color>ff0055ff</color>
					<colorMode>normal</colorMode>
				</LineStyle>
				<PolyStyle>
					<color>ff0055ff</color>
					<colorMode>normal</colorMode>
				</PolyStyle>
			</Style>
			<ExtendedData>
				<SchemaData schemaUrl="#S_pmagsitesupdated_SSSSSS">
					<SimpleData name="Lat">16.957°</SimpleData>
					<SimpleData name="Long">79.206°</SimpleData>
					<SimpleData name="Dec">35°</SimpleData>
					<SimpleData name="Inc">65°</SimpleData>
					<SimpleData name="Age">2.207</SimpleData>
					<SimpleData name="Reference">Nagaraju et al., 2018b</SimpleData>
				</SchemaData>
			</ExtendedData>
			<Point>
				<coordinates>79.20600000000003,16.95699999999998,0</coordinates>
			</Point>
		</Placemark>
		<Placemark>
			<styleUrl>#pointStyleMap0</styleUrl>
			<Style id="inline">
				<IconStyle>
					<color>ff0055ff</color>
					<colorMode>normal</colorMode>
					<Icon>
						<href>http://maps.google.com/mapfiles/kml/shapes/placemark_square.png</href>
					</Icon>
				</IconStyle>
				<LineStyle>
					<color>ff0055ff</color>
					<colorMode>normal</colorMode>
				</LineStyle>
				<PolyStyle>
					<color>ff0055ff</color>
					<colorMode>normal</colorMode>
				</PolyStyle>
			</Style>
			<ExtendedData>
				<SchemaData schemaUrl="#S_pmagsitesupdated_SSSSSS">
					<SimpleData name="Lat">16.958°</SimpleData>
					<SimpleData name="Long">79.282°</SimpleData>
					<SimpleData name="Dec">34°</SimpleData>
					<SimpleData name="Inc">62°</SimpleData>
					<SimpleData name="Age">2.207</SimpleData>
					<SimpleData name="Reference">Nagaraju et al., 2018b</SimpleData>
				</SchemaData>
			</ExtendedData>
			<Point>
				<coordinates>79.28199999999997,16.95799999999998,0</coordinates>
			</Point>
		</Placemark>
		<Placemark>
			<styleUrl>#pointStyleMap0</styleUrl>
			<Style id="inline">
				<IconStyle>
					<color>ff0055ff</color>
					<colorMode>normal</colorMode>
					<Icon>
						<href>http://maps.google.com/mapfiles/kml/shapes/placemark_square.png</href>
					</Icon>
				</IconStyle>
				<LineStyle>
					<color>ff0055ff</color>
					<colorMode>normal</colorMode>
				</LineStyle>
				<PolyStyle>
					<color>ff0055ff</color>
					<colorMode>normal</colorMode>
				</PolyStyle>
			</Style>
			<ExtendedData>
				<SchemaData schemaUrl="#S_pmagsitesupdated_SSSSSS">
					<SimpleData name="Lat">16.918°</SimpleData>
					<SimpleData name="Long">79.433°</SimpleData>
					<SimpleData name="Dec">30°</SimpleData>
					<SimpleData name="Inc">68°</SimpleData>
					<SimpleData name="Age">2.207</SimpleData>
					<SimpleData name="Reference">Nagaraju et al., 2018b</SimpleData>
				</SchemaData>
			</ExtendedData>
			<Point>
				<coordinates>79.43299999999999,16.918,0</coordinates>
			</Point>
		</Placemark>
		<Placemark>
			<styleUrl>#pointStyleMap0</styleUrl>
			<Style id="inline">
				<IconStyle>
					<color>ff0055ff</color>
					<colorMode>normal</colorMode>
					<Icon>
						<href>http://maps.google.com/mapfiles/kml/shapes/placemark_square.png</href>
					</Icon>
				</IconStyle>
				<LineStyle>
					<color>ff0055ff</color>
					<colorMode>normal</colorMode>
				</LineStyle>
				<PolyStyle>
					<color>ff0055ff</color>
					<colorMode>normal</colorMode>
				</PolyStyle>
			</Style>
			<ExtendedData>
				<SchemaData schemaUrl="#S_pmagsitesupdated_SSSSSS">
					<SimpleData name="Lat">16.932°</SimpleData>
					<SimpleData name="Long">79.487°</SimpleData>
					<SimpleData name="Dec">28°</SimpleData>
					<SimpleData name="Inc">71°</SimpleData>
					<SimpleData name="Age">2.207</SimpleData>
					<SimpleData name="Reference">Nagaraju et al., 2018b</SimpleData>
				</SchemaData>
			</ExtendedData>
			<Point>
				<coordinates>79.48699999999995,16.93199999999997,0</coordinates>
			</Point>
		</Placemark>
		<Placemark>
			<styleUrl>#pointStyleMap0</styleUrl>
			<Style id="inline">
				<IconStyle>
					<color>ff0055ff</color>
					<colorMode>normal</colorMode>
					<Icon>
						<href>http://maps.google.com/mapfiles/kml/shapes/placemark_square.png</href>
					</Icon>
				</IconStyle>
				<LineStyle>
					<color>ff0055ff</color>
					<colorMode>normal</colorMode>
				</LineStyle>
				<PolyStyle>
					<color>ff0055ff</color>
					<colorMode>normal</colorMode>
				</PolyStyle>
			</Style>
			<ExtendedData>
				<SchemaData schemaUrl="#S_pmagsitesupdated_SSSSSS">
					<SimpleData name="Lat">16.716°</SimpleData>
					<SimpleData name="Long">79.184°</SimpleData>
					<SimpleData name="Dec">51°</SimpleData>
					<SimpleData name="Inc">62°</SimpleData>
					<SimpleData name="Age">2.207</SimpleData>
					<SimpleData name="Reference">Nagaraju et al., 2018b</SimpleData>
				</SchemaData>
			</ExtendedData>
			<Point>
				<coordinates>79.18399999999997,16.716,0</coordinates>
			</Point>
		</Placemark>
		<Placemark>
			<styleUrl>#pointStyleMap0</styleUrl>
			<Style id="inline">
				<IconStyle>
					<color>ff0055ff</color>
					<colorMode>normal</colorMode>
					<Icon>
						<href>http://maps.google.com/mapfiles/kml/shapes/placemark_square.png</href>
					</Icon>
				</IconStyle>
				<LineStyle>
					<color>ff0055ff</color>
					<colorMode>normal</colorMode>
				</LineStyle>
				<PolyStyle>
					<color>ff0055ff</color>
					<colorMode>normal</colorMode>
				</PolyStyle>
			</Style>
			<ExtendedData>
				<SchemaData schemaUrl="#S_pmagsitesupdated_SSSSSS">
					<SimpleData name="Lat">16.952°</SimpleData>
					<SimpleData name="Long">79.282°</SimpleData>
					<SimpleData name="Dec">22°</SimpleData>
					<SimpleData name="Inc">63°</SimpleData>
					<SimpleData name="Age">2.207</SimpleData>
					<SimpleData name="Reference">Nagaraju et al., 2018b</SimpleData>
				</SchemaData>
			</ExtendedData>
			<Point>
				<coordinates>79.28199999999997,16.95199999999998,0</coordinates>
			</Point>
		</Placemark>
		<Placemark>
			<styleUrl>#pointStyleMap0</styleUrl>
			<Style id="inline">
				<IconStyle>
					<color>ff0055ff</color>
					<colorMode>normal</colorMode>
					<Icon>
						<href>http://maps.google.com/mapfiles/kml/shapes/placemark_square.png</href>
					</Icon>
				</IconStyle>
				<LineStyle>
					<color>ff0055ff</color>
					<colorMode>normal</colorMode>
				</LineStyle>
				<PolyStyle>
					<color>ff0055ff</color>
					<colorMode>normal</colorMode>
				</PolyStyle>
			</Style>
			<ExtendedData>
				<SchemaData schemaUrl="#S_pmagsitesupdated_SSSSSS">
					<SimpleData name="Lat">14.045°</SimpleData>
					<SimpleData name="Long">78.026°</SimpleData>
					<SimpleData name="Dec">55°</SimpleData>
					<SimpleData name="Inc">71°</SimpleData>
					<SimpleData name="Age">2.207</SimpleData>
					<SimpleData name="Reference">Belica et al., 2014</SimpleData>
				</SchemaData>
			</ExtendedData>
			<Point>
				<coordinates>78.02600000000001,14.04500000000001,0</coordinates>
			</Point>
		</Placemark>
		<Placemark>
			<styleUrl>#pointStyleMap0</styleUrl>
			<Style id="inline">
				<IconStyle>
					<color>ff0055ff</color>
					<colorMode>normal</colorMode>
					<Icon>
						<href>http://maps.google.com/mapfiles/kml/shapes/placemark_square.png</href>
					</Icon>
				</IconStyle>
				<LineStyle>
					<color>ff0055ff</color>
					<colorMode>normal</colorMode>
				</LineStyle>
				<PolyStyle>
					<color>ff0055ff</color>
					<colorMode>normal</colorMode>
				</PolyStyle>
			</Style>
			<ExtendedData>
				<SchemaData schemaUrl="#S_pmagsitesupdated_SSSSSS">
					<SimpleData name="Lat">14.630°</SimpleData>
					<SimpleData name="Long">77.790°</SimpleData>
					<SimpleData name="Dec">51°</SimpleData>
					<SimpleData name="Inc">67°</SimpleData>
					<SimpleData name="Age">2.207</SimpleData>
					<SimpleData name="Reference">Radhakrishna et al., 2013b</SimpleData>
				</SchemaData>
			</ExtendedData>
			<Point>
				<coordinates>77.79000000000002,14.63,0</coordinates>
			</Point>
		</Placemark>
		<Placemark>
			<styleUrl>#pointStyleMap0</styleUrl>
			<Style id="inline">
				<IconStyle>
					<color>ff0055ff</color>
					<colorMode>normal</colorMode>
					<Icon>
						<href>http://maps.google.com/mapfiles/kml/shapes/placemark_square.png</href>
					</Icon>
				</IconStyle>
				<LineStyle>
					<color>ff0055ff</color>
					<colorMode>normal</colorMode>
				</LineStyle>
				<PolyStyle>
					<color>ff0055ff</color>
					<colorMode>normal</colorMode>
				</PolyStyle>
			</Style>
			<ExtendedData>
				<SchemaData schemaUrl="#S_pmagsitesupdated_SSSSSS">
					<SimpleData name="Lat">13.488°</SimpleData>
					<SimpleData name="Long">78.831°</SimpleData>
					<SimpleData name="Dec">358°</SimpleData>
					<SimpleData name="Inc">73°</SimpleData>
					<SimpleData name="Age">2.18a</SimpleData>
					<SimpleData name="Reference">Nagaraju et al., 2018b</SimpleData>
				</SchemaData>
			</ExtendedData>
			<Point>
				<coordinates>78.83100000000002,13.48799999999999,0</coordinates>
			</Point>
		</Placemark>
		<Placemark>
			<styleUrl>#pointStyleMap0</styleUrl>
			<Style id="inline">
				<IconStyle>
					<color>ff0055ff</color>
					<colorMode>normal</colorMode>
					<Icon>
						<href>http://maps.google.com/mapfiles/kml/shapes/placemark_square.png</href>
					</Icon>
				</IconStyle>
				<LineStyle>
					<color>ff0055ff</color>
					<colorMode>normal</colorMode>
				</LineStyle>
				<PolyStyle>
					<color>ff0055ff</color>
					<colorMode>normal</colorMode>
				</PolyStyle>
			</Style>
			<ExtendedData>
				<SchemaData schemaUrl="#S_pmagsitesupdated_SSSSSS">
					<SimpleData name="Lat">14.184°</SimpleData>
					<SimpleData name="Long">78.163°</SimpleData>
					<SimpleData name="Dec">347°</SimpleData>
					<SimpleData name="Inc">50°</SimpleData>
					<SimpleData name="Age">2.18a</SimpleData>
					<SimpleData name="Reference">Belica et al., 2014</SimpleData>
				</SchemaData>
			</ExtendedData>
			<Point>
				<coordinates>78.163,14.184,0</coordinates>
			</Point>
		</Placemark>
		<Placemark>
			<styleUrl>#pointStyleMap0</styleUrl>
			<Style id="inline">
				<IconStyle>
					<color>ff0055ff</color>
					<colorMode>normal</colorMode>
					<Icon>
						<href>http://maps.google.com/mapfiles/kml/shapes/placemark_square.png</href>
					</Icon>
				</IconStyle>
				<LineStyle>
					<color>ff0055ff</color>
					<colorMode>normal</colorMode>
				</LineStyle>
				<PolyStyle>
					<color>ff0055ff</color>
					<colorMode>normal</colorMode>
				</PolyStyle>
			</Style>
			<ExtendedData>
				<SchemaData schemaUrl="#S_pmagsitesupdated_SSSSSS">
					<SimpleData name="Lat">16.928°</SimpleData>
					<SimpleData name="Long">77.863°</SimpleData>
					<SimpleData name="Dec">9°</SimpleData>
					<SimpleData name="Inc">60°</SimpleData>
					<SimpleData name="Age">2.18a</SimpleData>
					<SimpleData name="Reference">Belica et al., 2014</SimpleData>
				</SchemaData>
			</ExtendedData>
			<Point>
				<coordinates>77.86299999999999,16.92799999999999,0</coordinates>
			</Point>
		</Placemark>
		<Placemark>
			<styleUrl>#pointStyleMap0</styleUrl>
			<Style id="inline">
				<IconStyle>
					<color>ff0055ff</color>
					<colorMode>normal</colorMode>
					<Icon>
						<href>http://maps.google.com/mapfiles/kml/shapes/placemark_square.png</href>
					</Icon>
				</IconStyle>
				<LineStyle>
					<color>ff0055ff</color>
					<colorMode>normal</colorMode>
				</LineStyle>
				<PolyStyle>
					<color>ff0055ff</color>
					<colorMode>normal</colorMode>
				</PolyStyle>
			</Style>
			<ExtendedData>
				<SchemaData schemaUrl="#S_pmagsitesupdated_SSSSSS">
					<SimpleData name="Lat">16.928°</SimpleData>
					<SimpleData name="Long">77.705°</SimpleData>
					<SimpleData name="Dec">3°</SimpleData>
					<SimpleData name="Inc">45°</SimpleData>
					<SimpleData name="Age">2.18a</SimpleData>
					<SimpleData name="Reference">Belica et al., 2014</SimpleData>
				</SchemaData>
			</ExtendedData>
			<Point>
				<coordinates>77.70499999999998,16.92799999999999,0</coordinates>
			</Point>
		</Placemark>
		<Placemark>
			<styleUrl>#pointStyleMap0</styleUrl>
			<Style id="inline">
				<IconStyle>
					<color>ff0055ff</color>
					<colorMode>normal</colorMode>
					<Icon>
						<href>http://maps.google.com/mapfiles/kml/shapes/placemark_square.png</href>
					</Icon>
				</IconStyle>
				<LineStyle>
					<color>ff0055ff</color>
					<colorMode>normal</colorMode>
				</LineStyle>
				<PolyStyle>
					<color>ff0055ff</color>
					<colorMode>normal</colorMode>
				</PolyStyle>
			</Style>
			<ExtendedData>
				<SchemaData schemaUrl="#S_pmagsitesupdated_SSSSSS">
					<SimpleData name="Lat">16.710°</SimpleData>
					<SimpleData name="Long">79.240°</SimpleData>
					<SimpleData name="Dec">355.1°</SimpleData>
					<SimpleData name="Inc">58.2°</SimpleData>
					<SimpleData name="Age">2.18a</SimpleData>
					<SimpleData name="Reference">Radhakrishna et al., 2013b</SimpleData>
				</SchemaData>
			</ExtendedData>
			<Point>
				<coordinates>79.24000000000001,16.71,0</coordinates>
			</Point>
		</Placemark>
		<Placemark>
			<styleUrl>#pointStyleMap0</styleUrl>
			<Style id="inline">
				<IconStyle>
					<color>ff0055ff</color>
					<colorMode>normal</colorMode>
					<Icon>
						<href>http://maps.google.com/mapfiles/kml/shapes/placemark_square.png</href>
					</Icon>
				</IconStyle>
				<LineStyle>
					<color>ff0055ff</color>
					<colorMode>normal</colorMode>
				</LineStyle>
				<PolyStyle>
					<color>ff0055ff</color>
					<colorMode>normal</colorMode>
				</PolyStyle>
			</Style>
			<ExtendedData>
				<SchemaData schemaUrl="#S_pmagsitesupdated_SSSSSS">
					<SimpleData name="Lat">16.92°</SimpleData>
					<SimpleData name="Long">79.73°</SimpleData>
					<SimpleData name="Dec">357.4°</SimpleData>
					<SimpleData name="Inc">65.1°</SimpleData>
					<SimpleData name="Age">2.18a</SimpleData>
					<SimpleData name="Reference">Radhakrishna et al., 2013b</SimpleData>
				</SchemaData>
			</ExtendedData>
			<Point>
				<coordinates>79.73000000000002,16.92000000000002,0</coordinates>
			</Point>
		</Placemark>
		<Placemark>
			<styleUrl>#pointStyleMap0</styleUrl>
			<Style id="inline">
				<IconStyle>
					<color>ff0055ff</color>
					<colorMode>normal</colorMode>
					<Icon>
						<href>http://maps.google.com/mapfiles/kml/shapes/placemark_square.png</href>
					</Icon>
				</IconStyle>
				<LineStyle>
					<color>ff0055ff</color>
					<colorMode>normal</colorMode>
				</LineStyle>
				<PolyStyle>
					<color>ff0055ff</color>
					<colorMode>normal</colorMode>
				</PolyStyle>
			</Style>
			<ExtendedData>
				<SchemaData schemaUrl="#S_pmagsitesupdated_SSSSSS">
					<SimpleData name="Lat">12.2°</SimpleData>
					<SimpleData name="Long">79.4°</SimpleData>
					<SimpleData name="Dec">11.3°</SimpleData>
					<SimpleData name="Inc">75.5°</SimpleData>
					<SimpleData name="Age">2.18a</SimpleData>
					<SimpleData name="Reference">Dash et al., 2013</SimpleData>
				</SchemaData>
			</ExtendedData>
			<Point>
				<coordinates>79.39999999999998,12.19999999999999,0</coordinates>
			</Point>
		</Placemark>
		<Placemark>
			<styleUrl>#pointStyleMap0</styleUrl>
			<Style id="inline">
				<IconStyle>
					<color>ff0055ff</color>
					<colorMode>normal</colorMode>
					<Icon>
						<href>http://maps.google.com/mapfiles/kml/shapes/placemark_square.png</href>
					</Icon>
				</IconStyle>
				<LineStyle>
					<color>ff0055ff</color>
					<colorMode>normal</colorMode>
				</LineStyle>
				<PolyStyle>
					<color>ff0055ff</color>
					<colorMode>normal</colorMode>
				</PolyStyle>
			</Style>
			<ExtendedData>
				<SchemaData schemaUrl="#S_pmagsitesupdated_SSSSSS">
					<SimpleData name="Lat">11.89°</SimpleData>
					<SimpleData name="Long">76.95°</SimpleData>
					<SimpleData name="Dec">29.5°</SimpleData>
					<SimpleData name="Inc">70.2°</SimpleData>
					<SimpleData name="Age">2.18a</SimpleData>
					<SimpleData name="Reference">Hargraves and Bhalla, 1983</SimpleData>
				</SchemaData>
			</ExtendedData>
			<Point>
				<coordinates>76.95,11.89,0</coordinates>
			</Point>
		</Placemark>
		<Placemark>
			<styleUrl>#pointStyleMap0</styleUrl>
			<Style id="inline">
				<IconStyle>
					<color>ff0055ff</color>
					<colorMode>normal</colorMode>
					<Icon>
						<href>http://maps.google.com/mapfiles/kml/shapes/placemark_square.png</href>
					</Icon>
				</IconStyle>
				<LineStyle>
					<color>ff0055ff</color>
					<colorMode>normal</colorMode>
				</LineStyle>
				<PolyStyle>
					<color>ff0055ff</color>
					<colorMode>normal</colorMode>
				</PolyStyle>
			</Style>
			<ExtendedData>
				<SchemaData schemaUrl="#S_pmagsitesupdated_SSSSSS">
					<SimpleData name="Lat">13.8°</SimpleData>
					<SimpleData name="Long">76.91°</SimpleData>
					<SimpleData name="Dec">35.7°</SimpleData>
					<SimpleData name="Inc">82.4°</SimpleData>
					<SimpleData name="Age">2.18a</SimpleData>
					<SimpleData name="Reference">Hargraves and Bhalla, 1983</SimpleData>
				</SchemaData>
			</ExtendedData>
			<Point>
				<coordinates>76.90999999999998,13.8,0</coordinates>
			</Point>
		</Placemark>
		<Placemark>
			<styleUrl>#pointStyleMap0</styleUrl>
			<Style id="inline">
				<IconStyle>
					<color>ff0055ff</color>
					<colorMode>normal</colorMode>
					<Icon>
						<href>http://maps.google.com/mapfiles/kml/shapes/placemark_square.png</href>
					</Icon>
				</IconStyle>
				<LineStyle>
					<color>ff0055ff</color>
					<colorMode>normal</colorMode>
				</LineStyle>
				<PolyStyle>
					<color>ff0055ff</color>
					<colorMode>normal</colorMode>
				</PolyStyle>
			</Style>
			<ExtendedData>
				<SchemaData schemaUrl="#S_pmagsitesupdated_SSSSSS">
					<SimpleData name="Lat">12.47°</SimpleData>
					<SimpleData name="Long">77.32°</SimpleData>
					<SimpleData name="Dec">18°</SimpleData>
					<SimpleData name="Inc">66.9°</SimpleData>
					<SimpleData name="Age">2.18a</SimpleData>
					<SimpleData name="Reference">Halls et al., 2007</SimpleData>
				</SchemaData>
			</ExtendedData>
			<Point>
				<coordinates>77.31999999999998,12.47,0</coordinates>
			</Point>
		</Placemark>
		<Placemark>
			<styleUrl>#pointStyleMap0</styleUrl>
			<Style id="inline">
				<IconStyle>
					<color>ff0055ff</color>
					<colorMode>normal</colorMode>
					<Icon>
						<href>http://maps.google.com/mapfiles/kml/shapes/placemark_square.png</href>
					</Icon>
				</IconStyle>
				<LineStyle>
					<color>ff0055ff</color>
					<colorMode>normal</colorMode>
				</LineStyle>
				<PolyStyle>
					<color>ff0055ff</color>
					<colorMode>normal</colorMode>
				</PolyStyle>
			</Style>
			<ExtendedData>
				<SchemaData schemaUrl="#S_pmagsitesupdated_SSSSSS">
					<SimpleData name="Lat">16.83°</SimpleData>
					<SimpleData name="Long">77.59°</SimpleData>
					<SimpleData name="Dec">48°</SimpleData>
					<SimpleData name="Inc">-25.5°</SimpleData>
					<SimpleData name="Age">2.082</SimpleData>
					<SimpleData name="Reference">Radhakrishna et al., 2013b</SimpleData>
				</SchemaData>
			</ExtendedData>
			<Point>
				<coordinates>77.59000000000003,16.82999999999998,0</coordinates>
			</Point>
		</Placemark>
		<Placemark>
			<styleUrl>#pointStyleMap0</styleUrl>
			<Style id="inline">
				<IconStyle>
					<color>ff0055ff</color>
					<colorMode>normal</colorMode>
					<Icon>
						<href>http://maps.google.com/mapfiles/kml/shapes/placemark_square.png</href>
					</Icon>
				</IconStyle>
				<LineStyle>
					<color>ff0055ff</color>
					<colorMode>normal</colorMode>
				</LineStyle>
				<PolyStyle>
					<color>ff0055ff</color>
					<colorMode>normal</colorMode>
				</PolyStyle>
			</Style>
			<ExtendedData>
				<SchemaData schemaUrl="#S_pmagsitesupdated_SSSSSS">
					<SimpleData name="Lat">16.82°</SimpleData>
					<SimpleData name="Long">77.71°</SimpleData>
					<SimpleData name="Dec">35.7°</SimpleData>
					<SimpleData name="Inc">6.8°</SimpleData>
					<SimpleData name="Age">2.082</SimpleData>
					<SimpleData name="Reference">Radhakrishna et al., 2013b</SimpleData>
				</SchemaData>
			</ExtendedData>
			<Point>
				<coordinates>77.70999999999998,16.82,0</coordinates>
			</Point>
		</Placemark>
		<Placemark>
			<styleUrl>#pointStyleMap0</styleUrl>
			<Style id="inline">
				<IconStyle>
					<color>ff0055ff</color>
					<colorMode>normal</colorMode>
					<Icon>
						<href>http://maps.google.com/mapfiles/kml/shapes/placemark_square.png</href>
					</Icon>
				</IconStyle>
				<LineStyle>
					<color>ff0055ff</color>
					<colorMode>normal</colorMode>
				</LineStyle>
				<PolyStyle>
					<color>ff0055ff</color>
					<colorMode>normal</colorMode>
				</PolyStyle>
			</Style>
			<ExtendedData>
				<SchemaData schemaUrl="#S_pmagsitesupdated_SSSSSS">
					<SimpleData name="Lat">16.28°</SimpleData>
					<SimpleData name="Long">78.01°</SimpleData>
					<SimpleData name="Dec">58.4°</SimpleData>
					<SimpleData name="Inc">4.1°</SimpleData>
					<SimpleData name="Age">2.082</SimpleData>
					<SimpleData name="Reference">Radhakrishna et al., 2013b</SimpleData>
				</SchemaData>
			</ExtendedData>
			<Point>
				<coordinates>78.00999999999999,16.28000000000002,0</coordinates>
			</Point>
		</Placemark>
		<Placemark>
			<styleUrl>#pointStyleMap0</styleUrl>
			<Style id="inline">
				<IconStyle>
					<color>ff0055ff</color>
					<colorMode>normal</colorMode>
					<Icon>
						<href>http://maps.google.com/mapfiles/kml/shapes/placemark_square.png</href>
					</Icon>
				</IconStyle>
				<LineStyle>
					<color>ff0055ff</color>
					<colorMode>normal</colorMode>
				</LineStyle>
				<PolyStyle>
					<color>ff0055ff</color>
					<colorMode>normal</colorMode>
				</PolyStyle>
			</Style>
			<ExtendedData>
				<SchemaData schemaUrl="#S_pmagsitesupdated_SSSSSS">
					<SimpleData name="Lat">16.52°</SimpleData>
					<SimpleData name="Long">78.05°</SimpleData>
					<SimpleData name="Dec">33.8°</SimpleData>
					<SimpleData name="Inc">11.8°</SimpleData>
					<SimpleData name="Age">2.082</SimpleData>
					<SimpleData name="Reference">Radhakrishna et al., 2013b</SimpleData>
				</SchemaData>
			</ExtendedData>
			<Point>
				<coordinates>78.05000000000001,16.51999999999999,0</coordinates>
			</Point>
		</Placemark>
		<Placemark>
			<styleUrl>#pointStyleMap0</styleUrl>
			<Style id="inline">
				<IconStyle>
					<color>ff0055ff</color>
					<colorMode>normal</colorMode>
					<Icon>
						<href>http://maps.google.com/mapfiles/kml/shapes/placemark_square.png</href>
					</Icon>
				</IconStyle>
				<LineStyle>
					<color>ff0055ff</color>
					<colorMode>normal</colorMode>
				</LineStyle>
				<PolyStyle>
					<color>ff0055ff</color>
					<colorMode>normal</colorMode>
				</PolyStyle>
			</Style>
			<ExtendedData>
				<SchemaData schemaUrl="#S_pmagsitesupdated_SSSSSS">
					<SimpleData name="Lat">14.61°</SimpleData>
					<SimpleData name="Long">77.80°</SimpleData>
					<SimpleData name="Dec">58.4°</SimpleData>
					<SimpleData name="Inc">9.3°</SimpleData>
					<SimpleData name="Age">2.082</SimpleData>
					<SimpleData name="Reference">Radhakrishna et al., 2013b</SimpleData>
				</SchemaData>
			</ExtendedData>
			<Point>
				<coordinates>77.80000000000001,14.61000000000003,0</coordinates>
			</Point>
		</Placemark>
		<Placemark>
			<styleUrl>#pointStyleMap0</styleUrl>
			<Style id="inline">
				<IconStyle>
					<color>ff0055ff</color>
					<colorMode>normal</colorMode>
					<Icon>
						<href>http://maps.google.com/mapfiles/kml/shapes/placemark_square.png</href>
					</Icon>
				</IconStyle>
				<LineStyle>
					<color>ff0055ff</color>
					<colorMode>normal</colorMode>
				</LineStyle>
				<PolyStyle>
					<color>ff0055ff</color>
					<colorMode>normal</colorMode>
				</PolyStyle>
			</Style>
			<ExtendedData>
				<SchemaData schemaUrl="#S_pmagsitesupdated_SSSSSS">
					<SimpleData name="Lat">14.50°</SimpleData>
					<SimpleData name="Long">77.70°</SimpleData>
					<SimpleData name="Dec">44.2°</SimpleData>
					<SimpleData name="Inc">5.5°</SimpleData>
					<SimpleData name="Age">2.082</SimpleData>
					<SimpleData name="Reference">Radhakrishna et al., 2013b</SimpleData>
				</SchemaData>
			</ExtendedData>
			<Point>
				<coordinates>77.69999999999999,14.49999999999999,0</coordinates>
			</Point>
		</Placemark>
		<Placemark>
			<styleUrl>#pointStyleMap0</styleUrl>
			<Style id="inline">
				<IconStyle>
					<color>ff0055ff</color>
					<colorMode>normal</colorMode>
					<Icon>
						<href>http://maps.google.com/mapfiles/kml/shapes/placemark_square.png</href>
					</Icon>
				</IconStyle>
				<LineStyle>
					<color>ff0055ff</color>
					<colorMode>normal</colorMode>
				</LineStyle>
				<PolyStyle>
					<color>ff0055ff</color>
					<colorMode>normal</colorMode>
				</PolyStyle>
			</Style>
			<ExtendedData>
				<SchemaData schemaUrl="#S_pmagsitesupdated_SSSSSS">
					<SimpleData name="Lat">14.75°</SimpleData>
					<SimpleData name="Long">77.51°</SimpleData>
					<SimpleData name="Dec">63°</SimpleData>
					<SimpleData name="Inc">-12°</SimpleData>
					<SimpleData name="Age">2.082</SimpleData>
					<SimpleData name="Reference">Radhakrishna et al., 2013b</SimpleData>
				</SchemaData>
			</ExtendedData>
			<Point>
				<coordinates>77.50999999999999,14.74999999999999,0</coordinates>
			</Point>
		</Placemark>
		<Placemark>
			<styleUrl>#pointStyleMap0</styleUrl>
			<Style id="inline">
				<IconStyle>
					<color>ff0055ff</color>
					<colorMode>normal</colorMode>
					<Icon>
						<href>http://maps.google.com/mapfiles/kml/shapes/placemark_square.png</href>
					</Icon>
				</IconStyle>
				<LineStyle>
					<color>ff0055ff</color>
					<colorMode>normal</colorMode>
				</LineStyle>
				<PolyStyle>
					<color>ff0055ff</color>
					<colorMode>normal</colorMode>
				</PolyStyle>
			</Style>
			<ExtendedData>
				<SchemaData schemaUrl="#S_pmagsitesupdated_SSSSSS">
					<SimpleData name="Lat">15.35°</SimpleData>
					<SimpleData name="Long">77.82°</SimpleData>
					<SimpleData name="Dec">24.3°</SimpleData>
					<SimpleData name="Inc">-4.4°</SimpleData>
					<SimpleData name="Age">2.082</SimpleData>
					<SimpleData name="Reference">Radhakrishna et al., 2013b</SimpleData>
				</SchemaData>
			</ExtendedData>
			<Point>
				<coordinates>77.81999999999998,15.35,0</coordinates>
			</Point>
		</Placemark>
		<Placemark>
			<styleUrl>#pointStyleMap0</styleUrl>
			<Style id="inline">
				<IconStyle>
					<color>ff0055ff</color>
					<colorMode>normal</colorMode>
					<Icon>
						<href>http://maps.google.com/mapfiles/kml/shapes/placemark_square.png</href>
					</Icon>
				</IconStyle>
				<LineStyle>
					<color>ff0055ff</color>
					<colorMode>normal</colorMode>
				</LineStyle>
				<PolyStyle>
					<color>ff0055ff</color>
					<colorMode>normal</colorMode>
				</PolyStyle>
			</Style>
			<ExtendedData>
				<SchemaData schemaUrl="#S_pmagsitesupdated_SSSSSS">
					<SimpleData name="Lat">16.72°</SimpleData>
					<SimpleData name="Long">79.18°</SimpleData>
					<SimpleData name="Dec">23°</SimpleData>
					<SimpleData name="Inc">-4.1°</SimpleData>
					<SimpleData name="Age">2.082</SimpleData>
					<SimpleData name="Reference">Radhakrishna et al., 2013b</SimpleData>
				</SchemaData>
			</ExtendedData>
			<Point>
				<coordinates>79.18000000000002,16.71999999999998,0</coordinates>
			</Point>
		</Placemark>
		<Placemark>
			<styleUrl>#pointStyleMap0</styleUrl>
			<Style id="inline">
				<IconStyle>
					<color>ff0055ff</color>
					<colorMode>normal</colorMode>
					<Icon>
						<href>http://maps.google.com/mapfiles/kml/shapes/placemark_square.png</href>
					</Icon>
				</IconStyle>
				<LineStyle>
					<color>ff0055ff</color>
					<colorMode>normal</colorMode>
				</LineStyle>
				<PolyStyle>
					<color>ff0055ff</color>
					<colorMode>normal</colorMode>
				</PolyStyle>
			</Style>
			<ExtendedData>
				<SchemaData schemaUrl="#S_pmagsitesupdated_SSSSSS">
					<SimpleData name="Lat">16.69°</SimpleData>
					<SimpleData name="Long">79.02°</SimpleData>
					<SimpleData name="Dec">21.7°</SimpleData>
					<SimpleData name="Inc">-15.1°</SimpleData>
					<SimpleData name="Age">2.082</SimpleData>
					<SimpleData name="Reference">Radhakrishna et al., 2013b</SimpleData>
				</SchemaData>
			</ExtendedData>
			<Point>
				<coordinates>79.01999999999997,16.68999999999999,0</coordinates>
			</Point>
		</Placemark>
		<Placemark>
			<styleUrl>#pointStyleMap0</styleUrl>
			<Style id="inline">
				<IconStyle>
					<color>ff0055ff</color>
					<colorMode>normal</colorMode>
					<Icon>
						<href>http://maps.google.com/mapfiles/kml/shapes/placemark_square.png</href>
					</Icon>
				</IconStyle>
				<LineStyle>
					<color>ff0055ff</color>
					<colorMode>normal</colorMode>
				</LineStyle>
				<PolyStyle>
					<color>ff0055ff</color>
					<colorMode>normal</colorMode>
				</PolyStyle>
			</Style>
			<ExtendedData>
				<SchemaData schemaUrl="#S_pmagsitesupdated_SSSSSS">
					<SimpleData name="Lat">17.21°</SimpleData>
					<SimpleData name="Long">79.16°</SimpleData>
					<SimpleData name="Dec">49.7°</SimpleData>
					<SimpleData name="Inc">16.7°</SimpleData>
					<SimpleData name="Age">2.082</SimpleData>
					<SimpleData name="Reference">Radhakrishna et al., 2013b</SimpleData>
				</SchemaData>
			</ExtendedData>
			<Point>
				<coordinates>79.15999999999997,17.21,0</coordinates>
			</Point>
		</Placemark>
		<Placemark>
			<styleUrl>#pointStyleMap0</styleUrl>
			<Style id="inline">
				<IconStyle>
					<color>ff0055ff</color>
					<colorMode>normal</colorMode>
					<Icon>
						<href>http://maps.google.com/mapfiles/kml/shapes/placemark_square.png</href>
					</Icon>
				</IconStyle>
				<LineStyle>
					<color>ff0055ff</color>
					<colorMode>normal</colorMode>
				</LineStyle>
				<PolyStyle>
					<color>ff0055ff</color>
					<colorMode>normal</colorMode>
				</PolyStyle>
			</Style>
			<ExtendedData>
				<SchemaData schemaUrl="#S_pmagsitesupdated_SSSSSS">
					<SimpleData name="Lat">17.17°</SimpleData>
					<SimpleData name="Long">79.36°</SimpleData>
					<SimpleData name="Dec">15.8°</SimpleData>
					<SimpleData name="Inc">-6°</SimpleData>
					<SimpleData name="Age">2.082</SimpleData>
					<SimpleData name="Reference">Radhakrishna et al., 2013b</SimpleData>
				</SchemaData>
			</ExtendedData>
			<Point>
				<coordinates>79.36,17.17000000000002,0</coordinates>
			</Point>
		</Placemark>
		<Placemark>
			<styleUrl>#pointStyleMap0</styleUrl>
			<Style id="inline">
				<IconStyle>
					<color>ff0055ff</color>
					<colorMode>normal</colorMode>
					<Icon>
						<href>http://maps.google.com/mapfiles/kml/shapes/placemark_square.png</href>
					</Icon>
				</IconStyle>
				<LineStyle>
					<color>ff0055ff</color>
					<colorMode>normal</colorMode>
				</LineStyle>
				<PolyStyle>
					<color>ff0055ff</color>
					<colorMode>normal</colorMode>
				</PolyStyle>
			</Style>
			<ExtendedData>
				<SchemaData schemaUrl="#S_pmagsitesupdated_SSSSSS">
					<SimpleData name="Lat">17.31°</SimpleData>
					<SimpleData name="Long">79.68°</SimpleData>
					<SimpleData name="Dec">64°</SimpleData>
					<SimpleData name="Inc">24°</SimpleData>
					<SimpleData name="Age">2.082</SimpleData>
					<SimpleData name="Reference">Radhakrishna et al., 2013b</SimpleData>
				</SchemaData>
			</ExtendedData>
			<Point>
				<coordinates>79.68000000000002,17.31000000000001,0</coordinates>
			</Point>
		</Placemark>
		<Placemark>
			<styleUrl>#pointStyleMap0</styleUrl>
			<Style id="inline">
				<IconStyle>
					<color>ff0055ff</color>
					<colorMode>normal</colorMode>
					<Icon>
						<href>http://maps.google.com/mapfiles/kml/shapes/placemark_square.png</href>
					</Icon>
				</IconStyle>
				<LineStyle>
					<color>ff0055ff</color>
					<colorMode>normal</colorMode>
				</LineStyle>
				<PolyStyle>
					<color>ff0055ff</color>
					<colorMode>normal</colorMode>
				</PolyStyle>
			</Style>
			<ExtendedData>
				<SchemaData schemaUrl="#S_pmagsitesupdated_SSSSSS">
					<SimpleData name="Lat">17.23°</SimpleData>
					<SimpleData name="Long">79.98°</SimpleData>
					<SimpleData name="Dec">56.6°</SimpleData>
					<SimpleData name="Inc">30.3°</SimpleData>
					<SimpleData name="Age">2.082</SimpleData>
					<SimpleData name="Reference">Radhakrishna et al., 2013b</SimpleData>
				</SchemaData>
			</ExtendedData>
			<Point>
				<coordinates>79.98000000000002,17.23000000000001,0</coordinates>
			</Point>
		</Placemark>
		<Placemark>
			<styleUrl>#pointStyleMap0</styleUrl>
			<Style id="inline">
				<IconStyle>
					<color>ff0055ff</color>
					<colorMode>normal</colorMode>
					<Icon>
						<href>http://maps.google.com/mapfiles/kml/shapes/placemark_square.png</href>
					</Icon>
				</IconStyle>
				<LineStyle>
					<color>ff0055ff</color>
					<colorMode>normal</colorMode>
				</LineStyle>
				<PolyStyle>
					<color>ff0055ff</color>
					<colorMode>normal</colorMode>
				</PolyStyle>
			</Style>
			<ExtendedData>
				<SchemaData schemaUrl="#S_pmagsitesupdated_SSSSSS">
					<SimpleData name="Lat">13.40°</SimpleData>
					<SimpleData name="Long">79.44°</SimpleData>
					<SimpleData name="Dec">63.9°</SimpleData>
					<SimpleData name="Inc">20.6°</SimpleData>
					<SimpleData name="Age">2.082</SimpleData>
					<SimpleData name="Reference">Radhakrishna et al., 2013b</SimpleData>
				</SchemaData>
			</ExtendedData>
			<Point>
				<coordinates>79.44,13.40000000000002,0</coordinates>
			</Point>
		</Placemark>
		<Placemark>
			<styleUrl>#pointStyleMap0</styleUrl>
			<Style id="inline">
				<IconStyle>
					<color>ff0055ff</color>
					<colorMode>normal</colorMode>
					<Icon>
						<href>http://maps.google.com/mapfiles/kml/shapes/placemark_square.png</href>
					</Icon>
				</IconStyle>
				<LineStyle>
					<color>ff0055ff</color>
					<colorMode>normal</colorMode>
				</LineStyle>
				<PolyStyle>
					<color>ff0055ff</color>
					<colorMode>normal</colorMode>
				</PolyStyle>
			</Style>
			<ExtendedData>
				<SchemaData schemaUrl="#S_pmagsitesupdated_SSSSSS">
					<SimpleData name="Lat">14.05°</SimpleData>
					<SimpleData name="Long">78.70°</SimpleData>
					<SimpleData name="Dec">43.9°</SimpleData>
					<SimpleData name="Inc">26.9°</SimpleData>
					<SimpleData name="Age">2.082</SimpleData>
					<SimpleData name="Reference">Radhakrishna et al., 2013b</SimpleData>
				</SchemaData>
			</ExtendedData>
			<Point>
				<coordinates>78.69999999999999,14.05,0</coordinates>
			</Point>
		</Placemark>
		<Placemark>
			<styleUrl>#pointStyleMap0</styleUrl>
			<Style id="inline">
				<IconStyle>
					<color>ff0055ff</color>
					<colorMode>normal</colorMode>
					<Icon>
						<href>http://maps.google.com/mapfiles/kml/shapes/placemark_square.png</href>
					</Icon>
				</IconStyle>
				<LineStyle>
					<color>ff0055ff</color>
					<colorMode>normal</colorMode>
				</LineStyle>
				<PolyStyle>
					<color>ff0055ff</color>
					<colorMode>normal</colorMode>
				</PolyStyle>
			</Style>
			<ExtendedData>
				<SchemaData schemaUrl="#S_pmagsitesupdated_SSSSSS">
					<SimpleData name="Lat">14.16°</SimpleData>
					<SimpleData name="Long">78.61°</SimpleData>
					<SimpleData name="Dec">60.6°</SimpleData>
					<SimpleData name="Inc">-19.7°</SimpleData>
					<SimpleData name="Age">2.082</SimpleData>
					<SimpleData name="Reference">Radhakrishna et al., 2013b</SimpleData>
				</SchemaData>
			</ExtendedData>
			<Point>
				<coordinates>78.61,14.16,0</coordinates>
			</Point>
		</Placemark>
		<Placemark>
			<styleUrl>#pointStyleMap0</styleUrl>
			<Style id="inline">
				<IconStyle>
					<color>ff0055ff</color>
					<colorMode>normal</colorMode>
					<Icon>
						<href>http://maps.google.com/mapfiles/kml/shapes/placemark_square.png</href>
					</Icon>
				</IconStyle>
				<LineStyle>
					<color>ff0055ff</color>
					<colorMode>normal</colorMode>
				</LineStyle>
				<PolyStyle>
					<color>ff0055ff</color>
					<colorMode>normal</colorMode>
				</PolyStyle>
			</Style>
			<ExtendedData>
				<SchemaData schemaUrl="#S_pmagsitesupdated_SSSSSS">
					<SimpleData name="Lat">17.276°</SimpleData>
					<SimpleData name="Long">79.137°</SimpleData>
					<SimpleData name="Dec">52°</SimpleData>
					<SimpleData name="Inc">8°</SimpleData>
					<SimpleData name="Age">2.082</SimpleData>
					<SimpleData name="Reference">Kumar et al., 2015</SimpleData>
				</SchemaData>
			</ExtendedData>
			<Point>
				<coordinates>79.13700000000001,17.27600000000003,0</coordinates>
			</Point>
		</Placemark>
		<Placemark>
			<styleUrl>#pointStyleMap0</styleUrl>
			<Style id="inline">
				<IconStyle>
					<color>ff0055ff</color>
					<colorMode>normal</colorMode>
					<Icon>
						<href>http://maps.google.com/mapfiles/kml/shapes/placemark_square.png</href>
					</Icon>
				</IconStyle>
				<LineStyle>
					<color>ff0055ff</color>
					<colorMode>normal</colorMode>
				</LineStyle>
				<PolyStyle>
					<color>ff0055ff</color>
					<colorMode>normal</colorMode>
				</PolyStyle>
			</Style>
			<ExtendedData>
				<SchemaData schemaUrl="#S_pmagsitesupdated_SSSSSS">
					<SimpleData name="Lat">17.216°</SimpleData>
					<SimpleData name="Long">79.657°</SimpleData>
					<SimpleData name="Dec">57°</SimpleData>
					<SimpleData name="Inc">-7°</SimpleData>
					<SimpleData name="Age">2.082</SimpleData>
					<SimpleData name="Reference">Kumar et al., 2015</SimpleData>
				</SchemaData>
			</ExtendedData>
			<Point>
				<coordinates>79.65699999999998,17.21599999999999,0</coordinates>
			</Point>
		</Placemark>
		<Placemark>
			<styleUrl>#pointStyleMap0</styleUrl>
			<Style id="inline">
				<IconStyle>
					<color>ff0055ff</color>
					<colorMode>normal</colorMode>
					<Icon>
						<href>http://maps.google.com/mapfiles/kml/shapes/placemark_square.png</href>
					</Icon>
				</IconStyle>
				<LineStyle>
					<color>ff0055ff</color>
					<colorMode>normal</colorMode>
				</LineStyle>
				<PolyStyle>
					<color>ff0055ff</color>
					<colorMode>normal</colorMode>
				</PolyStyle>
			</Style>
			<ExtendedData>
				<SchemaData schemaUrl="#S_pmagsitesupdated_SSSSSS">
					<SimpleData name="Lat">17.713°</SimpleData>
					<SimpleData name="Long">79.633°</SimpleData>
					<SimpleData name="Dec">42°</SimpleData>
					<SimpleData name="Inc">4°</SimpleData>
					<SimpleData name="Age">2.082</SimpleData>
					<SimpleData name="Reference">Kumar et al., 2015</SimpleData>
				</SchemaData>
			</ExtendedData>
			<Point>
				<coordinates>79.633,17.71299999999997,0</coordinates>
			</Point>
		</Placemark>
		<Placemark>
			<styleUrl>#pointStyleMap0</styleUrl>
			<Style id="inline">
				<IconStyle>
					<color>ff0055ff</color>
					<colorMode>normal</colorMode>
					<Icon>
						<href>http://maps.google.com/mapfiles/kml/shapes/placemark_square.png</href>
					</Icon>
				</IconStyle>
				<LineStyle>
					<color>ff0055ff</color>
					<colorMode>normal</colorMode>
				</LineStyle>
				<PolyStyle>
					<color>ff0055ff</color>
					<colorMode>normal</colorMode>
				</PolyStyle>
			</Style>
			<ExtendedData>
				<SchemaData schemaUrl="#S_pmagsitesupdated_SSSSSS">
					<SimpleData name="Lat">17.571°</SimpleData>
					<SimpleData name="Long">79.539°</SimpleData>
					<SimpleData name="Dec">55°</SimpleData>
					<SimpleData name="Inc">-1°</SimpleData>
					<SimpleData name="Age">2.082</SimpleData>
					<SimpleData name="Reference">Kumar et al., 2015</SimpleData>
				</SchemaData>
			</ExtendedData>
			<Point>
				<coordinates>79.53899999999997,17.57100000000001,0</coordinates>
			</Point>
		</Placemark>
		<Placemark>
			<styleUrl>#pointStyleMap0</styleUrl>
			<Style id="inline">
				<IconStyle>
					<color>ff0055ff</color>
					<colorMode>normal</colorMode>
					<Icon>
						<href>http://maps.google.com/mapfiles/kml/shapes/placemark_square.png</href>
					</Icon>
				</IconStyle>
				<LineStyle>
					<color>ff0055ff</color>
					<colorMode>normal</colorMode>
				</LineStyle>
				<PolyStyle>
					<color>ff0055ff</color>
					<colorMode>normal</colorMode>
				</PolyStyle>
			</Style>
			<ExtendedData>
				<SchemaData schemaUrl="#S_pmagsitesupdated_SSSSSS">
					<SimpleData name="Lat">17.295°</SimpleData>
					<SimpleData name="Long">79.683°</SimpleData>
					<SimpleData name="Dec">55°</SimpleData>
					<SimpleData name="Inc">-9°</SimpleData>
					<SimpleData name="Age">2.082</SimpleData>
					<SimpleData name="Reference">Kumar et al., 2015</SimpleData>
				</SchemaData>
			</ExtendedData>
			<Point>
				<coordinates>79.68299999999999,17.29500000000003,0</coordinates>
			</Point>
		</Placemark>
		<Placemark>
			<styleUrl>#pointStyleMap0</styleUrl>
			<Style id="inline">
				<IconStyle>
					<color>ff0055ff</color>
					<colorMode>normal</colorMode>
					<Icon>
						<href>http://maps.google.com/mapfiles/kml/shapes/placemark_square.png</href>
					</Icon>
				</IconStyle>
				<LineStyle>
					<color>ff0055ff</color>
					<colorMode>normal</colorMode>
				</LineStyle>
				<PolyStyle>
					<color>ff0055ff</color>
					<colorMode>normal</colorMode>
				</PolyStyle>
			</Style>
			<ExtendedData>
				<SchemaData schemaUrl="#S_pmagsitesupdated_SSSSSS">
					<SimpleData name="Lat">17.144°</SimpleData>
					<SimpleData name="Long">79.618°</SimpleData>
					<SimpleData name="Dec">54°</SimpleData>
					<SimpleData name="Inc">-2°</SimpleData>
					<SimpleData name="Age">2.082</SimpleData>
					<SimpleData name="Reference">Kumar et al., 2015</SimpleData>
				</SchemaData>
			</ExtendedData>
			<Point>
				<coordinates>79.61800000000001,17.14400000000001,0</coordinates>
			</Point>
		</Placemark>
		<Placemark>
			<styleUrl>#pointStyleMap0</styleUrl>
			<Style id="inline">
				<IconStyle>
					<color>ff0055ff</color>
					<colorMode>normal</colorMode>
					<Icon>
						<href>http://maps.google.com/mapfiles/kml/shapes/placemark_square.png</href>
					</Icon>
				</IconStyle>
				<LineStyle>
					<color>ff0055ff</color>
					<colorMode>normal</colorMode>
				</LineStyle>
				<PolyStyle>
					<color>ff0055ff</color>
					<colorMode>normal</colorMode>
				</PolyStyle>
			</Style>
			<ExtendedData>
				<SchemaData schemaUrl="#S_pmagsitesupdated_SSSSSS">
					<SimpleData name="Lat">16.564°</SimpleData>
					<SimpleData name="Long">78.824°</SimpleData>
					<SimpleData name="Dec">47°</SimpleData>
					<SimpleData name="Inc">6°</SimpleData>
					<SimpleData name="Age">2.082</SimpleData>
					<SimpleData name="Reference">Kumar et al., 2015</SimpleData>
				</SchemaData>
			</ExtendedData>
			<Point>
				<coordinates>78.82400000000001,16.564,0</coordinates>
			</Point>
		</Placemark>
		<Placemark>
			<styleUrl>#pointStyleMap0</styleUrl>
			<Style id="inline">
				<IconStyle>
					<color>ff0055ff</color>
					<colorMode>normal</colorMode>
					<Icon>
						<href>http://maps.google.com/mapfiles/kml/shapes/placemark_square.png</href>
					</Icon>
				</IconStyle>
				<LineStyle>
					<color>ff0055ff</color>
					<colorMode>normal</colorMode>
				</LineStyle>
				<PolyStyle>
					<color>ff0055ff</color>
					<colorMode>normal</colorMode>
				</PolyStyle>
			</Style>
			<ExtendedData>
				<SchemaData schemaUrl="#S_pmagsitesupdated_SSSSSS">
					<SimpleData name="Lat">16.648°</SimpleData>
					<SimpleData name="Long">79.017°</SimpleData>
					<SimpleData name="Dec">41°</SimpleData>
					<SimpleData name="Inc">15°</SimpleData>
					<SimpleData name="Age">2.082</SimpleData>
					<SimpleData name="Reference">Kumar et al., 2015</SimpleData>
				</SchemaData>
			</ExtendedData>
			<Point>
				<coordinates>79.017,16.64799999999999,0</coordinates>
			</Point>
		</Placemark>
		<Placemark>
			<styleUrl>#pointStyleMap0</styleUrl>
			<Style id="inline">
				<IconStyle>
					<color>ff0055ff</color>
					<colorMode>normal</colorMode>
					<Icon>
						<href>http://maps.google.com/mapfiles/kml/shapes/placemark_square.png</href>
					</Icon>
				</IconStyle>
				<LineStyle>
					<color>ff0055ff</color>
					<colorMode>normal</colorMode>
				</LineStyle>
				<PolyStyle>
					<color>ff0055ff</color>
					<colorMode>normal</colorMode>
				</PolyStyle>
			</Style>
			<ExtendedData>
				<SchemaData schemaUrl="#S_pmagsitesupdated_SSSSSS">
					<SimpleData name="Lat">16.658°</SimpleData>
					<SimpleData name="Long">79.065°</SimpleData>
					<SimpleData name="Dec">37°</SimpleData>
					<SimpleData name="Inc">0°</SimpleData>
					<SimpleData name="Age">2.082</SimpleData>
					<SimpleData name="Reference">Kumar et al., 2015</SimpleData>
				</SchemaData>
			</ExtendedData>
			<Point>
				<coordinates>79.06499999999998,16.65800000000002,0</coordinates>
			</Point>
		</Placemark>
		<Placemark>
			<styleUrl>#pointStyleMap0</styleUrl>
			<Style id="inline">
				<IconStyle>
					<color>ff0055ff</color>
					<colorMode>normal</colorMode>
					<Icon>
						<href>http://maps.google.com/mapfiles/kml/shapes/placemark_square.png</href>
					</Icon>
				</IconStyle>
				<LineStyle>
					<color>ff0055ff</color>
					<colorMode>normal</colorMode>
				</LineStyle>
				<PolyStyle>
					<color>ff0055ff</color>
					<colorMode>normal</colorMode>
				</PolyStyle>
			</Style>
			<ExtendedData>
				<SchemaData schemaUrl="#S_pmagsitesupdated_SSSSSS">
					<SimpleData name="Lat">16.615°</SimpleData>
					<SimpleData name="Long">79.114°</SimpleData>
					<SimpleData name="Dec">50°</SimpleData>
					<SimpleData name="Inc">11°</SimpleData>
					<SimpleData name="Age">2.082</SimpleData>
					<SimpleData name="Reference">Kumar et al., 2015</SimpleData>
				</SchemaData>
			</ExtendedData>
			<Point>
				<coordinates>79.11400000000003,16.61500000000002,0</coordinates>
			</Point>
		</Placemark>
		<Placemark>
			<styleUrl>#pointStyleMap0</styleUrl>
			<Style id="inline">
				<IconStyle>
					<color>ff0055ff</color>
					<colorMode>normal</colorMode>
					<Icon>
						<href>http://maps.google.com/mapfiles/kml/shapes/placemark_square.png</href>
					</Icon>
				</IconStyle>
				<LineStyle>
					<color>ff0055ff</color>
					<colorMode>normal</colorMode>
				</LineStyle>
				<PolyStyle>
					<color>ff0055ff</color>
					<colorMode>normal</colorMode>
				</PolyStyle>
			</Style>
			<ExtendedData>
				<SchemaData schemaUrl="#S_pmagsitesupdated_SSSSSS">
					<SimpleData name="Lat">17.314°</SimpleData>
					<SimpleData name="Long">78.686°</SimpleData>
					<SimpleData name="Dec">52°</SimpleData>
					<SimpleData name="Inc">-20°</SimpleData>
					<SimpleData name="Age">2.082</SimpleData>
					<SimpleData name="Reference">Kumar et al., 2015</SimpleData>
				</SchemaData>
			</ExtendedData>
			<Point>
				<coordinates>78.68600000000002,17.314,0</coordinates>
			</Point>
		</Placemark>
		<Placemark>
			<styleUrl>#pointStyleMap0</styleUrl>
			<Style id="inline">
				<IconStyle>
					<color>ff0055ff</color>
					<colorMode>normal</colorMode>
					<Icon>
						<href>http://maps.google.com/mapfiles/kml/shapes/placemark_square.png</href>
					</Icon>
				</IconStyle>
				<LineStyle>
					<color>ff0055ff</color>
					<colorMode>normal</colorMode>
				</LineStyle>
				<PolyStyle>
					<color>ff0055ff</color>
					<colorMode>normal</colorMode>
				</PolyStyle>
			</Style>
			<ExtendedData>
				<SchemaData schemaUrl="#S_pmagsitesupdated_SSSSSS">
					<SimpleData name="Lat">17.293°</SimpleData>
					<SimpleData name="Long">78.679°</SimpleData>
					<SimpleData name="Dec">48°</SimpleData>
					<SimpleData name="Inc">-4°</SimpleData>
					<SimpleData name="Age">2.082</SimpleData>
					<SimpleData name="Reference">Kumar et al., 2015</SimpleData>
				</SchemaData>
			</ExtendedData>
			<Point>
				<coordinates>78.67899999999997,17.29300000000002,0</coordinates>
			</Point>
		</Placemark>
		<Placemark>
			<styleUrl>#pointStyleMap0</styleUrl>
			<Style id="inline">
				<IconStyle>
					<color>ff0055ff</color>
					<colorMode>normal</colorMode>
					<Icon>
						<href>http://maps.google.com/mapfiles/kml/shapes/placemark_square.png</href>
					</Icon>
				</IconStyle>
				<LineStyle>
					<color>ff0055ff</color>
					<colorMode>normal</colorMode>
				</LineStyle>
				<PolyStyle>
					<color>ff0055ff</color>
					<colorMode>normal</colorMode>
				</PolyStyle>
			</Style>
			<ExtendedData>
				<SchemaData schemaUrl="#S_pmagsitesupdated_SSSSSS">
					<SimpleData name="Lat">17.441°</SimpleData>
					<SimpleData name="Long">78.702°</SimpleData>
					<SimpleData name="Dec">27°</SimpleData>
					<SimpleData name="Inc">-10°</SimpleData>
					<SimpleData name="Age">2.082</SimpleData>
					<SimpleData name="Reference">Kumar et al., 2015</SimpleData>
				</SchemaData>
			</ExtendedData>
			<Point>
				<coordinates>78.702,17.44099999999999,0</coordinates>
			</Point>
		</Placemark>
		<Placemark>
			<styleUrl>#pointStyleMap0</styleUrl>
			<Style id="inline">
				<IconStyle>
					<color>ff0055ff</color>
					<colorMode>normal</colorMode>
					<Icon>
						<href>http://maps.google.com/mapfiles/kml/shapes/placemark_square.png</href>
					</Icon>
				</IconStyle>
				<LineStyle>
					<color>ff0055ff</color>
					<colorMode>normal</colorMode>
				</LineStyle>
				<PolyStyle>
					<color>ff0055ff</color>
					<colorMode>normal</colorMode>
				</PolyStyle>
			</Style>
			<ExtendedData>
				<SchemaData schemaUrl="#S_pmagsitesupdated_SSSSSS">
					<SimpleData name="Lat">17.172°</SimpleData>
					<SimpleData name="Long">79.354°</SimpleData>
					<SimpleData name="Dec">37°</SimpleData>
					<SimpleData name="Inc">-1°</SimpleData>
					<SimpleData name="Age">2.082</SimpleData>
					<SimpleData name="Reference">Kumar et al., 2015</SimpleData>
				</SchemaData>
			</ExtendedData>
			<Point>
				<coordinates>79.354,17.17199999999999,0</coordinates>
			</Point>
		</Placemark>
		<Placemark>
			<styleUrl>#pointStyleMap0</styleUrl>
			<Style id="inline">
				<IconStyle>
					<color>ff0055ff</color>
					<colorMode>normal</colorMode>
					<Icon>
						<href>http://maps.google.com/mapfiles/kml/shapes/placemark_square.png</href>
					</Icon>
				</IconStyle>
				<LineStyle>
					<color>ff0055ff</color>
					<colorMode>normal</colorMode>
				</LineStyle>
				<PolyStyle>
					<color>ff0055ff</color>
					<colorMode>normal</colorMode>
				</PolyStyle>
			</Style>
			<ExtendedData>
				<SchemaData schemaUrl="#S_pmagsitesupdated_SSSSSS">
					<SimpleData name="Lat">17.562°</SimpleData>
					<SimpleData name="Long">78.715°</SimpleData>
					<SimpleData name="Dec">49°</SimpleData>
					<SimpleData name="Inc">-4°</SimpleData>
					<SimpleData name="Age">2.082</SimpleData>
					<SimpleData name="Reference">Kumar et al., 2015</SimpleData>
				</SchemaData>
			</ExtendedData>
			<Point>
				<coordinates>78.71500000000005,17.56200000000003,0</coordinates>
			</Point>
		</Placemark>
		<Placemark>
			<styleUrl>#pointStyleMap0</styleUrl>
			<Style id="inline">
				<IconStyle>
					<color>ff0055ff</color>
					<colorMode>normal</colorMode>
					<Icon>
						<href>http://maps.google.com/mapfiles/kml/shapes/placemark_square.png</href>
					</Icon>
				</IconStyle>
				<LineStyle>
					<color>ff0055ff</color>
					<colorMode>normal</colorMode>
				</LineStyle>
				<PolyStyle>
					<color>ff0055ff</color>
					<colorMode>normal</colorMode>
				</PolyStyle>
			</Style>
			<ExtendedData>
				<SchemaData schemaUrl="#S_pmagsitesupdated_SSSSSS">
					<SimpleData name="Lat">17.546°</SimpleData>
					<SimpleData name="Long">78.887°</SimpleData>
					<SimpleData name="Dec">59°</SimpleData>
					<SimpleData name="Inc">8°</SimpleData>
					<SimpleData name="Age">2.082</SimpleData>
					<SimpleData name="Reference">Kumar et al., 2015</SimpleData>
				</SchemaData>
			</ExtendedData>
			<Point>
				<coordinates>78.88700000000001,17.546,0</coordinates>
			</Point>
		</Placemark>
		<Placemark>
			<styleUrl>#pointStyleMap0</styleUrl>
			<Style id="inline">
				<IconStyle>
					<color>ff0055ff</color>
					<colorMode>normal</colorMode>
					<Icon>
						<href>http://maps.google.com/mapfiles/kml/shapes/placemark_square.png</href>
					</Icon>
				</IconStyle>
				<LineStyle>
					<color>ff0055ff</color>
					<colorMode>normal</colorMode>
				</LineStyle>
				<PolyStyle>
					<color>ff0055ff</color>
					<colorMode>normal</colorMode>
				</PolyStyle>
			</Style>
			<ExtendedData>
				<SchemaData schemaUrl="#S_pmagsitesupdated_SSSSSS">
					<SimpleData name="Lat">15.477°</SimpleData>
					<SimpleData name="Long">77.406°</SimpleData>
					<SimpleData name="Dec">55°</SimpleData>
					<SimpleData name="Inc">-9°</SimpleData>
					<SimpleData name="Age">2.082</SimpleData>
					<SimpleData name="Reference">Kumar et al., 2015</SimpleData>
				</SchemaData>
			</ExtendedData>
			<Point>
				<coordinates>77.40599999999999,15.47699999999999,0</coordinates>
			</Point>
		</Placemark>
		<Placemark>
			<styleUrl>#pointStyleMap0</styleUrl>
			<Style id="inline">
				<IconStyle>
					<color>ff0055ff</color>
					<colorMode>normal</colorMode>
					<Icon>
						<href>http://maps.google.com/mapfiles/kml/shapes/placemark_square.png</href>
					</Icon>
				</IconStyle>
				<LineStyle>
					<color>ff0055ff</color>
					<colorMode>normal</colorMode>
				</LineStyle>
				<PolyStyle>
					<color>ff0055ff</color>
					<colorMode>normal</colorMode>
				</PolyStyle>
			</Style>
			<ExtendedData>
				<SchemaData schemaUrl="#S_pmagsitesupdated_SSSSSS">
					<SimpleData name="Lat">15.391°</SimpleData>
					<SimpleData name="Long">77.761°</SimpleData>
					<SimpleData name="Dec">65°</SimpleData>
					<SimpleData name="Inc">6°</SimpleData>
					<SimpleData name="Age">2.082</SimpleData>
					<SimpleData name="Reference">Kumar et al., 2015</SimpleData>
				</SchemaData>
			</ExtendedData>
			<Point>
				<coordinates>77.76099999999995,15.39099999999999,0</coordinates>
			</Point>
		</Placemark>
		<Placemark>
			<styleUrl>#pointStyleMap0</styleUrl>
			<Style id="inline">
				<IconStyle>
					<color>ff0055ff</color>
					<colorMode>normal</colorMode>
					<Icon>
						<href>http://maps.google.com/mapfiles/kml/shapes/placemark_square.png</href>
					</Icon>
				</IconStyle>
				<LineStyle>
					<color>ff0055ff</color>
					<colorMode>normal</colorMode>
				</LineStyle>
				<PolyStyle>
					<color>ff0055ff</color>
					<colorMode>normal</colorMode>
				</PolyStyle>
			</Style>
			<ExtendedData>
				<SchemaData schemaUrl="#S_pmagsitesupdated_SSSSSS">
					<SimpleData name="Lat">15.541°</SimpleData>
					<SimpleData name="Long">77.627°</SimpleData>
					<SimpleData name="Dec">20°</SimpleData>
					<SimpleData name="Inc">-8°</SimpleData>
					<SimpleData name="Age">2.082</SimpleData>
					<SimpleData name="Reference">Kumar et al., 2015</SimpleData>
				</SchemaData>
			</ExtendedData>
			<Point>
				<coordinates>77.627,15.54100000000001,0</coordinates>
			</Point>
		</Placemark>
		<Placemark>
			<styleUrl>#pointStyleMap0</styleUrl>
			<Style id="inline">
				<IconStyle>
					<color>ff0055ff</color>
					<colorMode>normal</colorMode>
					<Icon>
						<href>http://maps.google.com/mapfiles/kml/shapes/placemark_square.png</href>
					</Icon>
				</IconStyle>
				<LineStyle>
					<color>ff0055ff</color>
					<colorMode>normal</colorMode>
				</LineStyle>
				<PolyStyle>
					<color>ff0055ff</color>
					<colorMode>normal</colorMode>
				</PolyStyle>
			</Style>
			<ExtendedData>
				<SchemaData schemaUrl="#S_pmagsitesupdated_SSSSSS">
					<SimpleData name="Lat">14.877°</SimpleData>
					<SimpleData name="Long">77.390°</SimpleData>
					<SimpleData name="Dec">67°</SimpleData>
					<SimpleData name="Inc">9°</SimpleData>
					<SimpleData name="Age">2.082</SimpleData>
					<SimpleData name="Reference">Kumar et al., 2015</SimpleData>
				</SchemaData>
			</ExtendedData>
			<Point>
				<coordinates>77.39,14.87700000000002,0</coordinates>
			</Point>
		</Placemark>
		<Placemark>
			<styleUrl>#pointStyleMap0</styleUrl>
			<Style id="inline">
				<IconStyle>
					<color>ff0055ff</color>
					<colorMode>normal</colorMode>
					<Icon>
						<href>http://maps.google.com/mapfiles/kml/shapes/placemark_square.png</href>
					</Icon>
				</IconStyle>
				<LineStyle>
					<color>ff0055ff</color>
					<colorMode>normal</colorMode>
				</LineStyle>
				<PolyStyle>
					<color>ff0055ff</color>
					<colorMode>normal</colorMode>
				</PolyStyle>
			</Style>
			<ExtendedData>
				<SchemaData schemaUrl="#S_pmagsitesupdated_SSSSSS">
					<SimpleData name="Lat">15.571°</SimpleData>
					<SimpleData name="Long">75.577°</SimpleData>
					<SimpleData name="Dec">28°</SimpleData>
					<SimpleData name="Inc">28°</SimpleData>
					<SimpleData name="Age">2.082</SimpleData>
					<SimpleData name="Reference">Kumar et al., 2015</SimpleData>
				</SchemaData>
			</ExtendedData>
			<Point>
				<coordinates>75.577,15.57100000000001,0</coordinates>
			</Point>
		</Placemark>
		<Placemark>
			<styleUrl>#pointStyleMap0</styleUrl>
			<Style id="inline">
				<IconStyle>
					<color>ff0055ff</color>
					<colorMode>normal</colorMode>
					<Icon>
						<href>http://maps.google.com/mapfiles/kml/shapes/placemark_square.png</href>
					</Icon>
				</IconStyle>
				<LineStyle>
					<color>ff0055ff</color>
					<colorMode>normal</colorMode>
				</LineStyle>
				<PolyStyle>
					<color>ff0055ff</color>
					<colorMode>normal</colorMode>
				</PolyStyle>
			</Style>
			<ExtendedData>
				<SchemaData schemaUrl="#S_pmagsitesupdated_SSSSSS">
					<SimpleData name="Lat">14.10°</SimpleData>
					<SimpleData name="Long">77.40°</SimpleData>
					<SimpleData name="Dec">64°</SimpleData>
					<SimpleData name="Inc">-7°</SimpleData>
					<SimpleData name="Age">2.082</SimpleData>
					<SimpleData name="Reference">Kumar and Bhalla, 1983</SimpleData>
				</SchemaData>
			</ExtendedData>
			<Point>
				<coordinates>77.39999999999999,14.1,0</coordinates>
			</Point>
		</Placemark>
		<Placemark>
			<styleUrl>#pointStyleMap0</styleUrl>
			<Style id="inline">
				<IconStyle>
					<color>ff0055ff</color>
					<colorMode>normal</colorMode>
					<Icon>
						<href>http://maps.google.com/mapfiles/kml/shapes/placemark_square.png</href>
					</Icon>
				</IconStyle>
				<LineStyle>
					<color>ff0055ff</color>
					<colorMode>normal</colorMode>
				</LineStyle>
				<PolyStyle>
					<color>ff0055ff</color>
					<colorMode>normal</colorMode>
				</PolyStyle>
			</Style>
			<ExtendedData>
				<SchemaData schemaUrl="#S_pmagsitesupdated_SSSSSS">
					<SimpleData name="Lat">14.10°</SimpleData>
					<SimpleData name="Long">77.40°</SimpleData>
					<SimpleData name="Dec">53°</SimpleData>
					<SimpleData name="Inc">-8°</SimpleData>
					<SimpleData name="Age">2.082</SimpleData>
					<SimpleData name="Reference">Kumar and Bhalla, 1983</SimpleData>
				</SchemaData>
			</ExtendedData>
			<Point>
				<coordinates>77.39999999999999,14.1,0</coordinates>
			</Point>
		</Placemark>
		<Placemark>
			<styleUrl>#pointStyleMap0</styleUrl>
			<Style id="inline">
				<IconStyle>
					<color>ff0055ff</color>
					<colorMode>normal</colorMode>
					<Icon>
						<href>http://maps.google.com/mapfiles/kml/shapes/placemark_square.png</href>
					</Icon>
				</IconStyle>
				<LineStyle>
					<color>ff0055ff</color>
					<colorMode>normal</colorMode>
				</LineStyle>
				<PolyStyle>
					<color>ff0055ff</color>
					<colorMode>normal</colorMode>
				</PolyStyle>
			</Style>
			<ExtendedData>
				<SchemaData schemaUrl="#S_pmagsitesupdated_SSSSSS">
					<SimpleData name="Lat">14.10°</SimpleData>
					<SimpleData name="Long">77.4°</SimpleData>
					<SimpleData name="Dec">46°</SimpleData>
					<SimpleData name="Inc">5.1°</SimpleData>
					<SimpleData name="Age">2.082</SimpleData>
					<SimpleData name="Reference">Pradhan et al., 2010</SimpleData>
				</SchemaData>
			</ExtendedData>
			<Point>
				<coordinates>77.39999999999999,14.1,0</coordinates>
			</Point>
		</Placemark>
		<Placemark>
			<styleUrl>#pointStyleMap0</styleUrl>
			<Style id="inline">
				<IconStyle>
					<color>ff0055ff</color>
					<colorMode>normal</colorMode>
					<Icon>
						<href>http://maps.google.com/mapfiles/kml/shapes/placemark_square.png</href>
					</Icon>
				</IconStyle>
				<LineStyle>
					<color>ff0055ff</color>
					<colorMode>normal</colorMode>
				</LineStyle>
				<PolyStyle>
					<color>ff0055ff</color>
					<colorMode>normal</colorMode>
				</PolyStyle>
			</Style>
			<ExtendedData>
				<SchemaData schemaUrl="#S_pmagsitesupdated_SSSSSS">
					<SimpleData name="Lat">14.10°</SimpleData>
					<SimpleData name="Long">77.40°</SimpleData>
					<SimpleData name="Dec">241°</SimpleData>
					<SimpleData name="Inc">-6.4°</SimpleData>
					<SimpleData name="Age">2.082</SimpleData>
					<SimpleData name="Reference">Pradhan et al., 2010</SimpleData>
				</SchemaData>
			</ExtendedData>
			<Point>
				<coordinates>77.39999999999999,14.1,0</coordinates>
			</Point>
		</Placemark>
		<Placemark>
			<styleUrl>#pointStyleMap0</styleUrl>
			<Style id="inline">
				<IconStyle>
					<color>ff0055ff</color>
					<colorMode>normal</colorMode>
					<Icon>
						<href>http://maps.google.com/mapfiles/kml/shapes/placemark_square.png</href>
					</Icon>
				</IconStyle>
				<LineStyle>
					<color>ff0055ff</color>
					<colorMode>normal</colorMode>
				</LineStyle>
				<PolyStyle>
					<color>ff0055ff</color>
					<colorMode>normal</colorMode>
				</PolyStyle>
			</Style>
			<ExtendedData>
				<SchemaData schemaUrl="#S_pmagsitesupdated_SSSSSS">
					<SimpleData name="Lat">14.10°</SimpleData>
					<SimpleData name="Long">77.4°</SimpleData>
					<SimpleData name="Dec">79°</SimpleData>
					<SimpleData name="Inc">1.3°</SimpleData>
					<SimpleData name="Age">2.082</SimpleData>
					<SimpleData name="Reference">Pradhan et al., 2010</SimpleData>
				</SchemaData>
			</ExtendedData>
			<Point>
				<coordinates>77.39999999999999,14.1,0</coordinates>
			</Point>
		</Placemark>
		<Placemark>
			<styleUrl>#pointStyleMap0</styleUrl>
			<Style id="inline">
				<IconStyle>
					<color>ff0055ff</color>
					<colorMode>normal</colorMode>
					<Icon>
						<href>http://maps.google.com/mapfiles/kml/shapes/placemark_square.png</href>
					</Icon>
				</IconStyle>
				<LineStyle>
					<color>ff0055ff</color>
					<colorMode>normal</colorMode>
				</LineStyle>
				<PolyStyle>
					<color>ff0055ff</color>
					<colorMode>normal</colorMode>
				</PolyStyle>
			</Style>
			<ExtendedData>
				<SchemaData schemaUrl="#S_pmagsitesupdated_SSSSSS">
					<SimpleData name="Lat">13.402°</SimpleData>
					<SimpleData name="Long">76.61°</SimpleData>
					<SimpleData name="Dec">82°</SimpleData>
					<SimpleData name="Inc">-18.7°</SimpleData>
					<SimpleData name="Age">2.082</SimpleData>
					<SimpleData name="Reference">Piispa et al., 2011</SimpleData>
				</SchemaData>
			</ExtendedData>
			<Point>
				<coordinates>76.61000000000001,13.40199999999999,0</coordinates>
			</Point>
		</Placemark>
		<Placemark>
			<styleUrl>#pointStyleMap0</styleUrl>
			<Style id="inline">
				<IconStyle>
					<color>ff0055ff</color>
					<colorMode>normal</colorMode>
					<Icon>
						<href>http://maps.google.com/mapfiles/kml/shapes/placemark_square.png</href>
					</Icon>
				</IconStyle>
				<LineStyle>
					<color>ff0055ff</color>
					<colorMode>normal</colorMode>
				</LineStyle>
				<PolyStyle>
					<color>ff0055ff</color>
					<colorMode>normal</colorMode>
				</PolyStyle>
			</Style>
			<ExtendedData>
				<SchemaData schemaUrl="#S_pmagsitesupdated_SSSSSS">
					<SimpleData name="Lat">14.196°</SimpleData>
					<SimpleData name="Long">77.808°</SimpleData>
					<SimpleData name="Dec">65.9°</SimpleData>
					<SimpleData name="Inc">-10.9°</SimpleData>
					<SimpleData name="Age">2.082</SimpleData>
					<SimpleData name="Reference">Piispa et al., 2011</SimpleData>
				</SchemaData>
			</ExtendedData>
			<Point>
				<coordinates>77.80799999999998,14.19599999999999,0</coordinates>
			</Point>
		</Placemark>
		<Placemark>
			<styleUrl>#pointStyleMap0</styleUrl>
			<Style id="inline">
				<IconStyle>
					<color>ff0055ff</color>
					<colorMode>normal</colorMode>
					<Icon>
						<href>http://maps.google.com/mapfiles/kml/shapes/placemark_square.png</href>
					</Icon>
				</IconStyle>
				<LineStyle>
					<color>ff0055ff</color>
					<colorMode>normal</colorMode>
				</LineStyle>
				<PolyStyle>
					<color>ff0055ff</color>
					<colorMode>normal</colorMode>
				</PolyStyle>
			</Style>
			<ExtendedData>
				<SchemaData schemaUrl="#S_pmagsitesupdated_SSSSSS">
					<SimpleData name="Lat">14.189°</SimpleData>
					<SimpleData name="Long">77.729°</SimpleData>
					<SimpleData name="Dec">66.5°</SimpleData>
					<SimpleData name="Inc">-1.4°</SimpleData>
					<SimpleData name="Age">2.082</SimpleData>
					<SimpleData name="Reference">Piispa et al., 2011</SimpleData>
				</SchemaData>
			</ExtendedData>
			<Point>
				<coordinates>77.72899999999998,14.18899999999999,0</coordinates>
			</Point>
		</Placemark>
		<Placemark>
			<styleUrl>#pointStyleMap0</styleUrl>
			<Style id="inline">
				<IconStyle>
					<color>ff0055ff</color>
					<colorMode>normal</colorMode>
					<Icon>
						<href>http://maps.google.com/mapfiles/kml/shapes/placemark_square.png</href>
					</Icon>
				</IconStyle>
				<LineStyle>
					<color>ff0055ff</color>
					<colorMode>normal</colorMode>
				</LineStyle>
				<PolyStyle>
					<color>ff0055ff</color>
					<colorMode>normal</colorMode>
				</PolyStyle>
			</Style>
			<ExtendedData>
				<SchemaData schemaUrl="#S_pmagsitesupdated_SSSSSS">
					<SimpleData name="Lat">14.259°</SimpleData>
					<SimpleData name="Long">78.06°</SimpleData>
					<SimpleData name="Dec">63°</SimpleData>
					<SimpleData name="Inc">-10.1°</SimpleData>
					<SimpleData name="Age">2.082</SimpleData>
					<SimpleData name="Reference">Belica et al., 2014</SimpleData>
				</SchemaData>
			</ExtendedData>
			<Point>
				<coordinates>78.06,14.25900000000001,0</coordinates>
			</Point>
		</Placemark>
		<Placemark>
			<styleUrl>#pointStyleMap0</styleUrl>
			<Style id="inline">
				<IconStyle>
					<color>ff0055ff</color>
					<colorMode>normal</colorMode>
					<Icon>
						<href>http://maps.google.com/mapfiles/kml/shapes/placemark_square.png</href>
					</Icon>
				</IconStyle>
				<LineStyle>
					<color>ff0055ff</color>
					<colorMode>normal</colorMode>
				</LineStyle>
				<PolyStyle>
					<color>ff0055ff</color>
					<colorMode>normal</colorMode>
				</PolyStyle>
			</Style>
			<ExtendedData>
				<SchemaData schemaUrl="#S_pmagsitesupdated_SSSSSS">
					<SimpleData name="Lat">14.105°</SimpleData>
					<SimpleData name="Long">77.771°</SimpleData>
					<SimpleData name="Dec">64.5°</SimpleData>
					<SimpleData name="Inc">-16.6°</SimpleData>
					<SimpleData name="Age">2.082</SimpleData>
					<SimpleData name="Reference">Belica et al., 2014</SimpleData>
				</SchemaData>
			</ExtendedData>
			<Point>
				<coordinates>77.77100000000002,14.105,0</coordinates>
			</Point>
		</Placemark>
		<Placemark>
			<styleUrl>#pointStyleMap0</styleUrl>
			<Style id="inline">
				<IconStyle>
					<color>ff0055ff</color>
					<colorMode>normal</colorMode>
					<Icon>
						<href>http://maps.google.com/mapfiles/kml/shapes/placemark_square.png</href>
					</Icon>
				</IconStyle>
				<LineStyle>
					<color>ff0055ff</color>
					<colorMode>normal</colorMode>
				</LineStyle>
				<PolyStyle>
					<color>ff0055ff</color>
					<colorMode>normal</colorMode>
				</PolyStyle>
			</Style>
			<ExtendedData>
				<SchemaData schemaUrl="#S_pmagsitesupdated_SSSSSS">
					<SimpleData name="Lat">14.092°</SimpleData>
					<SimpleData name="Long">77.77°</SimpleData>
					<SimpleData name="Dec">62.6°</SimpleData>
					<SimpleData name="Inc">13.8°</SimpleData>
					<SimpleData name="Age">2.082</SimpleData>
					<SimpleData name="Reference">Belica et al., 2014</SimpleData>
				</SchemaData>
			</ExtendedData>
			<Point>
				<coordinates>77.76999999999998,14.09199999999999,0</coordinates>
			</Point>
		</Placemark>
		<Placemark>
			<styleUrl>#pointStyleMap0</styleUrl>
			<Style id="inline">
				<IconStyle>
					<color>ff0055ff</color>
					<colorMode>normal</colorMode>
					<Icon>
						<href>http://maps.google.com/mapfiles/kml/shapes/placemark_square.png</href>
					</Icon>
				</IconStyle>
				<LineStyle>
					<color>ff0055ff</color>
					<colorMode>normal</colorMode>
				</LineStyle>
				<PolyStyle>
					<color>ff0055ff</color>
					<colorMode>normal</colorMode>
				</PolyStyle>
			</Style>
			<ExtendedData>
				<SchemaData schemaUrl="#S_pmagsitesupdated_SSSSSS">
					<SimpleData name="Lat">15.49°</SimpleData>
					<SimpleData name="Long">77.670°</SimpleData>
					<SimpleData name="Dec">49°</SimpleData>
					<SimpleData name="Inc">4°</SimpleData>
					<SimpleData name="Age">2.082</SimpleData>
					<SimpleData name="Reference">Babu et al., 2018</SimpleData>
				</SchemaData>
			</ExtendedData>
			<Point>
				<coordinates>77.67,15.49,0</coordinates>
			</Point>
		</Placemark>
		<Placemark>
			<styleUrl>#pointStyleMap0</styleUrl>
			<Style id="inline">
				<IconStyle>
					<color>ff0055ff</color>
					<colorMode>normal</colorMode>
					<Icon>
						<href>http://maps.google.com/mapfiles/kml/shapes/placemark_square.png</href>
					</Icon>
				</IconStyle>
				<LineStyle>
					<color>ff0055ff</color>
					<colorMode>normal</colorMode>
				</LineStyle>
				<PolyStyle>
					<color>ff0055ff</color>
					<colorMode>normal</colorMode>
				</PolyStyle>
			</Style>
			<ExtendedData>
				<SchemaData schemaUrl="#S_pmagsitesupdated_SSSSSS">
					<SimpleData name="Lat">18.230°</SimpleData>
					<SimpleData name="Long">78.84°</SimpleData>
					<SimpleData name="Dec">53°</SimpleData>
					<SimpleData name="Inc">-17°</SimpleData>
					<SimpleData name="Age">2.082</SimpleData>
					<SimpleData name="Reference">Kumar et al., 2012a</SimpleData>
				</SchemaData>
			</ExtendedData>
			<Point>
				<coordinates>78.84000000000003,18.23,0</coordinates>
			</Point>
		</Placemark>
		<Placemark>
			<styleUrl>#pointStyleMap0</styleUrl>
			<Style id="inline">
				<IconStyle>
					<color>ff0055ff</color>
					<colorMode>normal</colorMode>
					<Icon>
						<href>http://maps.google.com/mapfiles/kml/shapes/placemark_square.png</href>
					</Icon>
				</IconStyle>
				<LineStyle>
					<color>ff0055ff</color>
					<colorMode>normal</colorMode>
				</LineStyle>
				<PolyStyle>
					<color>ff0055ff</color>
					<colorMode>normal</colorMode>
				</PolyStyle>
			</Style>
			<ExtendedData>
				<SchemaData schemaUrl="#S_pmagsitesupdated_SSSSSS">
					<SimpleData name="Lat">16.86°</SimpleData>
					<SimpleData name="Long">78.25°</SimpleData>
					<SimpleData name="Dec">47°</SimpleData>
					<SimpleData name="Inc">-27°</SimpleData>
					<SimpleData name="Age">2.082</SimpleData>
					<SimpleData name="Reference">Babu et al., 2018</SimpleData>
				</SchemaData>
			</ExtendedData>
			<Point>
				<coordinates>78.25,16.86000000000002,0</coordinates>
			</Point>
		</Placemark>
		<Placemark>
			<styleUrl>#pointStyleMap0</styleUrl>
			<Style id="inline">
				<IconStyle>
					<color>ff0055ff</color>
					<colorMode>normal</colorMode>
					<Icon>
						<href>http://maps.google.com/mapfiles/kml/shapes/placemark_square.png</href>
					</Icon>
				</IconStyle>
				<LineStyle>
					<color>ff0055ff</color>
					<colorMode>normal</colorMode>
				</LineStyle>
				<PolyStyle>
					<color>ff0055ff</color>
					<colorMode>normal</colorMode>
				</PolyStyle>
			</Style>
			<ExtendedData>
				<SchemaData schemaUrl="#S_pmagsitesupdated_SSSSSS">
					<SimpleData name="Lat">17.569°</SimpleData>
					<SimpleData name="Long">78.731°</SimpleData>
					<SimpleData name="Dec">44°</SimpleData>
					<SimpleData name="Inc">-19°</SimpleData>
					<SimpleData name="Age">2.082</SimpleData>
					<SimpleData name="Reference">Babu et al., 2018</SimpleData>
				</SchemaData>
			</ExtendedData>
			<Point>
				<coordinates>78.73099999999999,17.56899999999999,0</coordinates>
			</Point>
		</Placemark>
		<Placemark>
			<styleUrl>#pointStyleMap0</styleUrl>
			<Style id="inline">
				<IconStyle>
					<color>ff0055ff</color>
					<colorMode>normal</colorMode>
					<Icon>
						<href>http://maps.google.com/mapfiles/kml/shapes/placemark_square.png</href>
					</Icon>
				</IconStyle>
				<LineStyle>
					<color>ff0055ff</color>
					<colorMode>normal</colorMode>
				</LineStyle>
				<PolyStyle>
					<color>ff0055ff</color>
					<colorMode>normal</colorMode>
				</PolyStyle>
			</Style>
			<ExtendedData>
				<SchemaData schemaUrl="#S_pmagsitesupdated_SSSSSS">
					<SimpleData name="Lat">17.215°</SimpleData>
					<SimpleData name="Long">78.493°</SimpleData>
					<SimpleData name="Dec">40°</SimpleData>
					<SimpleData name="Inc">-25°</SimpleData>
					<SimpleData name="Age">2.082</SimpleData>
					<SimpleData name="Reference">Babu et al., 2018</SimpleData>
				</SchemaData>
			</ExtendedData>
			<Point>
				<coordinates>78.49299999999999,17.21499999999999,0</coordinates>
			</Point>
		</Placemark>
		<Placemark>
			<styleUrl>#pointStyleMap0</styleUrl>
			<Style id="inline">
				<IconStyle>
					<color>ff0055ff</color>
					<colorMode>normal</colorMode>
					<Icon>
						<href>http://maps.google.com/mapfiles/kml/shapes/placemark_square.png</href>
					</Icon>
				</IconStyle>
				<LineStyle>
					<color>ff0055ff</color>
					<colorMode>normal</colorMode>
				</LineStyle>
				<PolyStyle>
					<color>ff0055ff</color>
					<colorMode>normal</colorMode>
				</PolyStyle>
			</Style>
			<ExtendedData>
				<SchemaData schemaUrl="#S_pmagsitesupdated_SSSSSS">
					<SimpleData name="Lat">17.712°</SimpleData>
					<SimpleData name="Long">78.858°</SimpleData>
					<SimpleData name="Dec">27°</SimpleData>
					<SimpleData name="Inc">-17°</SimpleData>
					<SimpleData name="Age">2.082</SimpleData>
					<SimpleData name="Reference">Babu et al., 2018</SimpleData>
				</SchemaData>
			</ExtendedData>
			<Point>
				<coordinates>78.85799999999999,17.71200000000001,0</coordinates>
			</Point>
		</Placemark>
		<Placemark>
			<styleUrl>#pointStyleMap0</styleUrl>
			<Style id="inline">
				<IconStyle>
					<color>ff0055ff</color>
					<colorMode>normal</colorMode>
					<Icon>
						<href>http://maps.google.com/mapfiles/kml/shapes/placemark_square.png</href>
					</Icon>
				</IconStyle>
				<LineStyle>
					<color>ff0055ff</color>
					<colorMode>normal</colorMode>
				</LineStyle>
				<PolyStyle>
					<color>ff0055ff</color>
					<colorMode>normal</colorMode>
				</PolyStyle>
			</Style>
			<ExtendedData>
				<SchemaData schemaUrl="#S_pmagsitesupdated_SSSSSS">
					<SimpleData name="Lat">17.319°</SimpleData>
					<SimpleData name="Long">78.694°</SimpleData>
					<SimpleData name="Dec">49°</SimpleData>
					<SimpleData name="Inc">-16°</SimpleData>
					<SimpleData name="Age">2.082</SimpleData>
					<SimpleData name="Reference">Babu et al., 2018</SimpleData>
				</SchemaData>
			</ExtendedData>
			<Point>
				<coordinates>78.69400000000003,17.31899999999999,0</coordinates>
			</Point>
		</Placemark>
		<Placemark>
			<styleUrl>#pointStyleMap0</styleUrl>
			<Style id="inline">
				<IconStyle>
					<color>ff0055ff</color>
					<colorMode>normal</colorMode>
					<Icon>
						<href>http://maps.google.com/mapfiles/kml/shapes/placemark_square.png</href>
					</Icon>
				</IconStyle>
				<LineStyle>
					<color>ff0055ff</color>
					<colorMode>normal</colorMode>
				</LineStyle>
				<PolyStyle>
					<color>ff0055ff</color>
					<colorMode>normal</colorMode>
				</PolyStyle>
			</Style>
			<ExtendedData>
				<SchemaData schemaUrl="#S_pmagsitesupdated_SSSSSS">
					<SimpleData name="Lat">17.235°</SimpleData>
					<SimpleData name="Long">78.682°</SimpleData>
					<SimpleData name="Dec">44°</SimpleData>
					<SimpleData name="Inc">-29°</SimpleData>
					<SimpleData name="Age">2.082</SimpleData>
					<SimpleData name="Reference">Babu et al., 2018</SimpleData>
				</SchemaData>
			</ExtendedData>
			<Point>
				<coordinates>78.68200000000003,17.235,0</coordinates>
			</Point>
		</Placemark>
		<Placemark>
			<styleUrl>#pointStyleMap0</styleUrl>
			<Style id="inline">
				<IconStyle>
					<color>ff0055ff</color>
					<colorMode>normal</colorMode>
					<Icon>
						<href>http://maps.google.com/mapfiles/kml/shapes/placemark_square.png</href>
					</Icon>
				</IconStyle>
				<LineStyle>
					<color>ff0055ff</color>
					<colorMode>normal</colorMode>
				</LineStyle>
				<PolyStyle>
					<color>ff0055ff</color>
					<colorMode>normal</colorMode>
				</PolyStyle>
			</Style>
			<ExtendedData>
				<SchemaData schemaUrl="#S_pmagsitesupdated_SSSSSS">
					<SimpleData name="Lat">16.654°</SimpleData>
					<SimpleData name="Long">78.915°</SimpleData>
					<SimpleData name="Dec">35°</SimpleData>
					<SimpleData name="Inc">-39°</SimpleData>
					<SimpleData name="Age">2.082</SimpleData>
					<SimpleData name="Reference">Babu et al., 2018</SimpleData>
				</SchemaData>
			</ExtendedData>
			<Point>
				<coordinates>78.91500000000001,16.65399999999999,0</coordinates>
			</Point>
		</Placemark>
		<Placemark>
			<styleUrl>#pointStyleMap0</styleUrl>
			<Style id="inline">
				<IconStyle>
					<color>ff0055ff</color>
					<colorMode>normal</colorMode>
					<Icon>
						<href>http://maps.google.com/mapfiles/kml/shapes/placemark_square.png</href>
					</Icon>
				</IconStyle>
				<LineStyle>
					<color>ff0055ff</color>
					<colorMode>normal</colorMode>
				</LineStyle>
				<PolyStyle>
					<color>ff0055ff</color>
					<colorMode>normal</colorMode>
				</PolyStyle>
			</Style>
			<ExtendedData>
				<SchemaData schemaUrl="#S_pmagsitesupdated_SSSSSS">
					<SimpleData name="Lat">18.4°</SimpleData>
					<SimpleData name="Long">79.1°</SimpleData>
					<SimpleData name="Dec">67.5°</SimpleData>
					<SimpleData name="Inc">11.7°</SimpleData>
					<SimpleData name="Age">2.082</SimpleData>
					<SimpleData name="Reference">Subba-Rao and Radhakrisha-Murthy, 1985</SimpleData>
				</SchemaData>
			</ExtendedData>
			<Point>
				<coordinates>79.10000000000001,18.4,0</coordinates>
			</Point>
		</Placemark>
		<Placemark>
			<styleUrl>#pointStyleMap0</styleUrl>
			<Style id="inline">
				<IconStyle>
					<color>ff0055ff</color>
					<colorMode>normal</colorMode>
					<Icon>
						<href>http://maps.google.com/mapfiles/kml/shapes/placemark_square.png</href>
					</Icon>
				</IconStyle>
				<LineStyle>
					<color>ff0055ff</color>
					<colorMode>normal</colorMode>
				</LineStyle>
				<PolyStyle>
					<color>ff0055ff</color>
					<colorMode>normal</colorMode>
				</PolyStyle>
			</Style>
			<ExtendedData>
				<SchemaData schemaUrl="#S_pmagsitesupdated_SSSSSS">
					<SimpleData name="Lat">18.4°</SimpleData>
					<SimpleData name="Long">79.1°</SimpleData>
					<SimpleData name="Dec">39.6°</SimpleData>
					<SimpleData name="Inc">-24.6°</SimpleData>
					<SimpleData name="Age">2.082</SimpleData>
					<SimpleData name="Reference">Subba-Rao and Radhakrisha-Murthy, 1985</SimpleData>
				</SchemaData>
			</ExtendedData>
			<Point>
				<coordinates>79.10000000000001,18.4,0</coordinates>
			</Point>
		</Placemark>
		<Placemark>
			<styleUrl>#pointStyleMap0</styleUrl>
			<Style id="inline">
				<IconStyle>
					<color>ff0055ff</color>
					<colorMode>normal</colorMode>
					<Icon>
						<href>http://maps.google.com/mapfiles/kml/shapes/placemark_square.png</href>
					</Icon>
				</IconStyle>
				<LineStyle>
					<color>ff0055ff</color>
					<colorMode>normal</colorMode>
				</LineStyle>
				<PolyStyle>
					<color>ff0055ff</color>
					<colorMode>normal</colorMode>
				</PolyStyle>
			</Style>
			<ExtendedData>
				<SchemaData schemaUrl="#S_pmagsitesupdated_SSSSSS">
					<SimpleData name="Lat">16.654°</SimpleData>
					<SimpleData name="Long">78.914°</SimpleData>
					<SimpleData name="Dec">31°</SimpleData>
					<SimpleData name="Inc">-14°</SimpleData>
					<SimpleData name="Age">2.082</SimpleData>
					<SimpleData name="Reference">Miller et al., 2023</SimpleData>
				</SchemaData>
			</ExtendedData>
			<Point>
				<coordinates>78.914,16.65399999999999,0</coordinates>
			</Point>
		</Placemark>
		<Placemark>
			<styleUrl>#pointStyleMap0</styleUrl>
			<Style id="inline">
				<IconStyle>
					<color>ff0055ff</color>
					<colorMode>normal</colorMode>
					<Icon>
						<href>http://maps.google.com/mapfiles/kml/shapes/placemark_square.png</href>
					</Icon>
				</IconStyle>
				<LineStyle>
					<color>ff0055ff</color>
					<colorMode>normal</colorMode>
				</LineStyle>
				<PolyStyle>
					<color>ff0055ff</color>
					<colorMode>normal</colorMode>
				</PolyStyle>
			</Style>
			<ExtendedData>
				<SchemaData schemaUrl="#S_pmagsitesupdated_SSSSSS">
					<SimpleData name="Lat">16.644°</SimpleData>
					<SimpleData name="Long">78.901°</SimpleData>
					<SimpleData name="Dec">33°</SimpleData>
					<SimpleData name="Inc">-4°</SimpleData>
					<SimpleData name="Age">2.082</SimpleData>
					<SimpleData name="Reference">Miller et al., 2023</SimpleData>
				</SchemaData>
			</ExtendedData>
			<Point>
				<coordinates>78.90100000000002,16.64400000000001,0</coordinates>
			</Point>
		</Placemark>
		<Placemark>
			<styleUrl>#pointStyleMap0</styleUrl>
			<Style id="inline">
				<IconStyle>
					<color>ff0055ff</color>
					<colorMode>normal</colorMode>
					<Icon>
						<href>http://maps.google.com/mapfiles/kml/shapes/placemark_square.png</href>
					</Icon>
				</IconStyle>
				<LineStyle>
					<color>ff0055ff</color>
					<colorMode>normal</colorMode>
				</LineStyle>
				<PolyStyle>
					<color>ff0055ff</color>
					<colorMode>normal</colorMode>
				</PolyStyle>
			</Style>
			<ExtendedData>
				<SchemaData schemaUrl="#S_pmagsitesupdated_SSSSSS">
					<SimpleData name="Lat">16.645°</SimpleData>
					<SimpleData name="Long">78.902°</SimpleData>
					<SimpleData name="Dec">25°</SimpleData>
					<SimpleData name="Inc">33°</SimpleData>
					<SimpleData name="Age">2.082</SimpleData>
					<SimpleData name="Reference">Miller et al., 2023</SimpleData>
				</SchemaData>
			</ExtendedData>
			<Point>
				<coordinates>78.902,16.64500000000001,0</coordinates>
			</Point>
		</Placemark>
		<Placemark>
			<styleUrl>#pointStyleMap0</styleUrl>
			<Style id="inline">
				<IconStyle>
					<color>ff0055ff</color>
					<colorMode>normal</colorMode>
					<Icon>
						<href>http://maps.google.com/mapfiles/kml/shapes/placemark_square.png</href>
					</Icon>
				</IconStyle>
				<LineStyle>
					<color>ff0055ff</color>
					<colorMode>normal</colorMode>
				</LineStyle>
				<PolyStyle>
					<color>ff0055ff</color>
					<colorMode>normal</colorMode>
				</PolyStyle>
			</Style>
			<ExtendedData>
				<SchemaData schemaUrl="#S_pmagsitesupdated_SSSSSS">
					<SimpleData name="Lat">16.645°</SimpleData>
					<SimpleData name="Long">78.902°</SimpleData>
					<SimpleData name="Dec">28°</SimpleData>
					<SimpleData name="Inc">23°</SimpleData>
					<SimpleData name="Age">2.082</SimpleData>
					<SimpleData name="Reference">Miller et al., 2023</SimpleData>
				</SchemaData>
			</ExtendedData>
			<Point>
				<coordinates>78.902,16.64500000000001,0</coordinates>
			</Point>
		</Placemark>
		<Placemark>
			<styleUrl>#pointStyleMap0</styleUrl>
			<Style id="inline">
				<IconStyle>
					<color>ff0055ff</color>
					<colorMode>normal</colorMode>
					<Icon>
						<href>http://maps.google.com/mapfiles/kml/shapes/placemark_square.png</href>
					</Icon>
				</IconStyle>
				<LineStyle>
					<color>ff0055ff</color>
					<colorMode>normal</colorMode>
				</LineStyle>
				<PolyStyle>
					<color>ff0055ff</color>
					<colorMode>normal</colorMode>
				</PolyStyle>
			</Style>
			<ExtendedData>
				<SchemaData schemaUrl="#S_pmagsitesupdated_SSSSSS">
					<SimpleData name="Lat">16.547°</SimpleData>
					<SimpleData name="Long">78.890°</SimpleData>
					<SimpleData name="Dec">61°</SimpleData>
					<SimpleData name="Inc">-10°</SimpleData>
					<SimpleData name="Age">2.082</SimpleData>
					<SimpleData name="Reference">Miller et al., 2023</SimpleData>
				</SchemaData>
			</ExtendedData>
			<Point>
				<coordinates>78.89,16.54700000000001,0</coordinates>
			</Point>
		</Placemark>
		<Placemark>
			<styleUrl>#pointStyleMap0</styleUrl>
			<Style id="inline">
				<IconStyle>
					<color>ff0055ff</color>
					<colorMode>normal</colorMode>
					<Icon>
						<href>http://maps.google.com/mapfiles/kml/shapes/placemark_square.png</href>
					</Icon>
				</IconStyle>
				<LineStyle>
					<color>ff0055ff</color>
					<colorMode>normal</colorMode>
				</LineStyle>
				<PolyStyle>
					<color>ff0055ff</color>
					<colorMode>normal</colorMode>
				</PolyStyle>
			</Style>
			<ExtendedData>
				<SchemaData schemaUrl="#S_pmagsitesupdated_SSSSSS">
					<SimpleData name="Lat">16.648°</SimpleData>
					<SimpleData name="Long">78.904°</SimpleData>
					<SimpleData name="Dec">38°</SimpleData>
					<SimpleData name="Inc">-4°</SimpleData>
					<SimpleData name="Age">2.082</SimpleData>
					<SimpleData name="Reference">Miller et al., 2023</SimpleData>
				</SchemaData>
			</ExtendedData>
			<Point>
				<coordinates>78.90400000000001,16.64799999999999,0</coordinates>
			</Point>
		</Placemark>
		<Placemark>
			<styleUrl>#pointStyleMap0</styleUrl>
			<Style id="inline">
				<IconStyle>
					<color>ff0055ff</color>
					<colorMode>normal</colorMode>
					<Icon>
						<href>http://maps.google.com/mapfiles/kml/shapes/placemark_square.png</href>
					</Icon>
				</IconStyle>
				<LineStyle>
					<color>ff0055ff</color>
					<colorMode>normal</colorMode>
				</LineStyle>
				<PolyStyle>
					<color>ff0055ff</color>
					<colorMode>normal</colorMode>
				</PolyStyle>
			</Style>
			<ExtendedData>
				<SchemaData schemaUrl="#S_pmagsitesupdated_SSSSSS">
					<SimpleData name="Lat">16.648°</SimpleData>
					<SimpleData name="Long">78.904°</SimpleData>
					<SimpleData name="Dec">44°</SimpleData>
					<SimpleData name="Inc">-10°</SimpleData>
					<SimpleData name="Age">2.082</SimpleData>
					<SimpleData name="Reference">Miller et al., 2023</SimpleData>
				</SchemaData>
			</ExtendedData>
			<Point>
				<coordinates>78.90400000000001,16.64799999999999,0</coordinates>
			</Point>
		</Placemark>
		<Placemark>
			<styleUrl>#pointStyleMap0</styleUrl>
			<Style id="inline">
				<IconStyle>
					<color>ff0055ff</color>
					<colorMode>normal</colorMode>
					<Icon>
						<href>http://maps.google.com/mapfiles/kml/shapes/placemark_square.png</href>
					</Icon>
				</IconStyle>
				<LineStyle>
					<color>ff0055ff</color>
					<colorMode>normal</colorMode>
				</LineStyle>
				<PolyStyle>
					<color>ff0055ff</color>
					<colorMode>normal</colorMode>
				</PolyStyle>
			</Style>
			<ExtendedData>
				<SchemaData schemaUrl="#S_pmagsitesupdated_SSSSSS">
					<SimpleData name="Lat">17.4°</SimpleData>
					<SimpleData name="Long">78.4°</SimpleData>
					<SimpleData name="Dec">44°</SimpleData>
					<SimpleData name="Inc">-3°</SimpleData>
					<SimpleData name="Age">2.082</SimpleData>
					<SimpleData name="Reference">Hargraves and Bhalla, 1983</SimpleData>
				</SchemaData>
			</ExtendedData>
			<Point>
				<coordinates>78.39999999999999,17.4,0</coordinates>
			</Point>
		</Placemark>
		<Placemark>
			<styleUrl>#pointStyleMap0</styleUrl>
			<Style id="inline">
				<IconStyle>
					<color>ff0055ff</color>
					<colorMode>normal</colorMode>
					<Icon>
						<href>http://maps.google.com/mapfiles/kml/shapes/placemark_square.png</href>
					</Icon>
				</IconStyle>
				<LineStyle>
					<color>ff0055ff</color>
					<colorMode>normal</colorMode>
				</LineStyle>
				<PolyStyle>
					<color>ff0055ff</color>
					<colorMode>normal</colorMode>
				</PolyStyle>
			</Style>
			<ExtendedData>
				<SchemaData schemaUrl="#S_pmagsitesupdated_SSSSSS">
					<SimpleData name="Lat">17.5°</SimpleData>
					<SimpleData name="Long">78.5°</SimpleData>
					<SimpleData name="Dec">32°</SimpleData>
					<SimpleData name="Inc">-16°</SimpleData>
					<SimpleData name="Age">2.082</SimpleData>
					<SimpleData name="Reference">Hargraves and Bhalla, 1983</SimpleData>
				</SchemaData>
			</ExtendedData>
			<Point>
				<coordinates>78.5,17.50000000000002,0</coordinates>
			</Point>
		</Placemark>
		<Placemark>
			<styleUrl>#pointStyleMap0</styleUrl>
			<Style id="inline">
				<IconStyle>
					<color>ff0055ff</color>
					<colorMode>normal</colorMode>
					<Icon>
						<href>http://maps.google.com/mapfiles/kml/shapes/placemark_square.png</href>
					</Icon>
				</IconStyle>
				<LineStyle>
					<color>ff0055ff</color>
					<colorMode>normal</colorMode>
				</LineStyle>
				<PolyStyle>
					<color>ff0055ff</color>
					<colorMode>normal</colorMode>
				</PolyStyle>
			</Style>
			<ExtendedData>
				<SchemaData schemaUrl="#S_pmagsitesupdated_SSSSSS">
					<SimpleData name="Lat">13.0°</SimpleData>
					<SimpleData name="Long">78.0°</SimpleData>
					<SimpleData name="Dec">37°</SimpleData>
					<SimpleData name="Inc">-18°</SimpleData>
					<SimpleData name="Age">2.082</SimpleData>
					<SimpleData name="Reference">Hargraves and Bhalla, 1983</SimpleData>
				</SchemaData>
			</ExtendedData>
			<Point>
				<coordinates>78,12.99999999999999,0</coordinates>
			</Point>
		</Placemark>
		<Placemark>
			<styleUrl>#pointStyleMap0</styleUrl>
			<Style id="inline">
				<IconStyle>
					<color>ff0055ff</color>
					<colorMode>normal</colorMode>
					<Icon>
						<href>http://maps.google.com/mapfiles/kml/shapes/placemark_square.png</href>
					</Icon>
				</IconStyle>
				<LineStyle>
					<color>ff0055ff</color>
					<colorMode>normal</colorMode>
				</LineStyle>
				<PolyStyle>
					<color>ff0055ff</color>
					<colorMode>normal</colorMode>
				</PolyStyle>
			</Style>
			<ExtendedData>
				<SchemaData schemaUrl="#S_pmagsitesupdated_SSSSSS">
					<SimpleData name="Lat">12.3°</SimpleData>
					<SimpleData name="Long">76.3°</SimpleData>
					<SimpleData name="Dec">220°</SimpleData>
					<SimpleData name="Inc">-3°</SimpleData>
					<SimpleData name="Age">2.082</SimpleData>
					<SimpleData name="Reference">Hargraves and Bhalla, 1983</SimpleData>
				</SchemaData>
			</ExtendedData>
			<Point>
				<coordinates>76.30000000000001,12.3,0</coordinates>
			</Point>
		</Placemark>
		<Placemark>
			<styleUrl>#pointStyleMap0</styleUrl>
			<Style id="inline">
				<IconStyle>
					<color>ff0055ff</color>
					<colorMode>normal</colorMode>
					<Icon>
						<href>http://maps.google.com/mapfiles/kml/shapes/placemark_square.png</href>
					</Icon>
				</IconStyle>
				<LineStyle>
					<color>ff0055ff</color>
					<colorMode>normal</colorMode>
				</LineStyle>
				<PolyStyle>
					<color>ff0055ff</color>
					<colorMode>normal</colorMode>
				</PolyStyle>
			</Style>
			<ExtendedData>
				<SchemaData schemaUrl="#S_pmagsitesupdated_SSSSSS">
					<SimpleData name="Lat">18.4°</SimpleData>
					<SimpleData name="Long">79.1°</SimpleData>
					<SimpleData name="Dec">40°</SimpleData>
					<SimpleData name="Inc">-25°</SimpleData>
					<SimpleData name="Age">2.082</SimpleData>
					<SimpleData name="Reference">Hargraves and Bhalla, 1983</SimpleData>
				</SchemaData>
			</ExtendedData>
			<Point>
				<coordinates>79.10000000000001,18.4,0</coordinates>
			</Point>
		</Placemark>
		<Placemark>
			<styleUrl>#pointStyleMap0</styleUrl>
			<Style id="inline">
				<IconStyle>
					<color>ff0055ff</color>
					<colorMode>normal</colorMode>
					<Icon>
						<href>http://maps.google.com/mapfiles/kml/shapes/placemark_square.png</href>
					</Icon>
				</IconStyle>
				<LineStyle>
					<color>ff0055ff</color>
					<colorMode>normal</colorMode>
				</LineStyle>
				<PolyStyle>
					<color>ff0055ff</color>
					<colorMode>normal</colorMode>
				</PolyStyle>
			</Style>
			<ExtendedData>
				<SchemaData schemaUrl="#S_pmagsitesupdated_SSSSSS">
					<SimpleData name="Lat">18.4°</SimpleData>
					<SimpleData name="Long">79.1°</SimpleData>
					<SimpleData name="Dec">68°</SimpleData>
					<SimpleData name="Inc">12°</SimpleData>
					<SimpleData name="Age">2.082</SimpleData>
					<SimpleData name="Reference">Hargraves and Bhalla, 1983</SimpleData>
				</SchemaData>
			</ExtendedData>
			<Point>
				<coordinates>79.10000000000001,18.4,0</coordinates>
			</Point>
		</Placemark>
		<Placemark>
			<styleUrl>#pointStyleMap0</styleUrl>
			<Style id="inline">
				<IconStyle>
					<color>ff0055ff</color>
					<colorMode>normal</colorMode>
					<Icon>
						<href>http://maps.google.com/mapfiles/kml/shapes/placemark_square.png</href>
					</Icon>
				</IconStyle>
				<LineStyle>
					<color>ff0055ff</color>
					<colorMode>normal</colorMode>
				</LineStyle>
				<PolyStyle>
					<color>ff0055ff</color>
					<colorMode>normal</colorMode>
				</PolyStyle>
			</Style>
			<ExtendedData>
				<SchemaData schemaUrl="#S_pmagsitesupdated_SSSSSS">
					<SimpleData name="Lat">18.6°</SimpleData>
					<SimpleData name="Long">79.3°</SimpleData>
					<SimpleData name="Dec">42.3°</SimpleData>
					<SimpleData name="Inc">-19.1°</SimpleData>
					<SimpleData name="Age">2.082</SimpleData>
					<SimpleData name="Reference">Rao et al., 1990</SimpleData>
				</SchemaData>
			</ExtendedData>
			<Point>
				<coordinates>79.30000000000001,18.59999999999999,0</coordinates>
			</Point>
		</Placemark>
		<Placemark>
			<styleUrl>#pointStyleMap0</styleUrl>
			<Style id="inline">
				<IconStyle>
					<color>ff0055ff</color>
					<colorMode>normal</colorMode>
					<Icon>
						<href>http://maps.google.com/mapfiles/kml/shapes/placemark_square.png</href>
					</Icon>
				</IconStyle>
				<LineStyle>
					<color>ff0055ff</color>
					<colorMode>normal</colorMode>
				</LineStyle>
				<PolyStyle>
					<color>ff0055ff</color>
					<colorMode>normal</colorMode>
				</PolyStyle>
			</Style>
			<ExtendedData>
				<SchemaData schemaUrl="#S_pmagsitesupdated_SSSSSS">
					<SimpleData name="Lat">18.6°</SimpleData>
					<SimpleData name="Long">79.3°</SimpleData>
					<SimpleData name="Dec">55.8°</SimpleData>
					<SimpleData name="Inc">-20.1°</SimpleData>
					<SimpleData name="Age">2.082</SimpleData>
					<SimpleData name="Reference">Rao et al., 1990</SimpleData>
				</SchemaData>
			</ExtendedData>
			<Point>
				<coordinates>79.30000000000001,18.59999999999999,0</coordinates>
			</Point>
		</Placemark>
		<Placemark>
			<styleUrl>#pointStyleMap0</styleUrl>
			<Style id="inline">
				<IconStyle>
					<color>ff0055ff</color>
					<colorMode>normal</colorMode>
					<Icon>
						<href>http://maps.google.com/mapfiles/kml/shapes/placemark_square.png</href>
					</Icon>
				</IconStyle>
				<LineStyle>
					<color>ff0055ff</color>
					<colorMode>normal</colorMode>
				</LineStyle>
				<PolyStyle>
					<color>ff0055ff</color>
					<colorMode>normal</colorMode>
				</PolyStyle>
			</Style>
			<ExtendedData>
				<SchemaData schemaUrl="#S_pmagsitesupdated_SSSSSS">
					<SimpleData name="Lat">18.6°</SimpleData>
					<SimpleData name="Long">79.3°</SimpleData>
					<SimpleData name="Dec">50.6°</SimpleData>
					<SimpleData name="Inc">-17.9°</SimpleData>
					<SimpleData name="Age">2.082</SimpleData>
					<SimpleData name="Reference">Rao et al., 1990</SimpleData>
				</SchemaData>
			</ExtendedData>
			<Point>
				<coordinates>79.30000000000001,18.59999999999999,0</coordinates>
			</Point>
		</Placemark>
		<Placemark>
			<styleUrl>#pointStyleMap0</styleUrl>
			<Style id="inline">
				<IconStyle>
					<color>ff0055ff</color>
					<colorMode>normal</colorMode>
					<Icon>
						<href>http://maps.google.com/mapfiles/kml/shapes/placemark_square.png</href>
					</Icon>
				</IconStyle>
				<LineStyle>
					<color>ff0055ff</color>
					<colorMode>normal</colorMode>
				</LineStyle>
				<PolyStyle>
					<color>ff0055ff</color>
					<colorMode>normal</colorMode>
				</PolyStyle>
			</Style>
			<ExtendedData>
				<SchemaData schemaUrl="#S_pmagsitesupdated_SSSSSS">
					<SimpleData name="Lat">18.6</SimpleData>
					<SimpleData name="Long">79.3</SimpleData>
					<SimpleData name="Dec">61.8</SimpleData>
					<SimpleData name="Inc">-44.5</SimpleData>
					<SimpleData name="Age">2.082</SimpleData>
					<SimpleData name="Reference">Rao et al., 1990</SimpleData>
				</SchemaData>
			</ExtendedData>
			<Point>
				<coordinates>79.30000000000001,18.59999999999999,0</coordinates>
			</Point>
		</Placemark>
		<Placemark>
			<styleUrl>#pointStyleMap0</styleUrl>
			<Style id="inline">
				<IconStyle>
					<color>ff0055ff</color>
					<colorMode>normal</colorMode>
					<Icon>
						<href>http://maps.google.com/mapfiles/kml/shapes/placemark_square.png</href>
					</Icon>
				</IconStyle>
				<LineStyle>
					<color>ff0055ff</color>
					<colorMode>normal</colorMode>
				</LineStyle>
				<PolyStyle>
					<color>ff0055ff</color>
					<colorMode>normal</colorMode>
				</PolyStyle>
			</Style>
			<ExtendedData>
				<SchemaData schemaUrl="#S_pmagsitesupdated_SSSSSS">
					<SimpleData name="Lat">18.6</SimpleData>
					<SimpleData name="Long">79.3</SimpleData>
					<SimpleData name="Dec">70.8</SimpleData>
					<SimpleData name="Inc">-21.4</SimpleData>
					<SimpleData name="Age">2.082</SimpleData>
					<SimpleData name="Reference">Rao et al., 1990</SimpleData>
				</SchemaData>
			</ExtendedData>
			<Point>
				<coordinates>79.30000000000001,18.59999999999999,0</coordinates>
			</Point>
		</Placemark>
		<Placemark>
			<styleUrl>#pointStyleMap0</styleUrl>
			<Style id="inline">
				<IconStyle>
					<color>ff0055ff</color>
					<colorMode>normal</colorMode>
					<Icon>
						<href>http://maps.google.com/mapfiles/kml/shapes/placemark_square.png</href>
					</Icon>
				</IconStyle>
				<LineStyle>
					<color>ff0055ff</color>
					<colorMode>normal</colorMode>
				</LineStyle>
				<PolyStyle>
					<color>ff0055ff</color>
					<colorMode>normal</colorMode>
				</PolyStyle>
			</Style>
			<ExtendedData>
				<SchemaData schemaUrl="#S_pmagsitesupdated_SSSSSS">
					<SimpleData name="Lat">18.6</SimpleData>
					<SimpleData name="Long">79.3</SimpleData>
					<SimpleData name="Dec">65.6</SimpleData>
					<SimpleData name="Inc">-17.7</SimpleData>
					<SimpleData name="Age">2.082</SimpleData>
					<SimpleData name="Reference">Rao et al., 1990</SimpleData>
				</SchemaData>
			</ExtendedData>
			<Point>
				<coordinates>79.30000000000001,18.59999999999999,0</coordinates>
			</Point>
		</Placemark>
		<Placemark>
			<styleUrl>#pointStyleMap0</styleUrl>
			<Style id="inline">
				<IconStyle>
					<color>ff0055ff</color>
					<colorMode>normal</colorMode>
					<Icon>
						<href>http://maps.google.com/mapfiles/kml/shapes/placemark_square.png</href>
					</Icon>
				</IconStyle>
				<LineStyle>
					<color>ff0055ff</color>
					<colorMode>normal</colorMode>
				</LineStyle>
				<PolyStyle>
					<color>ff0055ff</color>
					<colorMode>normal</colorMode>
				</PolyStyle>
			</Style>
			<ExtendedData>
				<SchemaData schemaUrl="#S_pmagsitesupdated_SSSSSS">
					<SimpleData name="Lat">18.6°</SimpleData>
					<SimpleData name="Long">79.3°</SimpleData>
					<SimpleData name="Dec">32°</SimpleData>
					<SimpleData name="Inc">-21°</SimpleData>
					<SimpleData name="Age">2.082</SimpleData>
					<SimpleData name="Reference">Rao et al., 1990</SimpleData>
				</SchemaData>
			</ExtendedData>
			<Point>
				<coordinates>79.30000000000001,18.59999999999999,0</coordinates>
			</Point>
		</Placemark>
		<Placemark>
			<styleUrl>#pointStyleMap0</styleUrl>
			<Style id="inline">
				<IconStyle>
					<color>ff0055ff</color>
					<colorMode>normal</colorMode>
					<Icon>
						<href>http://maps.google.com/mapfiles/kml/shapes/placemark_square.png</href>
					</Icon>
				</IconStyle>
				<LineStyle>
					<color>ff0055ff</color>
					<colorMode>normal</colorMode>
				</LineStyle>
				<PolyStyle>
					<color>ff0055ff</color>
					<colorMode>normal</colorMode>
				</PolyStyle>
			</Style>
			<ExtendedData>
				<SchemaData schemaUrl="#S_pmagsitesupdated_SSSSSS">
					<SimpleData name="Lat">18.6°</SimpleData>
					<SimpleData name="Long">79.3°</SimpleData>
					<SimpleData name="Dec">37.9°</SimpleData>
					<SimpleData name="Inc">-17.8°</SimpleData>
					<SimpleData name="Age">2.082</SimpleData>
					<SimpleData name="Reference">Rao et al., 1990</SimpleData>
				</SchemaData>
			</ExtendedData>
			<Point>
				<coordinates>79.30000000000001,18.59999999999999,0</coordinates>
			</Point>
		</Placemark>
		<Placemark>
			<styleUrl>#pointStyleMap0</styleUrl>
			<Style id="inline">
				<IconStyle>
					<color>ff0055ff</color>
					<colorMode>normal</colorMode>
					<Icon>
						<href>http://maps.google.com/mapfiles/kml/shapes/placemark_square.png</href>
					</Icon>
				</IconStyle>
				<LineStyle>
					<color>ff0055ff</color>
					<colorMode>normal</colorMode>
				</LineStyle>
				<PolyStyle>
					<color>ff0055ff</color>
					<colorMode>normal</colorMode>
				</PolyStyle>
			</Style>
			<ExtendedData>
				<SchemaData schemaUrl="#S_pmagsitesupdated_SSSSSS">
					<SimpleData name="Lat">18.6°</SimpleData>
					<SimpleData name="Long">79.3°</SimpleData>
					<SimpleData name="Dec">86.2°</SimpleData>
					<SimpleData name="Inc">-34.9°</SimpleData>
					<SimpleData name="Age">2.082</SimpleData>
					<SimpleData name="Reference">Rao et al., 1990</SimpleData>
				</SchemaData>
			</ExtendedData>
			<Point>
				<coordinates>79.30000000000001,18.59999999999999,0</coordinates>
			</Point>
		</Placemark>
		<Placemark>
			<styleUrl>#pointStyleMap0</styleUrl>
			<Style id="inline">
				<IconStyle>
					<color>ff0055ff</color>
					<colorMode>normal</colorMode>
					<Icon>
						<href>http://maps.google.com/mapfiles/kml/shapes/placemark_square.png</href>
					</Icon>
				</IconStyle>
				<LineStyle>
					<color>ff0055ff</color>
					<colorMode>normal</colorMode>
				</LineStyle>
				<PolyStyle>
					<color>ff0055ff</color>
					<colorMode>normal</colorMode>
				</PolyStyle>
			</Style>
			<ExtendedData>
				<SchemaData schemaUrl="#S_pmagsitesupdated_SSSSSS">
					<SimpleData name="Lat">18.6</SimpleData>
					<SimpleData name="Long">79.3</SimpleData>
					<SimpleData name="Dec">53.5</SimpleData>
					<SimpleData name="Inc">-37.2</SimpleData>
					<SimpleData name="Age">2.082</SimpleData>
					<SimpleData name="Reference">Rao et al., 1990</SimpleData>
				</SchemaData>
			</ExtendedData>
			<Point>
				<coordinates>79.30000000000001,18.59999999999999,0</coordinates>
			</Point>
		</Placemark>
		<Placemark>
			<styleUrl>#pointStyleMap0</styleUrl>
			<Style id="inline">
				<IconStyle>
					<color>ff0055ff</color>
					<colorMode>normal</colorMode>
					<Icon>
						<href>http://maps.google.com/mapfiles/kml/shapes/placemark_square.png</href>
					</Icon>
				</IconStyle>
				<LineStyle>
					<color>ff0055ff</color>
					<colorMode>normal</colorMode>
				</LineStyle>
				<PolyStyle>
					<color>ff0055ff</color>
					<colorMode>normal</colorMode>
				</PolyStyle>
			</Style>
			<ExtendedData>
				<SchemaData schemaUrl="#S_pmagsitesupdated_SSSSSS">
					<SimpleData name="Lat">18.6°</SimpleData>
					<SimpleData name="Long">79.3°</SimpleData>
					<SimpleData name="Dec">43.9°</SimpleData>
					<SimpleData name="Inc">19.5°</SimpleData>
					<SimpleData name="Age">2.082</SimpleData>
					<SimpleData name="Reference">Rao et al., 1990</SimpleData>
				</SchemaData>
			</ExtendedData>
			<Point>
				<coordinates>79.30000000000001,18.59999999999999,0</coordinates>
			</Point>
		</Placemark>
		<Placemark>
			<styleUrl>#pointStyleMap0</styleUrl>
			<Style id="inline">
				<IconStyle>
					<color>ff0055ff</color>
					<colorMode>normal</colorMode>
					<Icon>
						<href>http://maps.google.com/mapfiles/kml/shapes/placemark_square.png</href>
					</Icon>
				</IconStyle>
				<LineStyle>
					<color>ff0055ff</color>
					<colorMode>normal</colorMode>
				</LineStyle>
				<PolyStyle>
					<color>ff0055ff</color>
					<colorMode>normal</colorMode>
				</PolyStyle>
			</Style>
			<ExtendedData>
				<SchemaData schemaUrl="#S_pmagsitesupdated_SSSSSS">
					<SimpleData name="Lat">18.6°</SimpleData>
					<SimpleData name="Long">79.3°</SimpleData>
					<SimpleData name="Dec">37.1°</SimpleData>
					<SimpleData name="Inc">-24.9°</SimpleData>
					<SimpleData name="Age">2.082</SimpleData>
					<SimpleData name="Reference">Rao et al., 1990</SimpleData>
				</SchemaData>
			</ExtendedData>
			<Point>
				<coordinates>79.30000000000001,18.59999999999999,0</coordinates>
			</Point>
		</Placemark>
		<Placemark>
			<styleUrl>#pointStyleMap0</styleUrl>
			<Style id="inline">
				<IconStyle>
					<color>ff0055ff</color>
					<colorMode>normal</colorMode>
					<Icon>
						<href>http://maps.google.com/mapfiles/kml/shapes/placemark_square.png</href>
					</Icon>
				</IconStyle>
				<LineStyle>
					<color>ff0055ff</color>
					<colorMode>normal</colorMode>
				</LineStyle>
				<PolyStyle>
					<color>ff0055ff</color>
					<colorMode>normal</colorMode>
				</PolyStyle>
			</Style>
			<ExtendedData>
				<SchemaData schemaUrl="#S_pmagsitesupdated_SSSSSS">
					<SimpleData name="Lat">25.383°</SimpleData>
					<SimpleData name="Long">78.536°</SimpleData>
					<SimpleData name="Dec">141°</SimpleData>
					<SimpleData name="Inc">-0.9°</SimpleData>
					<SimpleData name="Age">1.98</SimpleData>
					<SimpleData name="Reference">Pradhan et al., 2012</SimpleData>
				</SchemaData>
			</ExtendedData>
			<Point>
				<coordinates>78.536,25.38300000000002,0</coordinates>
			</Point>
		</Placemark>
		<Placemark>
			<styleUrl>#pointStyleMap0</styleUrl>
			<Style id="inline">
				<IconStyle>
					<color>ff0055ff</color>
					<colorMode>normal</colorMode>
					<Icon>
						<href>http://maps.google.com/mapfiles/kml/shapes/placemark_square.png</href>
					</Icon>
				</IconStyle>
				<LineStyle>
					<color>ff0055ff</color>
					<colorMode>normal</colorMode>
				</LineStyle>
				<PolyStyle>
					<color>ff0055ff</color>
					<colorMode>normal</colorMode>
				</PolyStyle>
			</Style>
			<ExtendedData>
				<SchemaData schemaUrl="#S_pmagsitesupdated_SSSSSS">
					<SimpleData name="Lat">25.425°</SimpleData>
					<SimpleData name="Long">78.672°</SimpleData>
					<SimpleData name="Dec">140.5</SimpleData>
					<SimpleData name="Inc">7.5</SimpleData>
					<SimpleData name="Age">1.98</SimpleData>
					<SimpleData name="Reference">Pradhan et al., 2012</SimpleData>
				</SchemaData>
			</ExtendedData>
			<Point>
				<coordinates>78.67200000000001,25.42500000000002,0</coordinates>
			</Point>
		</Placemark>
		<Placemark>
			<styleUrl>#pointStyleMap0</styleUrl>
			<Style id="inline">
				<IconStyle>
					<color>ff0055ff</color>
					<colorMode>normal</colorMode>
					<Icon>
						<href>http://maps.google.com/mapfiles/kml/shapes/placemark_square.png</href>
					</Icon>
				</IconStyle>
				<LineStyle>
					<color>ff0055ff</color>
					<colorMode>normal</colorMode>
				</LineStyle>
				<PolyStyle>
					<color>ff0055ff</color>
					<colorMode>normal</colorMode>
				</PolyStyle>
			</Style>
			<ExtendedData>
				<SchemaData schemaUrl="#S_pmagsitesupdated_SSSSSS">
					<SimpleData name="Lat">25.408°</SimpleData>
					<SimpleData name="Long">78.669°</SimpleData>
					<SimpleData name="Dec">171°</SimpleData>
					<SimpleData name="Inc">-14.8°</SimpleData>
					<SimpleData name="Age">1.98</SimpleData>
					<SimpleData name="Reference">Pradhan et al., 2012</SimpleData>
				</SchemaData>
			</ExtendedData>
			<Point>
				<coordinates>78.66899999999998,25.40800000000003,0</coordinates>
			</Point>
		</Placemark>
		<Placemark>
			<styleUrl>#pointStyleMap0</styleUrl>
			<Style id="inline">
				<IconStyle>
					<color>ff0055ff</color>
					<colorMode>normal</colorMode>
					<Icon>
						<href>http://maps.google.com/mapfiles/kml/shapes/placemark_square.png</href>
					</Icon>
				</IconStyle>
				<LineStyle>
					<color>ff0055ff</color>
					<colorMode>normal</colorMode>
				</LineStyle>
				<PolyStyle>
					<color>ff0055ff</color>
					<colorMode>normal</colorMode>
				</PolyStyle>
			</Style>
			<ExtendedData>
				<SchemaData schemaUrl="#S_pmagsitesupdated_SSSSSS">
					<SimpleData name="Lat">25.147°</SimpleData>
					<SimpleData name="Long">80.05°</SimpleData>
					<SimpleData name="Dec">156.5°</SimpleData>
					<SimpleData name="Inc">-17.3°</SimpleData>
					<SimpleData name="Age">1.98</SimpleData>
					<SimpleData name="Reference">Pradhan et al., 2012</SimpleData>
				</SchemaData>
			</ExtendedData>
			<Point>
				<coordinates>80.05,25.14699999999999,0</coordinates>
			</Point>
		</Placemark>
		<Placemark>
			<styleUrl>#pointStyleMap0</styleUrl>
			<Style id="inline">
				<IconStyle>
					<color>ff0055ff</color>
					<colorMode>normal</colorMode>
					<Icon>
						<href>http://maps.google.com/mapfiles/kml/shapes/placemark_square.png</href>
					</Icon>
				</IconStyle>
				<LineStyle>
					<color>ff0055ff</color>
					<colorMode>normal</colorMode>
				</LineStyle>
				<PolyStyle>
					<color>ff0055ff</color>
					<colorMode>normal</colorMode>
				</PolyStyle>
			</Style>
			<ExtendedData>
				<SchemaData schemaUrl="#S_pmagsitesupdated_SSSSSS">
					<SimpleData name="Lat">24.935°</SimpleData>
					<SimpleData name="Long">79.902°</SimpleData>
					<SimpleData name="Dec">149°</SimpleData>
					<SimpleData name="Inc">-21°</SimpleData>
					<SimpleData name="Age">1.98</SimpleData>
					<SimpleData name="Reference">Pradhan et al., 2012</SimpleData>
				</SchemaData>
			</ExtendedData>
			<Point>
				<coordinates>79.90199999999999,24.93500000000001,0</coordinates>
			</Point>
		</Placemark>
		<Placemark>
			<styleUrl>#pointStyleMap0</styleUrl>
			<Style id="inline">
				<IconStyle>
					<color>ff0055ff</color>
					<colorMode>normal</colorMode>
					<Icon>
						<href>http://maps.google.com/mapfiles/kml/shapes/placemark_square.png</href>
					</Icon>
				</IconStyle>
				<LineStyle>
					<color>ff0055ff</color>
					<colorMode>normal</colorMode>
				</LineStyle>
				<PolyStyle>
					<color>ff0055ff</color>
					<colorMode>normal</colorMode>
				</PolyStyle>
			</Style>
			<ExtendedData>
				<SchemaData schemaUrl="#S_pmagsitesupdated_SSSSSS">
					<SimpleData name="Lat">24.946°</SimpleData>
					<SimpleData name="Long">79.911°</SimpleData>
					<SimpleData name="Dec">151.3°</SimpleData>
					<SimpleData name="Inc">-19.5°</SimpleData>
					<SimpleData name="Age">1.98</SimpleData>
					<SimpleData name="Reference">Pradhan et al., 2012</SimpleData>
				</SchemaData>
			</ExtendedData>
			<Point>
				<coordinates>79.91100000000002,24.946,0</coordinates>
			</Point>
		</Placemark>
		<Placemark>
			<styleUrl>#pointStyleMap0</styleUrl>
			<Style id="inline">
				<IconStyle>
					<color>ff0055ff</color>
					<colorMode>normal</colorMode>
					<Icon>
						<href>http://maps.google.com/mapfiles/kml/shapes/placemark_square.png</href>
					</Icon>
				</IconStyle>
				<LineStyle>
					<color>ff0055ff</color>
					<colorMode>normal</colorMode>
				</LineStyle>
				<PolyStyle>
					<color>ff0055ff</color>
					<colorMode>normal</colorMode>
				</PolyStyle>
			</Style>
			<ExtendedData>
				<SchemaData schemaUrl="#S_pmagsitesupdated_SSSSSS">
					<SimpleData name="Lat">25.017°</SimpleData>
					<SimpleData name="Long">80.475°</SimpleData>
					<SimpleData name="Dec">167.5°</SimpleData>
					<SimpleData name="Inc">-15.9°</SimpleData>
					<SimpleData name="Age">1.98</SimpleData>
					<SimpleData name="Reference">Pradhan et al., 2012</SimpleData>
				</SchemaData>
			</ExtendedData>
			<Point>
				<coordinates>80.47500000000002,25.01699999999998,0</coordinates>
			</Point>
		</Placemark>
		<Placemark>
			<styleUrl>#pointStyleMap0</styleUrl>
			<Style id="inline">
				<IconStyle>
					<color>ff0055ff</color>
					<colorMode>normal</colorMode>
					<Icon>
						<href>http://maps.google.com/mapfiles/kml/shapes/placemark_square.png</href>
					</Icon>
				</IconStyle>
				<LineStyle>
					<color>ff0055ff</color>
					<colorMode>normal</colorMode>
				</LineStyle>
				<PolyStyle>
					<color>ff0055ff</color>
					<colorMode>normal</colorMode>
				</PolyStyle>
			</Style>
			<ExtendedData>
				<SchemaData schemaUrl="#S_pmagsitesupdated_SSSSSS">
					<SimpleData name="Lat">25.192°</SimpleData>
					<SimpleData name="Long">80.464°</SimpleData>
					<SimpleData name="Dec">168.2°</SimpleData>
					<SimpleData name="Inc">-10.3°</SimpleData>
					<SimpleData name="Age">1.98</SimpleData>
					<SimpleData name="Reference">Pradhan et al., 2012</SimpleData>
				</SchemaData>
			</ExtendedData>
			<Point>
				<coordinates>80.464,25.19200000000001,0</coordinates>
			</Point>
		</Placemark>
		<Placemark>
			<styleUrl>#pointStyleMap0</styleUrl>
			<Style id="inline">
				<IconStyle>
					<color>ff0055ff</color>
					<colorMode>normal</colorMode>
					<Icon>
						<href>http://maps.google.com/mapfiles/kml/shapes/placemark_square.png</href>
					</Icon>
				</IconStyle>
				<LineStyle>
					<color>ff0055ff</color>
					<colorMode>normal</colorMode>
				</LineStyle>
				<PolyStyle>
					<color>ff0055ff</color>
					<colorMode>normal</colorMode>
				</PolyStyle>
			</Style>
			<ExtendedData>
				<SchemaData schemaUrl="#S_pmagsitesupdated_SSSSSS">
					<SimpleData name="Lat">25.189°</SimpleData>
					<SimpleData name="Long">80.469°</SimpleData>
					<SimpleData name="Dec">164°</SimpleData>
					<SimpleData name="Inc">-13.2°</SimpleData>
					<SimpleData name="Age">1.98</SimpleData>
					<SimpleData name="Reference">Pradhan et al., 2012</SimpleData>
				</SchemaData>
			</ExtendedData>
			<Point>
				<coordinates>80.46899999999999,25.18899999999999,0</coordinates>
			</Point>
		</Placemark>
		<Placemark>
			<styleUrl>#pointStyleMap0</styleUrl>
			<Style id="inline">
				<IconStyle>
					<color>ff0055ff</color>
					<colorMode>normal</colorMode>
					<Icon>
						<href>http://maps.google.com/mapfiles/kml/shapes/placemark_square.png</href>
					</Icon>
				</IconStyle>
				<LineStyle>
					<color>ff0055ff</color>
					<colorMode>normal</colorMode>
				</LineStyle>
				<PolyStyle>
					<color>ff0055ff</color>
					<colorMode>normal</colorMode>
				</PolyStyle>
			</Style>
			<ExtendedData>
				<SchemaData schemaUrl="#S_pmagsitesupdated_SSSSSS">
					<SimpleData name="Lat">25.286°</SimpleData>
					<SimpleData name="Long">79.919°</SimpleData>
					<SimpleData name="Dec">152.9°</SimpleData>
					<SimpleData name="Inc">-8.8°</SimpleData>
					<SimpleData name="Age">1.98</SimpleData>
					<SimpleData name="Reference">Pradhan et al., 2012</SimpleData>
				</SchemaData>
			</ExtendedData>
			<Point>
				<coordinates>79.91899999999998,25.28599999999999,0</coordinates>
			</Point>
		</Placemark>
		<Placemark>
			<styleUrl>#pointStyleMap0</styleUrl>
			<Style id="inline">
				<IconStyle>
					<color>ff0055ff</color>
					<colorMode>normal</colorMode>
					<Icon>
						<href>http://maps.google.com/mapfiles/kml/shapes/placemark_square.png</href>
					</Icon>
				</IconStyle>
				<LineStyle>
					<color>ff0055ff</color>
					<colorMode>normal</colorMode>
				</LineStyle>
				<PolyStyle>
					<color>ff0055ff</color>
					<colorMode>normal</colorMode>
				</PolyStyle>
			</Style>
			<ExtendedData>
				<SchemaData schemaUrl="#S_pmagsitesupdated_SSSSSS">
					<SimpleData name="Lat">24.95°</SimpleData>
					<SimpleData name="Long">79.91°</SimpleData>
					<SimpleData name="Dec">160°</SimpleData>
					<SimpleData name="Inc">-20°</SimpleData>
					<SimpleData name="Age">1.98</SimpleData>
					<SimpleData name="Reference">Radhakrishna et al., 2013a</SimpleData>
				</SchemaData>
			</ExtendedData>
			<Point>
				<coordinates>79.90999999999997,24.94999999999998,0</coordinates>
			</Point>
		</Placemark>
		<Placemark>
			<styleUrl>#pointStyleMap0</styleUrl>
			<Style id="inline">
				<IconStyle>
					<color>ff0055ff</color>
					<colorMode>normal</colorMode>
					<Icon>
						<href>http://maps.google.com/mapfiles/kml/shapes/placemark_square.png</href>
					</Icon>
				</IconStyle>
				<LineStyle>
					<color>ff0055ff</color>
					<colorMode>normal</colorMode>
				</LineStyle>
				<PolyStyle>
					<color>ff0055ff</color>
					<colorMode>normal</colorMode>
				</PolyStyle>
			</Style>
			<ExtendedData>
				<SchemaData schemaUrl="#S_pmagsitesupdated_SSSSSS">
					<SimpleData name="Lat">24.84°</SimpleData>
					<SimpleData name="Long">79.97°</SimpleData>
					<SimpleData name="Dec">160°</SimpleData>
					<SimpleData name="Inc">26°</SimpleData>
					<SimpleData name="Age">1.98</SimpleData>
					<SimpleData name="Reference">Radhakrishna et al., 2013a</SimpleData>
				</SchemaData>
			</ExtendedData>
			<Point>
				<coordinates>79.97000000000004,24.84000000000002,0</coordinates>
			</Point>
		</Placemark>
		<Placemark>
			<styleUrl>#pointStyleMap0</styleUrl>
			<Style id="inline">
				<IconStyle>
					<color>ff0055ff</color>
					<colorMode>normal</colorMode>
					<Icon>
						<href>http://maps.google.com/mapfiles/kml/shapes/placemark_square.png</href>
					</Icon>
				</IconStyle>
				<LineStyle>
					<color>ff0055ff</color>
					<colorMode>normal</colorMode>
				</LineStyle>
				<PolyStyle>
					<color>ff0055ff</color>
					<colorMode>normal</colorMode>
				</PolyStyle>
			</Style>
			<ExtendedData>
				<SchemaData schemaUrl="#S_pmagsitesupdated_SSSSSS">
					<SimpleData name="Lat">24.90°</SimpleData>
					<SimpleData name="Long">79.78°</SimpleData>
					<SimpleData name="Dec">343°</SimpleData>
					<SimpleData name="Inc">-2°</SimpleData>
					<SimpleData name="Age">1.98</SimpleData>
					<SimpleData name="Reference">Radhakrishna et al., 2013a</SimpleData>
				</SchemaData>
			</ExtendedData>
			<Point>
				<coordinates>79.77999999999996,24.90000000000002,0</coordinates>
			</Point>
		</Placemark>
		<Placemark>
			<styleUrl>#pointStyleMap0</styleUrl>
			<Style id="inline">
				<IconStyle>
					<color>ff0055ff</color>
					<colorMode>normal</colorMode>
					<Icon>
						<href>http://maps.google.com/mapfiles/kml/shapes/placemark_square.png</href>
					</Icon>
				</IconStyle>
				<LineStyle>
					<color>ff0055ff</color>
					<colorMode>normal</colorMode>
				</LineStyle>
				<PolyStyle>
					<color>ff0055ff</color>
					<colorMode>normal</colorMode>
				</PolyStyle>
			</Style>
			<ExtendedData>
				<SchemaData schemaUrl="#S_pmagsitesupdated_SSSSSS">
					<SimpleData name="Lat">25.46°</SimpleData>
					<SimpleData name="Long">78.48°</SimpleData>
					<SimpleData name="Dec">146°</SimpleData>
					<SimpleData name="Inc">3°</SimpleData>
					<SimpleData name="Age">1.98</SimpleData>
					<SimpleData name="Reference">Radhakrishna et al., 2013a</SimpleData>
				</SchemaData>
			</ExtendedData>
			<Point>
				<coordinates>78.48000000000003,25.46000000000001,0</coordinates>
			</Point>
		</Placemark>
		<Placemark>
			<styleUrl>#pointStyleMap0</styleUrl>
			<Style id="inline">
				<IconStyle>
					<color>ff0055ff</color>
					<colorMode>normal</colorMode>
					<Icon>
						<href>http://maps.google.com/mapfiles/kml/shapes/placemark_square.png</href>
					</Icon>
				</IconStyle>
				<LineStyle>
					<color>ff0055ff</color>
					<colorMode>normal</colorMode>
				</LineStyle>
				<PolyStyle>
					<color>ff0055ff</color>
					<colorMode>normal</colorMode>
				</PolyStyle>
			</Style>
			<ExtendedData>
				<SchemaData schemaUrl="#S_pmagsitesupdated_SSSSSS">
					<SimpleData name="Lat">25.41°</SimpleData>
					<SimpleData name="Long">78.65°</SimpleData>
					<SimpleData name="Dec">147°</SimpleData>
					<SimpleData name="Inc">7°</SimpleData>
					<SimpleData name="Age">1.98</SimpleData>
					<SimpleData name="Reference">Radhakrishna et al., 2013a</SimpleData>
				</SchemaData>
			</ExtendedData>
			<Point>
				<coordinates>78.64999999999998,25.41,0</coordinates>
			</Point>
		</Placemark>
		<Placemark>
			<styleUrl>#pointStyleMap0</styleUrl>
			<Style id="inline">
				<IconStyle>
					<color>ff0055ff</color>
					<colorMode>normal</colorMode>
					<Icon>
						<href>http://maps.google.com/mapfiles/kml/shapes/placemark_square.png</href>
					</Icon>
				</IconStyle>
				<LineStyle>
					<color>ff0055ff</color>
					<colorMode>normal</colorMode>
				</LineStyle>
				<PolyStyle>
					<color>ff0055ff</color>
					<colorMode>normal</colorMode>
				</PolyStyle>
			</Style>
			<ExtendedData>
				<SchemaData schemaUrl="#S_pmagsitesupdated_SSSSSS">
					<SimpleData name="Lat">25.39°</SimpleData>
					<SimpleData name="Long">78.77°</SimpleData>
					<SimpleData name="Dec">163°</SimpleData>
					<SimpleData name="Inc">2°</SimpleData>
					<SimpleData name="Age">1.98</SimpleData>
					<SimpleData name="Reference">Radhakrishna et al., 2013a</SimpleData>
				</SchemaData>
			</ExtendedData>
			<Point>
				<coordinates>78.76999999999997,25.38999999999999,0</coordinates>
			</Point>
		</Placemark>
		<Placemark>
			<styleUrl>#pointStyleMap0</styleUrl>
			<Style id="inline">
				<IconStyle>
					<color>ff0055ff</color>
					<colorMode>normal</colorMode>
					<Icon>
						<href>http://maps.google.com/mapfiles/kml/shapes/placemark_square.png</href>
					</Icon>
				</IconStyle>
				<LineStyle>
					<color>ff0055ff</color>
					<colorMode>normal</colorMode>
				</LineStyle>
				<PolyStyle>
					<color>ff0055ff</color>
					<colorMode>normal</colorMode>
				</PolyStyle>
			</Style>
			<ExtendedData>
				<SchemaData schemaUrl="#S_pmagsitesupdated_SSSSSS">
					<SimpleData name="Lat">25.37°</SimpleData>
					<SimpleData name="Long">78.76°</SimpleData>
					<SimpleData name="Dec">329°</SimpleData>
					<SimpleData name="Inc">25°</SimpleData>
					<SimpleData name="Age">1.98</SimpleData>
					<SimpleData name="Reference">Radhakrishna et al., 2013a</SimpleData>
				</SchemaData>
			</ExtendedData>
			<Point>
				<coordinates>78.75999999999999,25.37000000000002,0</coordinates>
			</Point>
		</Placemark>
		<Placemark>
			<styleUrl>#pointStyleMap0</styleUrl>
			<Style id="inline">
				<IconStyle>
					<color>ff0055ff</color>
					<colorMode>normal</colorMode>
					<Icon>
						<href>http://maps.google.com/mapfiles/kml/shapes/placemark_square.png</href>
					</Icon>
				</IconStyle>
				<LineStyle>
					<color>ff0055ff</color>
					<colorMode>normal</colorMode>
				</LineStyle>
				<PolyStyle>
					<color>ff0055ff</color>
					<colorMode>normal</colorMode>
				</PolyStyle>
			</Style>
			<ExtendedData>
				<SchemaData schemaUrl="#S_pmagsitesupdated_SSSSSS">
					<SimpleData name="Lat">24.93°</SimpleData>
					<SimpleData name="Long">79.69°</SimpleData>
					<SimpleData name="Dec">150°</SimpleData>
					<SimpleData name="Inc">-4°</SimpleData>
					<SimpleData name="Age">1.98</SimpleData>
					<SimpleData name="Reference">Radhakrishna et al., 2013a</SimpleData>
				</SchemaData>
			</ExtendedData>
			<Point>
				<coordinates>79.69,24.93000000000001,0</coordinates>
			</Point>
		</Placemark>
		<Placemark>
			<styleUrl>#pointStyleMap0</styleUrl>
			<Style id="inline">
				<IconStyle>
					<color>ff0055ff</color>
					<colorMode>normal</colorMode>
					<Icon>
						<href>http://maps.google.com/mapfiles/kml/shapes/placemark_square.png</href>
					</Icon>
				</IconStyle>
				<LineStyle>
					<color>ff0055ff</color>
					<colorMode>normal</colorMode>
				</LineStyle>
				<PolyStyle>
					<color>ff0055ff</color>
					<colorMode>normal</colorMode>
				</PolyStyle>
			</Style>
			<ExtendedData>
				<SchemaData schemaUrl="#S_pmagsitesupdated_SSSSSS">
					<SimpleData name="Lat">24.902°</SimpleData>
					<SimpleData name="Long">80.194°</SimpleData>
					<SimpleData name="Dec">175.1°</SimpleData>
					<SimpleData name="Inc">-18.4°</SimpleData>
					<SimpleData name="Age">1.98</SimpleData>
					<SimpleData name="Reference">Poitou, 2009</SimpleData>
				</SchemaData>
			</ExtendedData>
			<Point>
				<coordinates>80.19400000000003,24.90199999999999,0</coordinates>
			</Point>
		</Placemark>
		<Placemark>
			<styleUrl>#pointStyleMap0</styleUrl>
			<Style id="inline">
				<IconStyle>
					<color>ff0055ff</color>
					<colorMode>normal</colorMode>
					<Icon>
						<href>http://maps.google.com/mapfiles/kml/shapes/placemark_square.png</href>
					</Icon>
				</IconStyle>
				<LineStyle>
					<color>ff0055ff</color>
					<colorMode>normal</colorMode>
				</LineStyle>
				<PolyStyle>
					<color>ff0055ff</color>
					<colorMode>normal</colorMode>
				</PolyStyle>
			</Style>
			<ExtendedData>
				<SchemaData schemaUrl="#S_pmagsitesupdated_SSSSSS">
					<SimpleData name="Lat">24.902°</SimpleData>
					<SimpleData name="Long">80.194°</SimpleData>
					<SimpleData name="Dec">140°</SimpleData>
					<SimpleData name="Inc">-19.4°</SimpleData>
					<SimpleData name="Age">1.98</SimpleData>
					<SimpleData name="Reference">Poitou, 2009</SimpleData>
				</SchemaData>
			</ExtendedData>
			<Point>
				<coordinates>80.19400000000003,24.90199999999999,0</coordinates>
			</Point>
		</Placemark>
		<Placemark>
			<styleUrl>#pointStyleMap0</styleUrl>
			<Style id="inline">
				<IconStyle>
					<color>ff0055ff</color>
					<colorMode>normal</colorMode>
					<Icon>
						<href>http://maps.google.com/mapfiles/kml/shapes/placemark_square.png</href>
					</Icon>
				</IconStyle>
				<LineStyle>
					<color>ff0055ff</color>
					<colorMode>normal</colorMode>
				</LineStyle>
				<PolyStyle>
					<color>ff0055ff</color>
					<colorMode>normal</colorMode>
				</PolyStyle>
			</Style>
			<ExtendedData>
				<SchemaData schemaUrl="#S_pmagsitesupdated_SSSSSS">
					<SimpleData name="Lat">24.902°</SimpleData>
					<SimpleData name="Long">80.194°</SimpleData>
					<SimpleData name="Dec">203.1°</SimpleData>
					<SimpleData name="Inc">-12.7°</SimpleData>
					<SimpleData name="Age">1.98</SimpleData>
					<SimpleData name="Reference">Poitou, 2009</SimpleData>
				</SchemaData>
			</ExtendedData>
			<Point>
				<coordinates>80.19400000000003,24.90199999999999,0</coordinates>
			</Point>
		</Placemark>
		<Placemark>
			<styleUrl>#pointStyleMap0</styleUrl>
			<Style id="inline">
				<IconStyle>
					<color>ff0055ff</color>
					<colorMode>normal</colorMode>
					<Icon>
						<href>http://maps.google.com/mapfiles/kml/shapes/placemark_square.png</href>
					</Icon>
				</IconStyle>
				<LineStyle>
					<color>ff0055ff</color>
					<colorMode>normal</colorMode>
				</LineStyle>
				<PolyStyle>
					<color>ff0055ff</color>
					<colorMode>normal</colorMode>
				</PolyStyle>
			</Style>
			<ExtendedData>
				<SchemaData schemaUrl="#S_pmagsitesupdated_SSSSSS">
					<SimpleData name="Lat">24.888°</SimpleData>
					<SimpleData name="Long">80.25°</SimpleData>
					<SimpleData name="Dec">160.1°</SimpleData>
					<SimpleData name="Inc">-9.6°</SimpleData>
					<SimpleData name="Age">1.98</SimpleData>
					<SimpleData name="Reference">Poitou, 2009</SimpleData>
				</SchemaData>
			</ExtendedData>
			<Point>
				<coordinates>80.25,24.88800000000002,0</coordinates>
			</Point>
		</Placemark>
		<Placemark>
			<styleUrl>#pointStyleMap0</styleUrl>
			<Style id="inline">
				<IconStyle>
					<color>ff0055ff</color>
					<colorMode>normal</colorMode>
					<Icon>
						<href>http://maps.google.com/mapfiles/kml/shapes/placemark_square.png</href>
					</Icon>
				</IconStyle>
				<LineStyle>
					<color>ff0055ff</color>
					<colorMode>normal</colorMode>
				</LineStyle>
				<PolyStyle>
					<color>ff0055ff</color>
					<colorMode>normal</colorMode>
				</PolyStyle>
			</Style>
			<ExtendedData>
				<SchemaData schemaUrl="#S_pmagsitesupdated_SSSSSS">
					<SimpleData name="Lat">24.855°</SimpleData>
					<SimpleData name="Long">80.319°</SimpleData>
					<SimpleData name="Dec">182.8°</SimpleData>
					<SimpleData name="Inc">+1.2°</SimpleData>
					<SimpleData name="Age">1.98</SimpleData>
					<SimpleData name="Reference">Poitou, 2009</SimpleData>
				</SchemaData>
			</ExtendedData>
			<Point>
				<coordinates>80.319,24.855,0</coordinates>
			</Point>
		</Placemark>
		<Placemark>
			<styleUrl>#pointStyleMap0</styleUrl>
			<Style id="inline">
				<IconStyle>
					<color>ff0055ff</color>
					<colorMode>normal</colorMode>
					<Icon>
						<href>http://maps.google.com/mapfiles/kml/shapes/placemark_square.png</href>
					</Icon>
				</IconStyle>
				<LineStyle>
					<color>ff0055ff</color>
					<colorMode>normal</colorMode>
				</LineStyle>
				<PolyStyle>
					<color>ff0055ff</color>
					<colorMode>normal</colorMode>
				</PolyStyle>
			</Style>
			<ExtendedData>
				<SchemaData schemaUrl="#S_pmagsitesupdated_SSSSSS">
					<SimpleData name="Lat">24.902°</SimpleData>
					<SimpleData name="Long">80.194°</SimpleData>
					<SimpleData name="Dec">173.2°</SimpleData>
					<SimpleData name="Inc">-49.2°</SimpleData>
					<SimpleData name="Age">1.98</SimpleData>
					<SimpleData name="Reference">Poitou, 2009</SimpleData>
				</SchemaData>
			</ExtendedData>
			<Point>
				<coordinates>80.19400000000003,24.90199999999999,0</coordinates>
			</Point>
		</Placemark>
		<Placemark>
			<styleUrl>#pointStyleMap0</styleUrl>
			<Style id="inline">
				<IconStyle>
					<color>ff0055ff</color>
					<colorMode>normal</colorMode>
					<Icon>
						<href>http://maps.google.com/mapfiles/kml/shapes/placemark_square.png</href>
					</Icon>
				</IconStyle>
				<LineStyle>
					<color>ff0055ff</color>
					<colorMode>normal</colorMode>
				</LineStyle>
				<PolyStyle>
					<color>ff0055ff</color>
					<colorMode>normal</colorMode>
				</PolyStyle>
			</Style>
			<ExtendedData>
				<SchemaData schemaUrl="#S_pmagsitesupdated_SSSSSS">
					<SimpleData name="Lat">24.961°</SimpleData>
					<SimpleData name="Long">80.458°</SimpleData>
					<SimpleData name="Dec">152.6°</SimpleData>
					<SimpleData name="Inc">-20.6°</SimpleData>
					<SimpleData name="Age">1.98</SimpleData>
					<SimpleData name="Reference">Poitou, 2009</SimpleData>
				</SchemaData>
			</ExtendedData>
			<Point>
				<coordinates>80.45799999999996,24.96100000000002,0</coordinates>
			</Point>
		</Placemark>
		<Placemark>
			<styleUrl>#pointStyleMap0</styleUrl>
			<Style id="inline">
				<IconStyle>
					<color>ff0055ff</color>
					<colorMode>normal</colorMode>
					<Icon>
						<href>http://maps.google.com/mapfiles/kml/shapes/placemark_square.png</href>
					</Icon>
				</IconStyle>
				<LineStyle>
					<color>ff0055ff</color>
					<colorMode>normal</colorMode>
				</LineStyle>
				<PolyStyle>
					<color>ff0055ff</color>
					<colorMode>normal</colorMode>
				</PolyStyle>
			</Style>
			<ExtendedData>
				<SchemaData schemaUrl="#S_pmagsitesupdated_SSSSSS">
					<SimpleData name="Lat">24.961°</SimpleData>
					<SimpleData name="Long">80.458°</SimpleData>
					<SimpleData name="Dec">158.5°</SimpleData>
					<SimpleData name="Inc">-22.0°</SimpleData>
					<SimpleData name="Age">1.98</SimpleData>
					<SimpleData name="Reference">Poitou, 2009</SimpleData>
				</SchemaData>
			</ExtendedData>
			<Point>
				<coordinates>80.45799999999996,24.96100000000002,0</coordinates>
			</Point>
		</Placemark>
		<Placemark>
			<styleUrl>#pointStyleMap0</styleUrl>
			<Style id="inline">
				<IconStyle>
					<color>ff0055ff</color>
					<colorMode>normal</colorMode>
					<Icon>
						<href>http://maps.google.com/mapfiles/kml/shapes/placemark_square.png</href>
					</Icon>
				</IconStyle>
				<LineStyle>
					<color>ff0055ff</color>
					<colorMode>normal</colorMode>
				</LineStyle>
				<PolyStyle>
					<color>ff0055ff</color>
					<colorMode>normal</colorMode>
				</PolyStyle>
			</Style>
			<ExtendedData>
				<SchemaData schemaUrl="#S_pmagsitesupdated_SSSSSS">
					<SimpleData name="Lat">24.722°</SimpleData>
					<SimpleData name="Long">79.875°</SimpleData>
					<SimpleData name="Dec">155.1°</SimpleData>
					<SimpleData name="Inc">+3.4°</SimpleData>
					<SimpleData name="Age">1.98</SimpleData>
					<SimpleData name="Reference">Poitou, 2009</SimpleData>
				</SchemaData>
			</ExtendedData>
			<Point>
				<coordinates>79.87500000000001,24.72200000000001,0</coordinates>
			</Point>
		</Placemark>
		<Placemark>
			<styleUrl>#pointStyleMap0</styleUrl>
			<Style id="inline">
				<IconStyle>
					<color>ff0055ff</color>
					<colorMode>normal</colorMode>
					<Icon>
						<href>http://maps.google.com/mapfiles/kml/shapes/placemark_square.png</href>
					</Icon>
				</IconStyle>
				<LineStyle>
					<color>ff0055ff</color>
					<colorMode>normal</colorMode>
				</LineStyle>
				<PolyStyle>
					<color>ff0055ff</color>
					<colorMode>normal</colorMode>
				</PolyStyle>
			</Style>
			<ExtendedData>
				<SchemaData schemaUrl="#S_pmagsitesupdated_SSSSSS">
					<SimpleData name="Lat">24.636°</SimpleData>
					<SimpleData name="Long">79.392°</SimpleData>
					<SimpleData name="Dec">188.0°</SimpleData>
					<SimpleData name="Inc">-26.8°</SimpleData>
					<SimpleData name="Age">1.98</SimpleData>
					<SimpleData name="Reference">Poitou, 2009</SimpleData>
				</SchemaData>
			</ExtendedData>
			<Point>
				<coordinates>79.39200000000001,24.636,0</coordinates>
			</Point>
		</Placemark>
		<Placemark>
			<styleUrl>#pointStyleMap0</styleUrl>
			<Style id="inline">
				<IconStyle>
					<color>ff0055ff</color>
					<colorMode>normal</colorMode>
					<Icon>
						<href>http://maps.google.com/mapfiles/kml/shapes/placemark_square.png</href>
					</Icon>
				</IconStyle>
				<LineStyle>
					<color>ff0055ff</color>
					<colorMode>normal</colorMode>
				</LineStyle>
				<PolyStyle>
					<color>ff0055ff</color>
					<colorMode>normal</colorMode>
				</PolyStyle>
			</Style>
			<ExtendedData>
				<SchemaData schemaUrl="#S_pmagsitesupdated_SSSSSS">
					<SimpleData name="Lat">24.820°</SimpleData>
					<SimpleData name="Long">79.502°</SimpleData>
					<SimpleData name="Dec">146.6°</SimpleData>
					<SimpleData name="Inc">-21.3°</SimpleData>
					<SimpleData name="Age">1.98</SimpleData>
					<SimpleData name="Reference">Poitou, 2009</SimpleData>
				</SchemaData>
			</ExtendedData>
			<Point>
				<coordinates>79.50200000000001,24.82000000000001,0</coordinates>
			</Point>
		</Placemark>
		<Placemark>
			<styleUrl>#pointStyleMap0</styleUrl>
			<Style id="inline">
				<IconStyle>
					<color>ff0055ff</color>
					<colorMode>normal</colorMode>
					<Icon>
						<href>http://maps.google.com/mapfiles/kml/shapes/placemark_square.png</href>
					</Icon>
				</IconStyle>
				<LineStyle>
					<color>ff0055ff</color>
					<colorMode>normal</colorMode>
				</LineStyle>
				<PolyStyle>
					<color>ff0055ff</color>
					<colorMode>normal</colorMode>
				</PolyStyle>
			</Style>
			<ExtendedData>
				<SchemaData schemaUrl="#S_pmagsitesupdated_SSSSSS">
					<SimpleData name="Lat">17.343°</SimpleData>
					<SimpleData name="Long">78.805°</SimpleData>
					<SimpleData name="Dec">110°</SimpleData>
					<SimpleData name="Inc">30°</SimpleData>
					<SimpleData name="Age">1.864</SimpleData>
					<SimpleData name="Reference">Parashuramulu et al., 2021</SimpleData>
				</SchemaData>
			</ExtendedData>
			<Point>
				<coordinates>78.80500000000001,17.34299999999999,0</coordinates>
			</Point>
		</Placemark>
		<Placemark>
			<styleUrl>#pointStyleMap0</styleUrl>
			<Style id="inline">
				<IconStyle>
					<color>ff0055ff</color>
					<colorMode>normal</colorMode>
					<Icon>
						<href>http://maps.google.com/mapfiles/kml/shapes/placemark_square.png</href>
					</Icon>
				</IconStyle>
				<LineStyle>
					<color>ff0055ff</color>
					<colorMode>normal</colorMode>
				</LineStyle>
				<PolyStyle>
					<color>ff0055ff</color>
					<colorMode>normal</colorMode>
				</PolyStyle>
			</Style>
			<ExtendedData>
				<SchemaData schemaUrl="#S_pmagsitesupdated_SSSSSS">
					<SimpleData name="Lat">16.966°</SimpleData>
					<SimpleData name="Long">80.047°</SimpleData>
					<SimpleData name="Dec">98°</SimpleData>
					<SimpleData name="Inc">29°</SimpleData>
					<SimpleData name="Age">1.864</SimpleData>
					<SimpleData name="Reference">Parashuramulu et al., 2021</SimpleData>
				</SchemaData>
			</ExtendedData>
			<Point>
				<coordinates>80.04700000000003,16.966,0</coordinates>
			</Point>
		</Placemark>
		<Placemark>
			<styleUrl>#pointStyleMap0</styleUrl>
			<Style id="inline">
				<IconStyle>
					<color>ff0055ff</color>
					<colorMode>normal</colorMode>
					<Icon>
						<href>http://maps.google.com/mapfiles/kml/shapes/placemark_square.png</href>
					</Icon>
				</IconStyle>
				<LineStyle>
					<color>ff0055ff</color>
					<colorMode>normal</colorMode>
				</LineStyle>
				<PolyStyle>
					<color>ff0055ff</color>
					<colorMode>normal</colorMode>
				</PolyStyle>
			</Style>
			<ExtendedData>
				<SchemaData schemaUrl="#S_pmagsitesupdated_SSSSSS">
					<SimpleData name="Lat">16.968°</SimpleData>
					<SimpleData name="Long">80.021°</SimpleData>
					<SimpleData name="Dec">91°</SimpleData>
					<SimpleData name="Inc">30°</SimpleData>
					<SimpleData name="Age">1.864</SimpleData>
					<SimpleData name="Reference">Parashuramulu et al., 2021</SimpleData>
				</SchemaData>
			</ExtendedData>
			<Point>
				<coordinates>80.02100000000002,16.96799999999997,0</coordinates>
			</Point>
		</Placemark>
		<Placemark>
			<styleUrl>#pointStyleMap0</styleUrl>
			<Style id="inline">
				<IconStyle>
					<color>ff0055ff</color>
					<colorMode>normal</colorMode>
					<Icon>
						<href>http://maps.google.com/mapfiles/kml/shapes/placemark_square.png</href>
					</Icon>
				</IconStyle>
				<LineStyle>
					<color>ff0055ff</color>
					<colorMode>normal</colorMode>
				</LineStyle>
				<PolyStyle>
					<color>ff0055ff</color>
					<colorMode>normal</colorMode>
				</PolyStyle>
			</Style>
			<ExtendedData>
				<SchemaData schemaUrl="#S_pmagsitesupdated_SSSSSS">
					<SimpleData name="Lat">16.961°</SimpleData>
					<SimpleData name="Long">80.019°</SimpleData>
					<SimpleData name="Dec">84°</SimpleData>
					<SimpleData name="Inc">37°</SimpleData>
					<SimpleData name="Age">1.864</SimpleData>
					<SimpleData name="Reference">Parashuramulu et al., 2021</SimpleData>
				</SchemaData>
			</ExtendedData>
			<Point>
				<coordinates>80.01900000000001,16.96100000000001,0</coordinates>
			</Point>
		</Placemark>
		<Placemark>
			<styleUrl>#pointStyleMap0</styleUrl>
			<Style id="inline">
				<IconStyle>
					<color>ff0055ff</color>
					<colorMode>normal</colorMode>
					<Icon>
						<href>http://maps.google.com/mapfiles/kml/shapes/placemark_square.png</href>
					</Icon>
				</IconStyle>
				<LineStyle>
					<color>ff0055ff</color>
					<colorMode>normal</colorMode>
				</LineStyle>
				<PolyStyle>
					<color>ff0055ff</color>
					<colorMode>normal</colorMode>
				</PolyStyle>
			</Style>
			<ExtendedData>
				<SchemaData schemaUrl="#S_pmagsitesupdated_SSSSSS">
					<SimpleData name="Lat">14.714°</SimpleData>
					<SimpleData name="Long">78.294°</SimpleData>
					<SimpleData name="Dec">112°</SimpleData>
					<SimpleData name="Inc">22°</SimpleData>
					<SimpleData name="Age">1.864</SimpleData>
					<SimpleData name="Reference">Parashuramulu et al., 2021</SimpleData>
				</SchemaData>
			</ExtendedData>
			<Point>
				<coordinates>78.29399999999997,14.71399999999999,0</coordinates>
			</Point>
		</Placemark>
		<Placemark>
			<styleUrl>#pointStyleMap0</styleUrl>
			<Style id="inline">
				<IconStyle>
					<color>ff0055ff</color>
					<colorMode>normal</colorMode>
					<Icon>
						<href>http://maps.google.com/mapfiles/kml/shapes/placemark_square.png</href>
					</Icon>
				</IconStyle>
				<LineStyle>
					<color>ff0055ff</color>
					<colorMode>normal</colorMode>
				</LineStyle>
				<PolyStyle>
					<color>ff0055ff</color>
					<colorMode>normal</colorMode>
				</PolyStyle>
			</Style>
			<ExtendedData>
				<SchemaData schemaUrl="#S_pmagsitesupdated_SSSSSS">
					<SimpleData name="Lat">14.736°</SimpleData>
					<SimpleData name="Long">78.157°</SimpleData>
					<SimpleData name="Dec">94°</SimpleData>
					<SimpleData name="Inc">27°</SimpleData>
					<SimpleData name="Age">1.864</SimpleData>
					<SimpleData name="Reference">Parashuramulu et al., 2021</SimpleData>
				</SchemaData>
			</ExtendedData>
			<Point>
				<coordinates>78.157,14.73599999999998,0</coordinates>
			</Point>
		</Placemark>
		<Placemark>
			<styleUrl>#pointStyleMap0</styleUrl>
			<Style id="inline">
				<IconStyle>
					<color>ff0055ff</color>
					<colorMode>normal</colorMode>
					<Icon>
						<href>http://maps.google.com/mapfiles/kml/shapes/placemark_square.png</href>
					</Icon>
				</IconStyle>
				<LineStyle>
					<color>ff0055ff</color>
					<colorMode>normal</colorMode>
				</LineStyle>
				<PolyStyle>
					<color>ff0055ff</color>
					<colorMode>normal</colorMode>
				</PolyStyle>
			</Style>
			<ExtendedData>
				<SchemaData schemaUrl="#S_pmagsitesupdated_SSSSSS">
					<SimpleData name="Lat">14.733°</SimpleData>
					<SimpleData name="Long">78.713°</SimpleData>
					<SimpleData name="Dec">101°</SimpleData>
					<SimpleData name="Inc">23°</SimpleData>
					<SimpleData name="Age">1.864</SimpleData>
					<SimpleData name="Reference">Parashuramulu et al., 2021</SimpleData>
				</SchemaData>
			</ExtendedData>
			<Point>
				<coordinates>78.71299999999995,14.733,0</coordinates>
			</Point>
		</Placemark>
		<Placemark>
			<styleUrl>#pointStyleMap0</styleUrl>
			<Style id="inline">
				<IconStyle>
					<color>ff0055ff</color>
					<colorMode>normal</colorMode>
					<Icon>
						<href>http://maps.google.com/mapfiles/kml/shapes/placemark_square.png</href>
					</Icon>
				</IconStyle>
				<LineStyle>
					<color>ff0055ff</color>
					<colorMode>normal</colorMode>
				</LineStyle>
				<PolyStyle>
					<color>ff0055ff</color>
					<colorMode>normal</colorMode>
				</PolyStyle>
			</Style>
			<ExtendedData>
				<SchemaData schemaUrl="#S_pmagsitesupdated_SSSSSS">
					<SimpleData name="Lat">13.068°</SimpleData>
					<SimpleData name="Long">77.009°</SimpleData>
					<SimpleData name="Dec">120°</SimpleData>
					<SimpleData name="Inc">7°</SimpleData>
					<SimpleData name="Age">1.864</SimpleData>
					<SimpleData name="Reference">Belica et al., 2014</SimpleData>
				</SchemaData>
			</ExtendedData>
			<Point>
				<coordinates>77.00900000000003,13.068,0</coordinates>
			</Point>
		</Placemark>
		<Placemark>
			<styleUrl>#pointStyleMap0</styleUrl>
			<Style id="inline">
				<IconStyle>
					<color>ff0055ff</color>
					<colorMode>normal</colorMode>
					<Icon>
						<href>http://maps.google.com/mapfiles/kml/shapes/placemark_square.png</href>
					</Icon>
				</IconStyle>
				<LineStyle>
					<color>ff0055ff</color>
					<colorMode>normal</colorMode>
				</LineStyle>
				<PolyStyle>
					<color>ff0055ff</color>
					<colorMode>normal</colorMode>
				</PolyStyle>
			</Style>
			<ExtendedData>
				<SchemaData schemaUrl="#S_pmagsitesupdated_SSSSSS">
					<SimpleData name="Lat">13.379°</SimpleData>
					<SimpleData name="Long">79.410°</SimpleData>
					<SimpleData name="Dec">120°</SimpleData>
					<SimpleData name="Inc">46°</SimpleData>
					<SimpleData name="Age">1.864</SimpleData>
					<SimpleData name="Reference">Belica et al., 2014</SimpleData>
				</SchemaData>
			</ExtendedData>
			<Point>
				<coordinates>79.40999999999997,13.379,0</coordinates>
			</Point>
		</Placemark>
		<Placemark>
			<styleUrl>#pointStyleMap0</styleUrl>
			<Style id="inline">
				<IconStyle>
					<color>ff0055ff</color>
					<colorMode>normal</colorMode>
					<Icon>
						<href>http://maps.google.com/mapfiles/kml/shapes/placemark_square.png</href>
					</Icon>
				</IconStyle>
				<LineStyle>
					<color>ff0055ff</color>
					<colorMode>normal</colorMode>
				</LineStyle>
				<PolyStyle>
					<color>ff0055ff</color>
					<colorMode>normal</colorMode>
				</PolyStyle>
			</Style>
			<ExtendedData>
				<SchemaData schemaUrl="#S_pmagsitesupdated_SSSSSS">
					<SimpleData name="Lat">13.417°</SimpleData>
					<SimpleData name="Long">79.413°</SimpleData>
					<SimpleData name="Dec">142°</SimpleData>
					<SimpleData name="Inc">22°</SimpleData>
					<SimpleData name="Age">1.864</SimpleData>
					<SimpleData name="Reference">Belica et al., 2014</SimpleData>
				</SchemaData>
			</ExtendedData>
			<Point>
				<coordinates>79.41300000000003,13.41700000000001,0</coordinates>
			</Point>
		</Placemark>
		<Placemark>
			<styleUrl>#pointStyleMap0</styleUrl>
			<Style id="inline">
				<IconStyle>
					<color>ff0055ff</color>
					<colorMode>normal</colorMode>
					<Icon>
						<href>http://maps.google.com/mapfiles/kml/shapes/placemark_square.png</href>
					</Icon>
				</IconStyle>
				<LineStyle>
					<color>ff0055ff</color>
					<colorMode>normal</colorMode>
				</LineStyle>
				<PolyStyle>
					<color>ff0055ff</color>
					<colorMode>normal</colorMode>
				</PolyStyle>
			</Style>
			<ExtendedData>
				<SchemaData schemaUrl="#S_pmagsitesupdated_SSSSSS">
					<SimpleData name="Lat">16.79°</SimpleData>
					<SimpleData name="Long">77.96°</SimpleData>
					<SimpleData name="Dec">104°</SimpleData>
					<SimpleData name="Inc">12°</SimpleData>
					<SimpleData name="Age">1.864</SimpleData>
					<SimpleData name="Reference">Radhakrishna et al., 2013b</SimpleData>
				</SchemaData>
			</ExtendedData>
			<Point>
				<coordinates>77.95999999999998,16.79,0</coordinates>
			</Point>
		</Placemark>
		<Placemark>
			<styleUrl>#pointStyleMap0</styleUrl>
			<Style id="inline">
				<IconStyle>
					<color>ff0055ff</color>
					<colorMode>normal</colorMode>
					<Icon>
						<href>http://maps.google.com/mapfiles/kml/shapes/placemark_square.png</href>
					</Icon>
				</IconStyle>
				<LineStyle>
					<color>ff0055ff</color>
					<colorMode>normal</colorMode>
				</LineStyle>
				<PolyStyle>
					<color>ff0055ff</color>
					<colorMode>normal</colorMode>
				</PolyStyle>
			</Style>
			<ExtendedData>
				<SchemaData schemaUrl="#S_pmagsitesupdated_SSSSSS">
					<SimpleData name="Lat">16.75°</SimpleData>
					<SimpleData name="Long">78.13°</SimpleData>
					<SimpleData name="Dec">109°</SimpleData>
					<SimpleData name="Inc">19°</SimpleData>
					<SimpleData name="Age">1.864</SimpleData>
					<SimpleData name="Reference">Radhakrishna et al., 2013b</SimpleData>
				</SchemaData>
			</ExtendedData>
			<Point>
				<coordinates>78.13000000000001,16.74999999999998,0</coordinates>
			</Point>
		</Placemark>
		<Placemark>
			<styleUrl>#pointStyleMap0</styleUrl>
			<Style id="inline">
				<IconStyle>
					<color>ff0055ff</color>
					<colorMode>normal</colorMode>
					<Icon>
						<href>http://maps.google.com/mapfiles/kml/shapes/placemark_square.png</href>
					</Icon>
				</IconStyle>
				<LineStyle>
					<color>ff0055ff</color>
					<colorMode>normal</colorMode>
				</LineStyle>
				<PolyStyle>
					<color>ff0055ff</color>
					<colorMode>normal</colorMode>
				</PolyStyle>
			</Style>
			<ExtendedData>
				<SchemaData schemaUrl="#S_pmagsitesupdated_SSSSSS">
					<SimpleData name="Lat">17.14°</SimpleData>
					<SimpleData name="Long">79.11°</SimpleData>
					<SimpleData name="Dec">88°</SimpleData>
					<SimpleData name="Inc">10°</SimpleData>
					<SimpleData name="Age">1.864</SimpleData>
					<SimpleData name="Reference">Radhakrishna et al., 2013b</SimpleData>
				</SchemaData>
			</ExtendedData>
			<Point>
				<coordinates>79.11,17.13999999999998,0</coordinates>
			</Point>
		</Placemark>
		<Placemark>
			<styleUrl>#pointStyleMap0</styleUrl>
			<Style id="inline">
				<IconStyle>
					<color>ff0055ff</color>
					<colorMode>normal</colorMode>
					<Icon>
						<href>http://maps.google.com/mapfiles/kml/shapes/placemark_square.png</href>
					</Icon>
				</IconStyle>
				<LineStyle>
					<color>ff0055ff</color>
					<colorMode>normal</colorMode>
				</LineStyle>
				<PolyStyle>
					<color>ff0055ff</color>
					<colorMode>normal</colorMode>
				</PolyStyle>
			</Style>
			<ExtendedData>
				<SchemaData schemaUrl="#S_pmagsitesupdated_SSSSSS">
					<SimpleData name="Lat">13.6°</SimpleData>
					<SimpleData name="Long">79.4°</SimpleData>
					<SimpleData name="Dec">146°</SimpleData>
					<SimpleData name="Inc">11°</SimpleData>
					<SimpleData name="Age">1.864</SimpleData>
					<SimpleData name="Reference">Radhakrishna et al., 2013b</SimpleData>
				</SchemaData>
			</ExtendedData>
			<Point>
				<coordinates>79.39999999999998,13.60000000000001,0</coordinates>
			</Point>
		</Placemark>
		<Placemark>
			<styleUrl>#pointStyleMap0</styleUrl>
			<Style id="inline">
				<IconStyle>
					<color>ff0055ff</color>
					<colorMode>normal</colorMode>
					<Icon>
						<href>http://maps.google.com/mapfiles/kml/shapes/placemark_square.png</href>
					</Icon>
				</IconStyle>
				<LineStyle>
					<color>ff0055ff</color>
					<colorMode>normal</colorMode>
				</LineStyle>
				<PolyStyle>
					<color>ff0055ff</color>
					<colorMode>normal</colorMode>
				</PolyStyle>
			</Style>
			<ExtendedData>
				<SchemaData schemaUrl="#S_pmagsitesupdated_SSSSSS">
					<SimpleData name="Lat">17.436°</SimpleData>
					<SimpleData name="Long">78.720°</SimpleData>
					<SimpleData name="Dec">283°</SimpleData>
					<SimpleData name="Inc">-2°</SimpleData>
					<SimpleData name="Age">1.886</SimpleData>
					<SimpleData name="Reference">Parashuramulu et al., 2021</SimpleData>
				</SchemaData>
			</ExtendedData>
			<Point>
				<coordinates>78.72000000000004,17.436,0</coordinates>
			</Point>
		</Placemark>
		<Placemark>
			<styleUrl>#pointStyleMap0</styleUrl>
			<Style id="inline">
				<IconStyle>
					<color>ff0055ff</color>
					<colorMode>normal</colorMode>
					<Icon>
						<href>http://maps.google.com/mapfiles/kml/shapes/placemark_square.png</href>
					</Icon>
				</IconStyle>
				<LineStyle>
					<color>ff0055ff</color>
					<colorMode>normal</colorMode>
				</LineStyle>
				<PolyStyle>
					<color>ff0055ff</color>
					<colorMode>normal</colorMode>
				</PolyStyle>
			</Style>
			<ExtendedData>
				<SchemaData schemaUrl="#S_pmagsitesupdated_SSSSSS">
					<SimpleData name="Lat">17.343°</SimpleData>
					<SimpleData name="Long">78.805°</SimpleData>
					<SimpleData name="Dec">311°</SimpleData>
					<SimpleData name="Inc">-9°</SimpleData>
					<SimpleData name="Age">1.886</SimpleData>
					<SimpleData name="Reference">Parashuramulu et al., 2021</SimpleData>
				</SchemaData>
			</ExtendedData>
			<Point>
				<coordinates>78.80500000000001,17.34299999999999,0</coordinates>
			</Point>
		</Placemark>
		<Placemark>
			<styleUrl>#pointStyleMap0</styleUrl>
			<Style id="inline">
				<IconStyle>
					<color>ff0055ff</color>
					<colorMode>normal</colorMode>
					<Icon>
						<href>http://maps.google.com/mapfiles/kml/shapes/placemark_square.png</href>
					</Icon>
				</IconStyle>
				<LineStyle>
					<color>ff0055ff</color>
					<colorMode>normal</colorMode>
				</LineStyle>
				<PolyStyle>
					<color>ff0055ff</color>
					<colorMode>normal</colorMode>
				</PolyStyle>
			</Style>
			<ExtendedData>
				<SchemaData schemaUrl="#S_pmagsitesupdated_SSSSSS">
					<SimpleData name="Lat">17.345°</SimpleData>
					<SimpleData name="Long">78.816°</SimpleData>
					<SimpleData name="Dec">285°</SimpleData>
					<SimpleData name="Inc">7°</SimpleData>
					<SimpleData name="Age">1.886</SimpleData>
					<SimpleData name="Reference">Parashuramulu et al., 2021</SimpleData>
				</SchemaData>
			</ExtendedData>
			<Point>
				<coordinates>78.81600000000003,17.345,0</coordinates>
			</Point>
		</Placemark>
		<Placemark>
			<styleUrl>#pointStyleMap0</styleUrl>
			<Style id="inline">
				<IconStyle>
					<color>ff0055ff</color>
					<colorMode>normal</colorMode>
					<Icon>
						<href>http://maps.google.com/mapfiles/kml/shapes/placemark_square.png</href>
					</Icon>
				</IconStyle>
				<LineStyle>
					<color>ff0055ff</color>
					<colorMode>normal</colorMode>
				</LineStyle>
				<PolyStyle>
					<color>ff0055ff</color>
					<colorMode>normal</colorMode>
				</PolyStyle>
			</Style>
			<ExtendedData>
				<SchemaData schemaUrl="#S_pmagsitesupdated_SSSSSS">
					<SimpleData name="Lat">17.323°</SimpleData>
					<SimpleData name="Long">78.846°</SimpleData>
					<SimpleData name="Dec">298°</SimpleData>
					<SimpleData name="Inc">2°</SimpleData>
					<SimpleData name="Age">1.886</SimpleData>
					<SimpleData name="Reference">Parashuramulu et al., 2021</SimpleData>
				</SchemaData>
			</ExtendedData>
			<Point>
				<coordinates>78.84599999999999,17.32300000000002,0</coordinates>
			</Point>
		</Placemark>
		<Placemark>
			<styleUrl>#pointStyleMap0</styleUrl>
			<Style id="inline">
				<IconStyle>
					<color>ff0055ff</color>
					<colorMode>normal</colorMode>
					<Icon>
						<href>http://maps.google.com/mapfiles/kml/shapes/placemark_square.png</href>
					</Icon>
				</IconStyle>
				<LineStyle>
					<color>ff0055ff</color>
					<colorMode>normal</colorMode>
				</LineStyle>
				<PolyStyle>
					<color>ff0055ff</color>
					<colorMode>normal</colorMode>
				</PolyStyle>
			</Style>
			<ExtendedData>
				<SchemaData schemaUrl="#S_pmagsitesupdated_SSSSSS">
					<SimpleData name="Lat">17.206°</SimpleData>
					<SimpleData name="Long">78.618°</SimpleData>
					<SimpleData name="Dec">276°</SimpleData>
					<SimpleData name="Inc">-30°</SimpleData>
					<SimpleData name="Age">1.886</SimpleData>
					<SimpleData name="Reference">Parashuramulu et al., 2021</SimpleData>
				</SchemaData>
			</ExtendedData>
			<Point>
				<coordinates>78.61800000000001,17.20599999999997,0</coordinates>
			</Point>
		</Placemark>
		<Placemark>
			<styleUrl>#pointStyleMap0</styleUrl>
			<Style id="inline">
				<IconStyle>
					<color>ff0055ff</color>
					<colorMode>normal</colorMode>
					<Icon>
						<href>http://maps.google.com/mapfiles/kml/shapes/placemark_square.png</href>
					</Icon>
				</IconStyle>
				<LineStyle>
					<color>ff0055ff</color>
					<colorMode>normal</colorMode>
				</LineStyle>
				<PolyStyle>
					<color>ff0055ff</color>
					<colorMode>normal</colorMode>
				</PolyStyle>
			</Style>
			<ExtendedData>
				<SchemaData schemaUrl="#S_pmagsitesupdated_SSSSSS">
					<SimpleData name="Lat">17.208°</SimpleData>
					<SimpleData name="Long">78.602°</SimpleData>
					<SimpleData name="Dec">277°</SimpleData>
					<SimpleData name="Inc">-25°</SimpleData>
					<SimpleData name="Age">1.886</SimpleData>
					<SimpleData name="Reference">Parashuramulu et al., 2021</SimpleData>
				</SchemaData>
			</ExtendedData>
			<Point>
				<coordinates>78.60199999999999,17.20799999999998,0</coordinates>
			</Point>
		</Placemark>
		<Placemark>
			<styleUrl>#pointStyleMap0</styleUrl>
			<Style id="inline">
				<IconStyle>
					<color>ff0055ff</color>
					<colorMode>normal</colorMode>
					<Icon>
						<href>http://maps.google.com/mapfiles/kml/shapes/placemark_square.png</href>
					</Icon>
				</IconStyle>
				<LineStyle>
					<color>ff0055ff</color>
					<colorMode>normal</colorMode>
				</LineStyle>
				<PolyStyle>
					<color>ff0055ff</color>
					<colorMode>normal</colorMode>
				</PolyStyle>
			</Style>
			<ExtendedData>
				<SchemaData schemaUrl="#S_pmagsitesupdated_SSSSSS">
					<SimpleData name="Lat">16.654°</SimpleData>
					<SimpleData name="Long">78.915°</SimpleData>
					<SimpleData name="Dec">289°</SimpleData>
					<SimpleData name="Inc">-16°</SimpleData>
					<SimpleData name="Age">1.886</SimpleData>
					<SimpleData name="Reference">Parashuramulu et al., 2021</SimpleData>
				</SchemaData>
			</ExtendedData>
			<Point>
				<coordinates>78.91500000000001,16.65399999999999,0</coordinates>
			</Point>
		</Placemark>
		<Placemark>
			<styleUrl>#pointStyleMap0</styleUrl>
			<Style id="inline">
				<IconStyle>
					<color>ff0055ff</color>
					<colorMode>normal</colorMode>
					<Icon>
						<href>http://maps.google.com/mapfiles/kml/shapes/placemark_square.png</href>
					</Icon>
				</IconStyle>
				<LineStyle>
					<color>ff0055ff</color>
					<colorMode>normal</colorMode>
				</LineStyle>
				<PolyStyle>
					<color>ff0055ff</color>
					<colorMode>normal</colorMode>
				</PolyStyle>
			</Style>
			<ExtendedData>
				<SchemaData schemaUrl="#S_pmagsitesupdated_SSSSSS">
					<SimpleData name="Lat">16.54°</SimpleData>
					<SimpleData name="Long">78.818°</SimpleData>
					<SimpleData name="Dec">282°</SimpleData>
					<SimpleData name="Inc">-33°</SimpleData>
					<SimpleData name="Age">1.886</SimpleData>
					<SimpleData name="Reference">Parashuramulu et al., 2021</SimpleData>
				</SchemaData>
			</ExtendedData>
			<Point>
				<coordinates>78.81799999999997,16.54,0</coordinates>
			</Point>
		</Placemark>
		<Placemark>
			<styleUrl>#pointStyleMap0</styleUrl>
			<Style id="inline">
				<IconStyle>
					<color>ff0055ff</color>
					<colorMode>normal</colorMode>
					<Icon>
						<href>http://maps.google.com/mapfiles/kml/shapes/placemark_square.png</href>
					</Icon>
				</IconStyle>
				<LineStyle>
					<color>ff0055ff</color>
					<colorMode>normal</colorMode>
				</LineStyle>
				<PolyStyle>
					<color>ff0055ff</color>
					<colorMode>normal</colorMode>
				</PolyStyle>
			</Style>
			<ExtendedData>
				<SchemaData schemaUrl="#S_pmagsitesupdated_SSSSSS">
					<SimpleData name="Lat">16.663°</SimpleData>
					<SimpleData name="Long">79.287°</SimpleData>
					<SimpleData name="Dec">304°</SimpleData>
					<SimpleData name="Inc">-3°</SimpleData>
					<SimpleData name="Age">1.886</SimpleData>
					<SimpleData name="Reference">Parashuramulu et al., 2021</SimpleData>
				</SchemaData>
			</ExtendedData>
			<Point>
				<coordinates>79.28700000000003,16.66300000000001,0</coordinates>
			</Point>
		</Placemark>
		<Placemark>
			<styleUrl>#pointStyleMap0</styleUrl>
			<Style id="inline">
				<IconStyle>
					<color>ff0055ff</color>
					<colorMode>normal</colorMode>
					<Icon>
						<href>http://maps.google.com/mapfiles/kml/shapes/placemark_square.png</href>
					</Icon>
				</IconStyle>
				<LineStyle>
					<color>ff0055ff</color>
					<colorMode>normal</colorMode>
				</LineStyle>
				<PolyStyle>
					<color>ff0055ff</color>
					<colorMode>normal</colorMode>
				</PolyStyle>
			</Style>
			<ExtendedData>
				<SchemaData schemaUrl="#S_pmagsitesupdated_SSSSSS">
					<SimpleData name="Lat">16.605°</SimpleData>
					<SimpleData name="Long">79.120°</SimpleData>
					<SimpleData name="Dec">275°</SimpleData>
					<SimpleData name="Inc">-15°</SimpleData>
					<SimpleData name="Age">1.886</SimpleData>
					<SimpleData name="Reference">Parashuramulu et al., 2021</SimpleData>
				</SchemaData>
			</ExtendedData>
			<Point>
				<coordinates>79.11999999999999,16.60499999999999,0</coordinates>
			</Point>
		</Placemark>
		<Placemark>
			<styleUrl>#pointStyleMap0</styleUrl>
			<Style id="inline">
				<IconStyle>
					<color>ff0055ff</color>
					<colorMode>normal</colorMode>
					<Icon>
						<href>http://maps.google.com/mapfiles/kml/shapes/placemark_square.png</href>
					</Icon>
				</IconStyle>
				<LineStyle>
					<color>ff0055ff</color>
					<colorMode>normal</colorMode>
				</LineStyle>
				<PolyStyle>
					<color>ff0055ff</color>
					<colorMode>normal</colorMode>
				</PolyStyle>
			</Style>
			<ExtendedData>
				<SchemaData schemaUrl="#S_pmagsitesupdated_SSSSSS">
					<SimpleData name="Lat">17.041°</SimpleData>
					<SimpleData name="Long">79.954°</SimpleData>
					<SimpleData name="Dec">292°</SimpleData>
					<SimpleData name="Inc">-10°</SimpleData>
					<SimpleData name="Age">1.886</SimpleData>
					<SimpleData name="Reference">Parashuramulu et al., 2021</SimpleData>
				</SchemaData>
			</ExtendedData>
			<Point>
				<coordinates>79.95400000000001,17.04100000000001,0</coordinates>
			</Point>
		</Placemark>
		<Placemark>
			<styleUrl>#pointStyleMap0</styleUrl>
			<Style id="inline">
				<IconStyle>
					<color>ff0055ff</color>
					<colorMode>normal</colorMode>
					<Icon>
						<href>http://maps.google.com/mapfiles/kml/shapes/placemark_square.png</href>
					</Icon>
				</IconStyle>
				<LineStyle>
					<color>ff0055ff</color>
					<colorMode>normal</colorMode>
				</LineStyle>
				<PolyStyle>
					<color>ff0055ff</color>
					<colorMode>normal</colorMode>
				</PolyStyle>
			</Style>
			<ExtendedData>
				<SchemaData schemaUrl="#S_pmagsitesupdated_SSSSSS">
					<SimpleData name="Lat">16.918°</SimpleData>
					<SimpleData name="Long">79.430°</SimpleData>
					<SimpleData name="Dec">271°</SimpleData>
					<SimpleData name="Inc">11°</SimpleData>
					<SimpleData name="Age">1.886</SimpleData>
					<SimpleData name="Reference">Parashuramulu et al., 2021</SimpleData>
				</SchemaData>
			</ExtendedData>
			<Point>
				<coordinates>79.43000000000002,16.918,0</coordinates>
			</Point>
		</Placemark>
		<Placemark>
			<styleUrl>#pointStyleMap0</styleUrl>
			<Style id="inline">
				<IconStyle>
					<color>ff0055ff</color>
					<colorMode>normal</colorMode>
					<Icon>
						<href>http://maps.google.com/mapfiles/kml/shapes/placemark_square.png</href>
					</Icon>
				</IconStyle>
				<LineStyle>
					<color>ff0055ff</color>
					<colorMode>normal</colorMode>
				</LineStyle>
				<PolyStyle>
					<color>ff0055ff</color>
					<colorMode>normal</colorMode>
				</PolyStyle>
			</Style>
			<ExtendedData>
				<SchemaData schemaUrl="#S_pmagsitesupdated_SSSSSS">
					<SimpleData name="Lat">17.570°</SimpleData>
					<SimpleData name="Long">79.541°</SimpleData>
					<SimpleData name="Dec">280°</SimpleData>
					<SimpleData name="Inc">-17°</SimpleData>
					<SimpleData name="Age">1.886</SimpleData>
					<SimpleData name="Reference">Parashuramulu et al., 2021</SimpleData>
				</SchemaData>
			</ExtendedData>
			<Point>
				<coordinates>79.54099999999998,17.57,0</coordinates>
			</Point>
		</Placemark>
		<Placemark>
			<styleUrl>#pointStyleMap0</styleUrl>
			<Style id="inline">
				<IconStyle>
					<color>ff0055ff</color>
					<colorMode>normal</colorMode>
					<Icon>
						<href>http://maps.google.com/mapfiles/kml/shapes/placemark_square.png</href>
					</Icon>
				</IconStyle>
				<LineStyle>
					<color>ff0055ff</color>
					<colorMode>normal</colorMode>
				</LineStyle>
				<PolyStyle>
					<color>ff0055ff</color>
					<colorMode>normal</colorMode>
				</PolyStyle>
			</Style>
			<ExtendedData>
				<SchemaData schemaUrl="#S_pmagsitesupdated_SSSSSS">
					<SimpleData name="Lat">15.440°</SimpleData>
					<SimpleData name="Long">77.835°</SimpleData>
					<SimpleData name="Dec">323°</SimpleData>
					<SimpleData name="Inc">-10°</SimpleData>
					<SimpleData name="Age">1.886</SimpleData>
					<SimpleData name="Reference">Parashuramulu et al., 2021</SimpleData>
				</SchemaData>
			</ExtendedData>
			<Point>
				<coordinates>77.83499999999997,15.43999999999999,0</coordinates>
			</Point>
		</Placemark>
		<Placemark>
			<styleUrl>#pointStyleMap0</styleUrl>
			<Style id="inline">
				<IconStyle>
					<color>ff0055ff</color>
					<colorMode>normal</colorMode>
					<Icon>
						<href>http://maps.google.com/mapfiles/kml/shapes/placemark_square.png</href>
					</Icon>
				</IconStyle>
				<LineStyle>
					<color>ff0055ff</color>
					<colorMode>normal</colorMode>
				</LineStyle>
				<PolyStyle>
					<color>ff0055ff</color>
					<colorMode>normal</colorMode>
				</PolyStyle>
			</Style>
			<ExtendedData>
				<SchemaData schemaUrl="#S_pmagsitesupdated_SSSSSS">
					<SimpleData name="Lat">15.348°</SimpleData>
					<SimpleData name="Long">77.816°</SimpleData>
					<SimpleData name="Dec">287°</SimpleData>
					<SimpleData name="Inc">-5°</SimpleData>
					<SimpleData name="Age">1.886</SimpleData>
					<SimpleData name="Reference">Parashuramulu et al., 2021</SimpleData>
				</SchemaData>
			</ExtendedData>
			<Point>
				<coordinates>77.81600000000003,15.34800000000003,0</coordinates>
			</Point>
		</Placemark>
		<Placemark>
			<styleUrl>#pointStyleMap0</styleUrl>
			<Style id="inline">
				<IconStyle>
					<color>ff0055ff</color>
					<colorMode>normal</colorMode>
					<Icon>
						<href>http://maps.google.com/mapfiles/kml/shapes/placemark_square.png</href>
					</Icon>
				</IconStyle>
				<LineStyle>
					<color>ff0055ff</color>
					<colorMode>normal</colorMode>
				</LineStyle>
				<PolyStyle>
					<color>ff0055ff</color>
					<colorMode>normal</colorMode>
				</PolyStyle>
			</Style>
			<ExtendedData>
				<SchemaData schemaUrl="#S_pmagsitesupdated_SSSSSS">
					<SimpleData name="Lat">14.419°</SimpleData>
					<SimpleData name="Long">78.129°</SimpleData>
					<SimpleData name="Dec">315°</SimpleData>
					<SimpleData name="Inc">-16°</SimpleData>
					<SimpleData name="Age">1.886</SimpleData>
					<SimpleData name="Reference">Parashuramulu et al., 2021</SimpleData>
				</SchemaData>
			</ExtendedData>
			<Point>
				<coordinates>78.129,14.41900000000002,0</coordinates>
			</Point>
		</Placemark>
		<Placemark>
			<styleUrl>#pointStyleMap0</styleUrl>
			<Style id="inline">
				<IconStyle>
					<color>ff0055ff</color>
					<colorMode>normal</colorMode>
					<Icon>
						<href>http://maps.google.com/mapfiles/kml/shapes/placemark_square.png</href>
					</Icon>
				</IconStyle>
				<LineStyle>
					<color>ff0055ff</color>
					<colorMode>normal</colorMode>
				</LineStyle>
				<PolyStyle>
					<color>ff0055ff</color>
					<colorMode>normal</colorMode>
				</PolyStyle>
			</Style>
			<ExtendedData>
				<SchemaData schemaUrl="#S_pmagsitesupdated_SSSSSS">
					<SimpleData name="Lat">14.463°</SimpleData>
					<SimpleData name="Long">78.137°</SimpleData>
					<SimpleData name="Dec">293°</SimpleData>
					<SimpleData name="Inc">-12°</SimpleData>
					<SimpleData name="Age">1.886</SimpleData>
					<SimpleData name="Reference">Parashuramulu et al., 2021</SimpleData>
				</SchemaData>
			</ExtendedData>
			<Point>
				<coordinates>78.13699999999999,14.46299999999999,0</coordinates>
			</Point>
		</Placemark>
		<Placemark>
			<styleUrl>#pointStyleMap0</styleUrl>
			<Style id="inline">
				<IconStyle>
					<color>ff0055ff</color>
					<colorMode>normal</colorMode>
					<Icon>
						<href>http://maps.google.com/mapfiles/kml/shapes/placemark_square.png</href>
					</Icon>
				</IconStyle>
				<LineStyle>
					<color>ff0055ff</color>
					<colorMode>normal</colorMode>
				</LineStyle>
				<PolyStyle>
					<color>ff0055ff</color>
					<colorMode>normal</colorMode>
				</PolyStyle>
			</Style>
			<ExtendedData>
				<SchemaData schemaUrl="#S_pmagsitesupdated_SSSSSS">
					<SimpleData name="Lat">14.457°</SimpleData>
					<SimpleData name="Long">78.442°</SimpleData>
					<SimpleData name="Dec">291°</SimpleData>
					<SimpleData name="Inc">-6°</SimpleData>
					<SimpleData name="Age">1.886</SimpleData>
					<SimpleData name="Reference">Parashuramulu et al., 2021</SimpleData>
				</SchemaData>
			</ExtendedData>
			<Point>
				<coordinates>78.44200000000002,14.45699999999999,0</coordinates>
			</Point>
		</Placemark>
		<Placemark>
			<styleUrl>#pointStyleMap0</styleUrl>
			<Style id="inline">
				<IconStyle>
					<color>ff0055ff</color>
					<colorMode>normal</colorMode>
					<Icon>
						<href>http://maps.google.com/mapfiles/kml/shapes/placemark_square.png</href>
					</Icon>
				</IconStyle>
				<LineStyle>
					<color>ff0055ff</color>
					<colorMode>normal</colorMode>
				</LineStyle>
				<PolyStyle>
					<color>ff0055ff</color>
					<colorMode>normal</colorMode>
				</PolyStyle>
			</Style>
			<ExtendedData>
				<SchemaData schemaUrl="#S_pmagsitesupdated_SSSSSS">
					<SimpleData name="Lat">13.289°</SimpleData>
					<SimpleData name="Long">76.459°</SimpleData>
					<SimpleData name="Dec">344°</SimpleData>
					<SimpleData name="Inc">15°</SimpleData>
					<SimpleData name="Age">1.886</SimpleData>
					<SimpleData name="Reference">Belica et al., 2014</SimpleData>
				</SchemaData>
			</ExtendedData>
			<Point>
				<coordinates>76.45900000000002,13.28899999999997,0</coordinates>
			</Point>
		</Placemark>
		<Placemark>
			<styleUrl>#pointStyleMap0</styleUrl>
			<Style id="inline">
				<IconStyle>
					<color>ff0055ff</color>
					<colorMode>normal</colorMode>
					<Icon>
						<href>http://maps.google.com/mapfiles/kml/shapes/placemark_square.png</href>
					</Icon>
				</IconStyle>
				<LineStyle>
					<color>ff0055ff</color>
					<colorMode>normal</colorMode>
				</LineStyle>
				<PolyStyle>
					<color>ff0055ff</color>
					<colorMode>normal</colorMode>
				</PolyStyle>
			</Style>
			<ExtendedData>
				<SchemaData schemaUrl="#S_pmagsitesupdated_SSSSSS">
					<SimpleData name="Lat">13.063°</SimpleData>
					<SimpleData name="Long">77.008°</SimpleData>
					<SimpleData name="Dec">337.1°</SimpleData>
					<SimpleData name="Inc">-13.9°</SimpleData>
					<SimpleData name="Age">1.886</SimpleData>
					<SimpleData name="Reference">Belica et al., 2014</SimpleData>
				</SchemaData>
			</ExtendedData>
			<Point>
				<coordinates>77.00799999999998,13.06300000000001,0</coordinates>
			</Point>
		</Placemark>
		<Placemark>
			<styleUrl>#pointStyleMap0</styleUrl>
			<Style id="inline">
				<IconStyle>
					<color>ff0055ff</color>
					<colorMode>normal</colorMode>
					<Icon>
						<href>http://maps.google.com/mapfiles/kml/shapes/placemark_square.png</href>
					</Icon>
				</IconStyle>
				<LineStyle>
					<color>ff0055ff</color>
					<colorMode>normal</colorMode>
				</LineStyle>
				<PolyStyle>
					<color>ff0055ff</color>
					<colorMode>normal</colorMode>
				</PolyStyle>
			</Style>
			<ExtendedData>
				<SchemaData schemaUrl="#S_pmagsitesupdated_SSSSSS">
					<SimpleData name="Lat">13.279°</SimpleData>
					<SimpleData name="Long">79.229°</SimpleData>
					<SimpleData name="Dec">283.3°</SimpleData>
					<SimpleData name="Inc">-26.5°</SimpleData>
					<SimpleData name="Age">1.886</SimpleData>
					<SimpleData name="Reference">Belica et al., 2014</SimpleData>
				</SchemaData>
			</ExtendedData>
			<Point>
				<coordinates>79.22899999999998,13.27899999999998,0</coordinates>
			</Point>
		</Placemark>
		<Placemark>
			<styleUrl>#pointStyleMap0</styleUrl>
			<Style id="inline">
				<IconStyle>
					<color>ff0055ff</color>
					<colorMode>normal</colorMode>
					<Icon>
						<href>http://maps.google.com/mapfiles/kml/shapes/placemark_square.png</href>
					</Icon>
				</IconStyle>
				<LineStyle>
					<color>ff0055ff</color>
					<colorMode>normal</colorMode>
				</LineStyle>
				<PolyStyle>
					<color>ff0055ff</color>
					<colorMode>normal</colorMode>
				</PolyStyle>
			</Style>
			<ExtendedData>
				<SchemaData schemaUrl="#S_pmagsitesupdated_SSSSSS">
					<SimpleData name="Lat">13.334°</SimpleData>
					<SimpleData name="Long">79.405°</SimpleData>
					<SimpleData name="Dec">289.7°</SimpleData>
					<SimpleData name="Inc">9.3°</SimpleData>
					<SimpleData name="Age">1.886</SimpleData>
					<SimpleData name="Reference">Belica et al., 2014</SimpleData>
				</SchemaData>
			</ExtendedData>
			<Point>
				<coordinates>79.40499999999997,13.33399999999998,0</coordinates>
			</Point>
		</Placemark>
		<Placemark>
			<styleUrl>#pointStyleMap0</styleUrl>
			<Style id="inline">
				<IconStyle>
					<color>ff0055ff</color>
					<colorMode>normal</colorMode>
					<Icon>
						<href>http://maps.google.com/mapfiles/kml/shapes/placemark_square.png</href>
					</Icon>
				</IconStyle>
				<LineStyle>
					<color>ff0055ff</color>
					<colorMode>normal</colorMode>
				</LineStyle>
				<PolyStyle>
					<color>ff0055ff</color>
					<colorMode>normal</colorMode>
				</PolyStyle>
			</Style>
			<ExtendedData>
				<SchemaData schemaUrl="#S_pmagsitesupdated_SSSSSS">
					<SimpleData name="Lat">13.488°</SimpleData>
					<SimpleData name="Long">78.831°</SimpleData>
					<SimpleData name="Dec">287.1°</SimpleData>
					<SimpleData name="Inc">5.4°</SimpleData>
					<SimpleData name="Age">1.886</SimpleData>
					<SimpleData name="Reference">Belica et al., 2014</SimpleData>
				</SchemaData>
			</ExtendedData>
			<Point>
				<coordinates>78.83100000000002,13.48799999999999,0</coordinates>
			</Point>
		</Placemark>
		<Placemark>
			<styleUrl>#pointStyleMap0</styleUrl>
			<Style id="inline">
				<IconStyle>
					<color>ff0055ff</color>
					<colorMode>normal</colorMode>
					<Icon>
						<href>http://maps.google.com/mapfiles/kml/shapes/placemark_square.png</href>
					</Icon>
				</IconStyle>
				<LineStyle>
					<color>ff0055ff</color>
					<colorMode>normal</colorMode>
				</LineStyle>
				<PolyStyle>
					<color>ff0055ff</color>
					<colorMode>normal</colorMode>
				</PolyStyle>
			</Style>
			<ExtendedData>
				<SchemaData schemaUrl="#S_pmagsitesupdated_SSSSSS">
					<SimpleData name="Lat">13.541°</SimpleData>
					<SimpleData name="Long">79.011°</SimpleData>
					<SimpleData name="Dec">286.3°</SimpleData>
					<SimpleData name="Inc">-22.3°</SimpleData>
					<SimpleData name="Age">1.886</SimpleData>
					<SimpleData name="Reference">Belica et al., 2014</SimpleData>
				</SchemaData>
			</ExtendedData>
			<Point>
				<coordinates>79.01099999999995,13.54099999999998,0</coordinates>
			</Point>
		</Placemark>
		<Placemark>
			<styleUrl>#pointStyleMap0</styleUrl>
			<Style id="inline">
				<IconStyle>
					<color>ff0055ff</color>
					<colorMode>normal</colorMode>
					<Icon>
						<href>http://maps.google.com/mapfiles/kml/shapes/placemark_square.png</href>
					</Icon>
				</IconStyle>
				<LineStyle>
					<color>ff0055ff</color>
					<colorMode>normal</colorMode>
				</LineStyle>
				<PolyStyle>
					<color>ff0055ff</color>
					<colorMode>normal</colorMode>
				</PolyStyle>
			</Style>
			<ExtendedData>
				<SchemaData schemaUrl="#S_pmagsitesupdated_SSSSSS">
					<SimpleData name="Lat">13.25°</SimpleData>
					<SimpleData name="Long">79.10°</SimpleData>
					<SimpleData name="Dec">295°</SimpleData>
					<SimpleData name="Inc">-3°</SimpleData>
					<SimpleData name="Age">1.886</SimpleData>
					<SimpleData name="Reference">Belica et al., 2014</SimpleData>
				</SchemaData>
			</ExtendedData>
			<Point>
				<coordinates>79.10000000000001,13.24999999999999,0</coordinates>
			</Point>
		</Placemark>
		<Placemark>
			<styleUrl>#pointStyleMap0</styleUrl>
			<Style id="inline">
				<IconStyle>
					<color>ff0055ff</color>
					<colorMode>normal</colorMode>
					<Icon>
						<href>http://maps.google.com/mapfiles/kml/shapes/placemark_square.png</href>
					</Icon>
				</IconStyle>
				<LineStyle>
					<color>ff0055ff</color>
					<colorMode>normal</colorMode>
				</LineStyle>
				<PolyStyle>
					<color>ff0055ff</color>
					<colorMode>normal</colorMode>
				</PolyStyle>
			</Style>
			<ExtendedData>
				<SchemaData schemaUrl="#S_pmagsitesupdated_SSSSSS">
					<SimpleData name="Lat">14.106°</SimpleData>
					<SimpleData name="Long">78.127°</SimpleData>
					<SimpleData name="Dec">307.5°</SimpleData>
					<SimpleData name="Inc">-14.9°</SimpleData>
					<SimpleData name="Age">1.886</SimpleData>
					<SimpleData name="Reference">Belica et al., 2014</SimpleData>
				</SchemaData>
			</ExtendedData>
			<Point>
				<coordinates>78.127,14.10600000000001,0</coordinates>
			</Point>
		</Placemark>
		<Placemark>
			<styleUrl>#pointStyleMap0</styleUrl>
			<Style id="inline">
				<IconStyle>
					<color>ff0055ff</color>
					<colorMode>normal</colorMode>
					<Icon>
						<href>http://maps.google.com/mapfiles/kml/shapes/placemark_square.png</href>
					</Icon>
				</IconStyle>
				<LineStyle>
					<color>ff0055ff</color>
					<colorMode>normal</colorMode>
				</LineStyle>
				<PolyStyle>
					<color>ff0055ff</color>
					<colorMode>normal</colorMode>
				</PolyStyle>
			</Style>
			<ExtendedData>
				<SchemaData schemaUrl="#S_pmagsitesupdated_SSSSSS">
					<SimpleData name="Lat">14.138°</SimpleData>
					<SimpleData name="Long">77.935°</SimpleData>
					<SimpleData name="Dec">286.2°</SimpleData>
					<SimpleData name="Inc">8.8°</SimpleData>
					<SimpleData name="Age">1.886</SimpleData>
					<SimpleData name="Reference">Belica et al., 2014</SimpleData>
				</SchemaData>
			</ExtendedData>
			<Point>
				<coordinates>77.93500000000002,14.13800000000002,0</coordinates>
			</Point>
		</Placemark>
		<Placemark>
			<styleUrl>#pointStyleMap0</styleUrl>
			<Style id="inline">
				<IconStyle>
					<color>ff0055ff</color>
					<colorMode>normal</colorMode>
					<Icon>
						<href>http://maps.google.com/mapfiles/kml/shapes/placemark_square.png</href>
					</Icon>
				</IconStyle>
				<LineStyle>
					<color>ff0055ff</color>
					<colorMode>normal</colorMode>
				</LineStyle>
				<PolyStyle>
					<color>ff0055ff</color>
					<colorMode>normal</colorMode>
				</PolyStyle>
			</Style>
			<ExtendedData>
				<SchemaData schemaUrl="#S_pmagsitesupdated_SSSSSS">
					<SimpleData name="Lat">14.77°</SimpleData>
					<SimpleData name="Long">78.172°</SimpleData>
					<SimpleData name="Dec">314.4°</SimpleData>
					<SimpleData name="Inc">8°</SimpleData>
					<SimpleData name="Age">1.886</SimpleData>
					<SimpleData name="Reference">Belica et al., 2014</SimpleData>
				</SchemaData>
			</ExtendedData>
			<Point>
				<coordinates>78.17200000000001,14.77,0</coordinates>
			</Point>
		</Placemark>
		<Placemark>
			<styleUrl>#pointStyleMap0</styleUrl>
			<Style id="inline">
				<IconStyle>
					<color>ff0055ff</color>
					<colorMode>normal</colorMode>
					<Icon>
						<href>http://maps.google.com/mapfiles/kml/shapes/placemark_square.png</href>
					</Icon>
				</IconStyle>
				<LineStyle>
					<color>ff0055ff</color>
					<colorMode>normal</colorMode>
				</LineStyle>
				<PolyStyle>
					<color>ff0055ff</color>
					<colorMode>normal</colorMode>
				</PolyStyle>
			</Style>
			<ExtendedData>
				<SchemaData schemaUrl="#S_pmagsitesupdated_SSSSSS">
					<SimpleData name="Lat">15.34°</SimpleData>
					<SimpleData name="Long">77.810°</SimpleData>
					<SimpleData name="Dec">332°</SimpleData>
					<SimpleData name="Inc">-3°</SimpleData>
					<SimpleData name="Age">1.886</SimpleData>
					<SimpleData name="Reference">Belica et al., 2014</SimpleData>
				</SchemaData>
			</ExtendedData>
			<Point>
				<coordinates>77.81,15.34000000000002,0</coordinates>
			</Point>
		</Placemark>
		<Placemark>
			<styleUrl>#pointStyleMap0</styleUrl>
			<Style id="inline">
				<IconStyle>
					<color>ff0055ff</color>
					<colorMode>normal</colorMode>
					<Icon>
						<href>http://maps.google.com/mapfiles/kml/shapes/placemark_square.png</href>
					</Icon>
				</IconStyle>
				<LineStyle>
					<color>ff0055ff</color>
					<colorMode>normal</colorMode>
				</LineStyle>
				<PolyStyle>
					<color>ff0055ff</color>
					<colorMode>normal</colorMode>
				</PolyStyle>
			</Style>
			<ExtendedData>
				<SchemaData schemaUrl="#S_pmagsitesupdated_SSSSSS">
					<SimpleData name="Lat">16.64°</SimpleData>
					<SimpleData name="Long">77.85°</SimpleData>
					<SimpleData name="Dec">301.2°</SimpleData>
					<SimpleData name="Inc">5.1°</SimpleData>
					<SimpleData name="Age">1.886</SimpleData>
					<SimpleData name="Reference">Belica et al., 2014</SimpleData>
				</SchemaData>
			</ExtendedData>
			<Point>
				<coordinates>77.85000000000002,16.63999999999998,0</coordinates>
			</Point>
		</Placemark>
		<Placemark>
			<styleUrl>#pointStyleMap0</styleUrl>
			<Style id="inline">
				<IconStyle>
					<color>ff0055ff</color>
					<colorMode>normal</colorMode>
					<Icon>
						<href>http://maps.google.com/mapfiles/kml/shapes/placemark_square.png</href>
					</Icon>
				</IconStyle>
				<LineStyle>
					<color>ff0055ff</color>
					<colorMode>normal</colorMode>
				</LineStyle>
				<PolyStyle>
					<color>ff0055ff</color>
					<colorMode>normal</colorMode>
				</PolyStyle>
			</Style>
			<ExtendedData>
				<SchemaData schemaUrl="#S_pmagsitesupdated_SSSSSS">
					<SimpleData name="Lat">18.99°</SimpleData>
					<SimpleData name="Long">81.61°</SimpleData>
					<SimpleData name="Dec">330°</SimpleData>
					<SimpleData name="Inc">-14°</SimpleData>
					<SimpleData name="Age">1.886</SimpleData>
					<SimpleData name="Reference">Belica et al., 2014</SimpleData>
				</SchemaData>
			</ExtendedData>
			<Point>
				<coordinates>81.61000000000003,18.99000000000003,0</coordinates>
			</Point>
		</Placemark>
		<Placemark>
			<styleUrl>#pointStyleMap0</styleUrl>
			<Style id="inline">
				<IconStyle>
					<color>ff0055ff</color>
					<colorMode>normal</colorMode>
					<Icon>
						<href>http://maps.google.com/mapfiles/kml/shapes/placemark_square.png</href>
					</Icon>
				</IconStyle>
				<LineStyle>
					<color>ff0055ff</color>
					<colorMode>normal</colorMode>
				</LineStyle>
				<PolyStyle>
					<color>ff0055ff</color>
					<colorMode>normal</colorMode>
				</PolyStyle>
			</Style>
			<ExtendedData>
				<SchemaData schemaUrl="#S_pmagsitesupdated_SSSSSS">
					<SimpleData name="Lat">16.64°</SimpleData>
					<SimpleData name="Long">77.85°</SimpleData>
					<SimpleData name="Dec">286°</SimpleData>
					<SimpleData name="Inc">-12°</SimpleData>
					<SimpleData name="Age">1.886</SimpleData>
					<SimpleData name="Reference">Belica et al., 2014</SimpleData>
				</SchemaData>
			</ExtendedData>
			<Point>
				<coordinates>77.85000000000002,16.63999999999998,0</coordinates>
			</Point>
		</Placemark>
		<Placemark>
			<styleUrl>#pointStyleMap0</styleUrl>
			<Style id="inline">
				<IconStyle>
					<color>ff0055ff</color>
					<colorMode>normal</colorMode>
					<Icon>
						<href>http://maps.google.com/mapfiles/kml/shapes/placemark_square.png</href>
					</Icon>
				</IconStyle>
				<LineStyle>
					<color>ff0055ff</color>
					<colorMode>normal</colorMode>
				</LineStyle>
				<PolyStyle>
					<color>ff0055ff</color>
					<colorMode>normal</colorMode>
				</PolyStyle>
			</Style>
			<ExtendedData>
				<SchemaData schemaUrl="#S_pmagsitesupdated_SSSSSS">
					<SimpleData name="Lat">15.4°</SimpleData>
					<SimpleData name="Long">77.8°</SimpleData>
					<SimpleData name="Dec">306°</SimpleData>
					<SimpleData name="Inc">-22°</SimpleData>
					<SimpleData name="Age">1.886</SimpleData>
					<SimpleData name="Reference">Belica et al., 2014</SimpleData>
				</SchemaData>
			</ExtendedData>
			<Point>
				<coordinates>77.80000000000001,15.40000000000001,0</coordinates>
			</Point>
		</Placemark>
		<Placemark>
			<styleUrl>#pointStyleMap0</styleUrl>
			<Style id="inline">
				<IconStyle>
					<color>ff0055ff</color>
					<colorMode>normal</colorMode>
					<Icon>
						<href>http://maps.google.com/mapfiles/kml/shapes/placemark_square.png</href>
					</Icon>
				</IconStyle>
				<LineStyle>
					<color>ff0055ff</color>
					<colorMode>normal</colorMode>
				</LineStyle>
				<PolyStyle>
					<color>ff0055ff</color>
					<colorMode>normal</colorMode>
				</PolyStyle>
			</Style>
			<ExtendedData>
				<SchemaData schemaUrl="#S_pmagsitesupdated_SSSSSS">
					<SimpleData name="Lat">15.4°</SimpleData>
					<SimpleData name="Long">77.8°</SimpleData>
					<SimpleData name="Dec">321°</SimpleData>
					<SimpleData name="Inc">-4.2°</SimpleData>
					<SimpleData name="Age">1.886</SimpleData>
					<SimpleData name="Reference">Belica et al., 2014</SimpleData>
				</SchemaData>
			</ExtendedData>
			<Point>
				<coordinates>77.80000000000001,15.40000000000001,0</coordinates>
			</Point>
		</Placemark>
		<Placemark>
			<styleUrl>#pointStyleMap0</styleUrl>
			<Style id="inline">
				<IconStyle>
					<color>ff0055ff</color>
					<colorMode>normal</colorMode>
					<Icon>
						<href>http://maps.google.com/mapfiles/kml/shapes/placemark_square.png</href>
					</Icon>
				</IconStyle>
				<LineStyle>
					<color>ff0055ff</color>
					<colorMode>normal</colorMode>
				</LineStyle>
				<PolyStyle>
					<color>ff0055ff</color>
					<colorMode>normal</colorMode>
				</PolyStyle>
			</Style>
			<ExtendedData>
				<SchemaData schemaUrl="#S_pmagsitesupdated_SSSSSS">
					<SimpleData name="Lat">15.3°</SimpleData>
					<SimpleData name="Long">77.8°</SimpleData>
					<SimpleData name="Dec">315°</SimpleData>
					<SimpleData name="Inc">3.1°</SimpleData>
					<SimpleData name="Age">1.886</SimpleData>
					<SimpleData name="Reference">Belica et al., 2014</SimpleData>
				</SchemaData>
			</ExtendedData>
			<Point>
				<coordinates>77.80000000000001,15.29999999999999,0</coordinates>
			</Point>
		</Placemark>
		<Placemark>
			<styleUrl>#pointStyleMap0</styleUrl>
			<Style id="inline">
				<IconStyle>
					<color>ff0055ff</color>
					<colorMode>normal</colorMode>
					<Icon>
						<href>http://maps.google.com/mapfiles/kml/shapes/placemark_square.png</href>
					</Icon>
				</IconStyle>
				<LineStyle>
					<color>ff0055ff</color>
					<colorMode>normal</colorMode>
				</LineStyle>
				<PolyStyle>
					<color>ff0055ff</color>
					<colorMode>normal</colorMode>
				</PolyStyle>
			</Style>
			<ExtendedData>
				<SchemaData schemaUrl="#S_pmagsitesupdated_SSSSSS">
					<SimpleData name="Lat">14.2°</SimpleData>
					<SimpleData name="Long">77.8°</SimpleData>
					<SimpleData name="Dec">320°</SimpleData>
					<SimpleData name="Inc">-16°</SimpleData>
					<SimpleData name="Age">1.886</SimpleData>
					<SimpleData name="Reference">Belica et al., 2014</SimpleData>
				</SchemaData>
			</ExtendedData>
			<Point>
				<coordinates>77.80000000000001,14.19999999999998,0</coordinates>
			</Point>
		</Placemark>
		<Placemark>
			<styleUrl>#pointStyleMap0</styleUrl>
			<Style id="inline">
				<IconStyle>
					<color>ff0055ff</color>
					<colorMode>normal</colorMode>
					<Icon>
						<href>http://maps.google.com/mapfiles/kml/shapes/placemark_square.png</href>
					</Icon>
				</IconStyle>
				<LineStyle>
					<color>ff0055ff</color>
					<colorMode>normal</colorMode>
				</LineStyle>
				<PolyStyle>
					<color>ff0055ff</color>
					<colorMode>normal</colorMode>
				</PolyStyle>
			</Style>
			<ExtendedData>
				<SchemaData schemaUrl="#S_pmagsitesupdated_SSSSSS">
					<SimpleData name="Lat">13.31°</SimpleData>
					<SimpleData name="Long">76.46°</SimpleData>
					<SimpleData name="Dec">296°</SimpleData>
					<SimpleData name="Inc">-12°</SimpleData>
					<SimpleData name="Age">1.886</SimpleData>
					<SimpleData name="Reference">Belica et al., 2014</SimpleData>
				</SchemaData>
			</ExtendedData>
			<Point>
				<coordinates>76.45999999999998,13.30999999999999,0</coordinates>
			</Point>
		</Placemark>
		<Placemark>
			<styleUrl>#pointStyleMap0</styleUrl>
			<Style id="inline">
				<IconStyle>
					<color>ff0055ff</color>
					<colorMode>normal</colorMode>
					<Icon>
						<href>http://maps.google.com/mapfiles/kml/shapes/placemark_square.png</href>
					</Icon>
				</IconStyle>
				<LineStyle>
					<color>ff0055ff</color>
					<colorMode>normal</colorMode>
				</LineStyle>
				<PolyStyle>
					<color>ff0055ff</color>
					<colorMode>normal</colorMode>
				</PolyStyle>
			</Style>
			<ExtendedData>
				<SchemaData schemaUrl="#S_pmagsitesupdated_SSSSSS">
					<SimpleData name="Lat">13.52°</SimpleData>
					<SimpleData name="Long">78.80°</SimpleData>
					<SimpleData name="Dec">315°</SimpleData>
					<SimpleData name="Inc">-1°</SimpleData>
					<SimpleData name="Age">1.886</SimpleData>
					<SimpleData name="Reference">Belica et al., 2014</SimpleData>
				</SchemaData>
			</ExtendedData>
			<Point>
				<coordinates>78.80000000000001,13.52,0</coordinates>
			</Point>
		</Placemark>
		<Placemark>
			<styleUrl>#pointStyleMap0</styleUrl>
			<Style id="inline">
				<IconStyle>
					<color>ff0055ff</color>
					<colorMode>normal</colorMode>
					<Icon>
						<href>http://maps.google.com/mapfiles/kml/shapes/placemark_square.png</href>
					</Icon>
				</IconStyle>
				<LineStyle>
					<color>ff0055ff</color>
					<colorMode>normal</colorMode>
				</LineStyle>
				<PolyStyle>
					<color>ff0055ff</color>
					<colorMode>normal</colorMode>
				</PolyStyle>
			</Style>
			<ExtendedData>
				<SchemaData schemaUrl="#S_pmagsitesupdated_SSSSSS">
					<SimpleData name="Lat">14.246°</SimpleData>
					<SimpleData name="Long">78.079°</SimpleData>
					<SimpleData name="Dec">324.2°</SimpleData>
					<SimpleData name="Inc">10.1°</SimpleData>
					<SimpleData name="Age">1.886</SimpleData>
					<SimpleData name="Reference">Belica et al., 2014</SimpleData>
				</SchemaData>
			</ExtendedData>
			<Point>
				<coordinates>78.07900000000001,14.246,0</coordinates>
			</Point>
		</Placemark>
		<Placemark>
			<styleUrl>#pointStyleMap0</styleUrl>
			<Style id="inline">
				<IconStyle>
					<color>ff0055ff</color>
					<colorMode>normal</colorMode>
					<Icon>
						<href>http://maps.google.com/mapfiles/kml/shapes/placemark_square.png</href>
					</Icon>
				</IconStyle>
				<LineStyle>
					<color>ff0055ff</color>
					<colorMode>normal</colorMode>
				</LineStyle>
				<PolyStyle>
					<color>ff0055ff</color>
					<colorMode>normal</colorMode>
				</PolyStyle>
			</Style>
			<ExtendedData>
				<SchemaData schemaUrl="#S_pmagsitesupdated_SSSSSS">
					<SimpleData name="Lat">13.973°</SimpleData>
					<SimpleData name="Long">77.805°</SimpleData>
					<SimpleData name="Dec">321°</SimpleData>
					<SimpleData name="Inc">1.7°</SimpleData>
					<SimpleData name="Age">1.886</SimpleData>
					<SimpleData name="Reference">Belica et al., 2014</SimpleData>
				</SchemaData>
			</ExtendedData>
			<Point>
				<coordinates>77.80500000000001,13.97300000000001,0</coordinates>
			</Point>
		</Placemark>
		<Placemark>
			<styleUrl>#pointStyleMap0</styleUrl>
			<Style id="inline">
				<IconStyle>
					<color>ff0055ff</color>
					<colorMode>normal</colorMode>
					<Icon>
						<href>http://maps.google.com/mapfiles/kml/shapes/placemark_square.png</href>
					</Icon>
				</IconStyle>
				<LineStyle>
					<color>ff0055ff</color>
					<colorMode>normal</colorMode>
				</LineStyle>
				<PolyStyle>
					<color>ff0055ff</color>
					<colorMode>normal</colorMode>
				</PolyStyle>
			</Style>
			<ExtendedData>
				<SchemaData schemaUrl="#S_pmagsitesupdated_SSSSSS">
					<SimpleData name="Lat">16.60°</SimpleData>
					<SimpleData name="Long">77.90°</SimpleData>
					<SimpleData name="Dec">308°</SimpleData>
					<SimpleData name="Inc">10°</SimpleData>
					<SimpleData name="Age">1.886</SimpleData>
					<SimpleData name="Reference">Belica et al., 2014</SimpleData>
				</SchemaData>
			</ExtendedData>
			<Point>
				<coordinates>77.89999999999999,16.6,0</coordinates>
			</Point>
		</Placemark>
		<Placemark>
			<styleUrl>#pointStyleMap0</styleUrl>
			<Style id="inline">
				<IconStyle>
					<color>ff0055ff</color>
					<colorMode>normal</colorMode>
					<Icon>
						<href>http://maps.google.com/mapfiles/kml/shapes/placemark_square.png</href>
					</Icon>
				</IconStyle>
				<LineStyle>
					<color>ff0055ff</color>
					<colorMode>normal</colorMode>
				</LineStyle>
				<PolyStyle>
					<color>ff0055ff</color>
					<colorMode>normal</colorMode>
				</PolyStyle>
			</Style>
			<ExtendedData>
				<SchemaData schemaUrl="#S_pmagsitesupdated_SSSSSS">
					<SimpleData name="Lat">14.193°</SimpleData>
					<SimpleData name="Long">77.814°</SimpleData>
					<SimpleData name="Dec">330.4°</SimpleData>
					<SimpleData name="Inc">-36.1°</SimpleData>
					<SimpleData name="Age">1.886</SimpleData>
					<SimpleData name="Reference">Belica et al., 2014</SimpleData>
				</SchemaData>
			</ExtendedData>
			<Point>
				<coordinates>77.81399999999998,14.19300000000002,0</coordinates>
			</Point>
		</Placemark>
		<Placemark>
			<styleUrl>#pointStyleMap0</styleUrl>
			<Style id="inline">
				<IconStyle>
					<color>ff0055ff</color>
					<colorMode>normal</colorMode>
					<Icon>
						<href>http://maps.google.com/mapfiles/kml/shapes/placemark_square.png</href>
					</Icon>
				</IconStyle>
				<LineStyle>
					<color>ff0055ff</color>
					<colorMode>normal</colorMode>
				</LineStyle>
				<PolyStyle>
					<color>ff0055ff</color>
					<colorMode>normal</colorMode>
				</PolyStyle>
			</Style>
			<ExtendedData>
				<SchemaData schemaUrl="#S_pmagsitesupdated_SSSSSS">
					<SimpleData name="Lat">16.45°</SimpleData>
					<SimpleData name="Long">78.16°</SimpleData>
					<SimpleData name="Dec">320.1°</SimpleData>
					<SimpleData name="Inc">3.9°</SimpleData>
					<SimpleData name="Age">1.886</SimpleData>
					<SimpleData name="Reference">Radhakrishna et al., 2013b</SimpleData>
				</SchemaData>
			</ExtendedData>
			<Point>
				<coordinates>78.15999999999997,16.44999999999997,0</coordinates>
			</Point>
		</Placemark>
		<Placemark>
			<styleUrl>#pointStyleMap0</styleUrl>
			<Style id="inline">
				<IconStyle>
					<color>ff0055ff</color>
					<colorMode>normal</colorMode>
					<Icon>
						<href>http://maps.google.com/mapfiles/kml/shapes/placemark_square.png</href>
					</Icon>
				</IconStyle>
				<LineStyle>
					<color>ff0055ff</color>
					<colorMode>normal</colorMode>
				</LineStyle>
				<PolyStyle>
					<color>ff0055ff</color>
					<colorMode>normal</colorMode>
				</PolyStyle>
			</Style>
			<ExtendedData>
				<SchemaData schemaUrl="#S_pmagsitesupdated_SSSSSS">
					<SimpleData name="Lat">16.76°</SimpleData>
					<SimpleData name="Long">77.80°</SimpleData>
					<SimpleData name="Dec">337.8°</SimpleData>
					<SimpleData name="Inc">9.1°</SimpleData>
					<SimpleData name="Age">1.886</SimpleData>
					<SimpleData name="Reference">Radhakrishna et al., 2013b</SimpleData>
				</SchemaData>
			</ExtendedData>
			<Point>
				<coordinates>77.80000000000001,16.76000000000001,0</coordinates>
			</Point>
		</Placemark>
		<Placemark>
			<styleUrl>#pointStyleMap0</styleUrl>
			<Style id="inline">
				<IconStyle>
					<color>ff0055ff</color>
					<colorMode>normal</colorMode>
					<Icon>
						<href>http://maps.google.com/mapfiles/kml/shapes/placemark_square.png</href>
					</Icon>
				</IconStyle>
				<LineStyle>
					<color>ff0055ff</color>
					<colorMode>normal</colorMode>
				</LineStyle>
				<PolyStyle>
					<color>ff0055ff</color>
					<colorMode>normal</colorMode>
				</PolyStyle>
			</Style>
			<ExtendedData>
				<SchemaData schemaUrl="#S_pmagsitesupdated_SSSSSS">
					<SimpleData name="Lat">15.21°</SimpleData>
					<SimpleData name="Long">77.73°</SimpleData>
					<SimpleData name="Dec">327.1°</SimpleData>
					<SimpleData name="Inc">9.4°</SimpleData>
					<SimpleData name="Age">1.886</SimpleData>
					<SimpleData name="Reference">Radhakrishna et al., 2013b</SimpleData>
				</SchemaData>
			</ExtendedData>
			<Point>
				<coordinates>77.73000000000003,15.21,0</coordinates>
			</Point>
		</Placemark>
		<Placemark>
			<styleUrl>#pointStyleMap0</styleUrl>
			<Style id="inline">
				<IconStyle>
					<color>ff0055ff</color>
					<colorMode>normal</colorMode>
					<Icon>
						<href>http://maps.google.com/mapfiles/kml/shapes/placemark_square.png</href>
					</Icon>
				</IconStyle>
				<LineStyle>
					<color>ff0055ff</color>
					<colorMode>normal</colorMode>
				</LineStyle>
				<PolyStyle>
					<color>ff0055ff</color>
					<colorMode>normal</colorMode>
				</PolyStyle>
			</Style>
			<ExtendedData>
				<SchemaData schemaUrl="#S_pmagsitesupdated_SSSSSS">
					<SimpleData name="Lat">15.35°</SimpleData>
					<SimpleData name="Long">77.82°</SimpleData>
					<SimpleData name="Dec">335.4°</SimpleData>
					<SimpleData name="Inc">-11.5°</SimpleData>
					<SimpleData name="Age">1.886</SimpleData>
					<SimpleData name="Reference">Radhakrishna et al., 2013b</SimpleData>
				</SchemaData>
			</ExtendedData>
			<Point>
				<coordinates>77.81999999999998,15.35,0</coordinates>
			</Point>
		</Placemark>
		<Placemark>
			<styleUrl>#pointStyleMap0</styleUrl>
			<Style id="inline">
				<IconStyle>
					<color>ff0055ff</color>
					<colorMode>normal</colorMode>
					<Icon>
						<href>http://maps.google.com/mapfiles/kml/shapes/placemark_square.png</href>
					</Icon>
				</IconStyle>
				<LineStyle>
					<color>ff0055ff</color>
					<colorMode>normal</colorMode>
				</LineStyle>
				<PolyStyle>
					<color>ff0055ff</color>
					<colorMode>normal</colorMode>
				</PolyStyle>
			</Style>
			<ExtendedData>
				<SchemaData schemaUrl="#S_pmagsitesupdated_SSSSSS">
					<SimpleData name="Lat">14.10°</SimpleData>
					<SimpleData name="Long">79.26°</SimpleData>
					<SimpleData name="Dec">320.9°</SimpleData>
					<SimpleData name="Inc">3.1°</SimpleData>
					<SimpleData name="Age">1.886</SimpleData>
					<SimpleData name="Reference">Radhakrishna et al., 2013b</SimpleData>
				</SchemaData>
			</ExtendedData>
			<Point>
				<coordinates>79.25999999999999,14.1,0</coordinates>
			</Point>
		</Placemark>
		<Placemark>
			<styleUrl>#pointStyleMap0</styleUrl>
			<Style id="inline">
				<IconStyle>
					<color>ff0055ff</color>
					<colorMode>normal</colorMode>
					<Icon>
						<href>http://maps.google.com/mapfiles/kml/shapes/placemark_square.png</href>
					</Icon>
				</IconStyle>
				<LineStyle>
					<color>ff0055ff</color>
					<colorMode>normal</colorMode>
				</LineStyle>
				<PolyStyle>
					<color>ff0055ff</color>
					<colorMode>normal</colorMode>
				</PolyStyle>
			</Style>
			<ExtendedData>
				<SchemaData schemaUrl="#S_pmagsitesupdated_SSSSSS">
					<SimpleData name="Lat">16.80°</SimpleData>
					<SimpleData name="Long">79.70°</SimpleData>
					<SimpleData name="Dec">320.3°</SimpleData>
					<SimpleData name="Inc">-4.8°</SimpleData>
					<SimpleData name="Age">1.886</SimpleData>
					<SimpleData name="Reference">Radhakrishna et al., 2013b</SimpleData>
				</SchemaData>
			</ExtendedData>
			<Point>
				<coordinates>79.69999999999999,16.80000000000003,0</coordinates>
			</Point>
		</Placemark>
		<Placemark>
			<styleUrl>#pointStyleMap0</styleUrl>
			<Style id="inline">
				<IconStyle>
					<color>ff0055ff</color>
					<colorMode>normal</colorMode>
					<Icon>
						<href>http://maps.google.com/mapfiles/kml/shapes/placemark_square.png</href>
					</Icon>
				</IconStyle>
				<LineStyle>
					<color>ff0055ff</color>
					<colorMode>normal</colorMode>
				</LineStyle>
				<PolyStyle>
					<color>ff0055ff</color>
					<colorMode>normal</colorMode>
				</PolyStyle>
			</Style>
			<ExtendedData>
				<SchemaData schemaUrl="#S_pmagsitesupdated_SSSSSS">
					<SimpleData name="Lat">13.51°</SimpleData>
					<SimpleData name="Long">79.38°</SimpleData>
					<SimpleData name="Dec">321.2°</SimpleData>
					<SimpleData name="Inc">-6.2°</SimpleData>
					<SimpleData name="Age">1.886</SimpleData>
					<SimpleData name="Reference">Radhakrishna et al., 2013b</SimpleData>
				</SchemaData>
			</ExtendedData>
			<Point>
				<coordinates>79.38000000000001,13.50999999999998,0</coordinates>
			</Point>
		</Placemark>
		<Placemark>
			<styleUrl>#pointStyleMap0</styleUrl>
			<Style id="inline">
				<IconStyle>
					<color>ff0055ff</color>
					<colorMode>normal</colorMode>
					<Icon>
						<href>http://maps.google.com/mapfiles/kml/shapes/placemark_square.png</href>
					</Icon>
				</IconStyle>
				<LineStyle>
					<color>ff0055ff</color>
					<colorMode>normal</colorMode>
				</LineStyle>
				<PolyStyle>
					<color>ff0055ff</color>
					<colorMode>normal</colorMode>
				</PolyStyle>
			</Style>
			<ExtendedData>
				<SchemaData schemaUrl="#S_pmagsitesupdated_SSSSSS">
					<SimpleData name="Lat">14.02°</SimpleData>
					<SimpleData name="Long">78.65°</SimpleData>
					<SimpleData name="Dec">308.6°</SimpleData>
					<SimpleData name="Inc">-0.1°</SimpleData>
					<SimpleData name="Age">1.886</SimpleData>
					<SimpleData name="Reference">Radhakrishna et al., 2013b</SimpleData>
				</SchemaData>
			</ExtendedData>
			<Point>
				<coordinates>78.64999999999998,14.02,0</coordinates>
			</Point>
		</Placemark>
		<Placemark>
			<styleUrl>#pointStyleMap0</styleUrl>
			<Style id="inline">
				<IconStyle>
					<color>ff0055ff</color>
					<colorMode>normal</colorMode>
					<Icon>
						<href>http://maps.google.com/mapfiles/kml/shapes/placemark_square.png</href>
					</Icon>
				</IconStyle>
				<LineStyle>
					<color>ff0055ff</color>
					<colorMode>normal</colorMode>
				</LineStyle>
				<PolyStyle>
					<color>ff0055ff</color>
					<colorMode>normal</colorMode>
				</PolyStyle>
			</Style>
			<ExtendedData>
				<SchemaData schemaUrl="#S_pmagsitesupdated_SSSSSS">
					<SimpleData name="Lat">13.81°</SimpleData>
					<SimpleData name="Long">78.80°</SimpleData>
					<SimpleData name="Dec">255.1°</SimpleData>
					<SimpleData name="Inc">-14.7°</SimpleData>
					<SimpleData name="Age">1.886</SimpleData>
					<SimpleData name="Reference">Radhakrishna et al., 2013b</SimpleData>
				</SchemaData>
			</ExtendedData>
			<Point>
				<coordinates>78.80000000000001,13.80999999999998,0</coordinates>
			</Point>
		</Placemark>
		<Placemark>
			<styleUrl>#pointStyleMap0</styleUrl>
			<Style id="inline">
				<IconStyle>
					<color>ff0055ff</color>
					<colorMode>normal</colorMode>
					<Icon>
						<href>http://maps.google.com/mapfiles/kml/shapes/placemark_square.png</href>
					</Icon>
				</IconStyle>
				<LineStyle>
					<color>ff0055ff</color>
					<colorMode>normal</colorMode>
				</LineStyle>
				<PolyStyle>
					<color>ff0055ff</color>
					<colorMode>normal</colorMode>
				</PolyStyle>
			</Style>
			<ExtendedData>
				<SchemaData schemaUrl="#S_pmagsitesupdated_SSSSSS">
					<SimpleData name="Lat">13.44°</SimpleData>
					<SimpleData name="Long">79.28°</SimpleData>
					<SimpleData name="Dec">268.8°</SimpleData>
					<SimpleData name="Inc">15.3°</SimpleData>
					<SimpleData name="Age">1.886</SimpleData>
					<SimpleData name="Reference">Radhakrishna et al., 2013b</SimpleData>
				</SchemaData>
			</ExtendedData>
			<Point>
				<coordinates>79.27999999999996,13.44,0</coordinates>
			</Point>
		</Placemark>
		<Placemark>
			<styleUrl>#pointStyleMap0</styleUrl>
			<Style id="inline">
				<IconStyle>
					<color>ff0055ff</color>
					<colorMode>normal</colorMode>
					<Icon>
						<href>http://maps.google.com/mapfiles/kml/shapes/placemark_square.png</href>
					</Icon>
				</IconStyle>
				<LineStyle>
					<color>ff0055ff</color>
					<colorMode>normal</colorMode>
				</LineStyle>
				<PolyStyle>
					<color>ff0055ff</color>
					<colorMode>normal</colorMode>
				</PolyStyle>
			</Style>
			<ExtendedData>
				<SchemaData schemaUrl="#S_pmagsitesupdated_SSSSSS">
					<SimpleData name="Lat">16.70°</SimpleData>
					<SimpleData name="Long">77.97°</SimpleData>
					<SimpleData name="Dec">282.5°</SimpleData>
					<SimpleData name="Inc">-14.8°</SimpleData>
					<SimpleData name="Age">1.886</SimpleData>
					<SimpleData name="Reference">Radhakrishna et al., 2013b</SimpleData>
				</SchemaData>
			</ExtendedData>
			<Point>
				<coordinates>77.97000000000004,16.69999999999997,0</coordinates>
			</Point>
		</Placemark>
		<Placemark>
			<styleUrl>#pointStyleMap0</styleUrl>
			<Style id="inline">
				<IconStyle>
					<color>ff0055ff</color>
					<colorMode>normal</colorMode>
					<Icon>
						<href>http://maps.google.com/mapfiles/kml/shapes/placemark_square.png</href>
					</Icon>
				</IconStyle>
				<LineStyle>
					<color>ff0055ff</color>
					<colorMode>normal</colorMode>
				</LineStyle>
				<PolyStyle>
					<color>ff0055ff</color>
					<colorMode>normal</colorMode>
				</PolyStyle>
			</Style>
			<ExtendedData>
				<SchemaData schemaUrl="#S_pmagsitesupdated_SSSSSS">
					<SimpleData name="Lat">17.05°</SimpleData>
					<SimpleData name="Long">79.91°</SimpleData>
					<SimpleData name="Dec">284.1°</SimpleData>
					<SimpleData name="Inc">-20.1°</SimpleData>
					<SimpleData name="Age">1.886</SimpleData>
					<SimpleData name="Reference">Radhakrishna et al., 2013b</SimpleData>
				</SchemaData>
			</ExtendedData>
			<Point>
				<coordinates>79.90999999999997,17.05000000000003,0</coordinates>
			</Point>
		</Placemark>
		<Placemark>
			<styleUrl>#pointStyleMap0</styleUrl>
			<Style id="inline">
				<IconStyle>
					<color>ff0055ff</color>
					<colorMode>normal</colorMode>
					<Icon>
						<href>http://maps.google.com/mapfiles/kml/shapes/placemark_square.png</href>
					</Icon>
				</IconStyle>
				<LineStyle>
					<color>ff0055ff</color>
					<colorMode>normal</colorMode>
				</LineStyle>
				<PolyStyle>
					<color>ff0055ff</color>
					<colorMode>normal</colorMode>
				</PolyStyle>
			</Style>
			<ExtendedData>
				<SchemaData schemaUrl="#S_pmagsitesupdated_SSSSSS">
					<SimpleData name="Lat">17.07°</SimpleData>
					<SimpleData name="Long">79.81°</SimpleData>
					<SimpleData name="Dec">267.2°</SimpleData>
					<SimpleData name="Inc">-20.6°</SimpleData>
					<SimpleData name="Age">1.886</SimpleData>
					<SimpleData name="Reference">Radhakrishna et al., 2013b</SimpleData>
				</SchemaData>
			</ExtendedData>
			<Point>
				<coordinates>79.80999999999999,17.07,0</coordinates>
			</Point>
		</Placemark>
		<Placemark>
			<styleUrl>#pointStyleMap0</styleUrl>
			<Style id="inline">
				<IconStyle>
					<color>ff0055ff</color>
					<colorMode>normal</colorMode>
					<Icon>
						<href>http://maps.google.com/mapfiles/kml/shapes/placemark_square.png</href>
					</Icon>
				</IconStyle>
				<LineStyle>
					<color>ff0055ff</color>
					<colorMode>normal</colorMode>
				</LineStyle>
				<PolyStyle>
					<color>ff0055ff</color>
					<colorMode>normal</colorMode>
				</PolyStyle>
			</Style>
			<ExtendedData>
				<SchemaData schemaUrl="#S_pmagsitesupdated_SSSSSS">
					<SimpleData name="Lat">16.84°</SimpleData>
					<SimpleData name="Long">79.82°</SimpleData>
					<SimpleData name="Dec">270.9°</SimpleData>
					<SimpleData name="Inc">9.8°</SimpleData>
					<SimpleData name="Age">1.886</SimpleData>
					<SimpleData name="Reference">Radhakrishna et al., 2013b</SimpleData>
				</SchemaData>
			</ExtendedData>
			<Point>
				<coordinates>79.81999999999998,16.84000000000001,0</coordinates>
			</Point>
		</Placemark>
		<Placemark>
			<styleUrl>#pointStyleMap0</styleUrl>
			<Style id="inline">
				<IconStyle>
					<color>ff0055ff</color>
					<colorMode>normal</colorMode>
					<Icon>
						<href>http://maps.google.com/mapfiles/kml/shapes/placemark_square.png</href>
					</Icon>
				</IconStyle>
				<LineStyle>
					<color>ff0055ff</color>
					<colorMode>normal</colorMode>
				</LineStyle>
				<PolyStyle>
					<color>ff0055ff</color>
					<colorMode>normal</colorMode>
				</PolyStyle>
			</Style>
			<ExtendedData>
				<SchemaData schemaUrl="#S_pmagsitesupdated_SSSSSS">
					<SimpleData name="Lat">16.71°</SimpleData>
					<SimpleData name="Long">79.38°</SimpleData>
					<SimpleData name="Dec">273.5°</SimpleData>
					<SimpleData name="Inc">-16.1°</SimpleData>
					<SimpleData name="Age">1.886</SimpleData>
					<SimpleData name="Reference">Radhakrishna et al., 2013b</SimpleData>
				</SchemaData>
			</ExtendedData>
			<Point>
				<coordinates>79.38000000000001,16.71,0</coordinates>
			</Point>
		</Placemark>
		<Placemark>
			<styleUrl>#pointStyleMap0</styleUrl>
			<Style id="inline">
				<IconStyle>
					<color>ff0055ff</color>
					<colorMode>normal</colorMode>
					<Icon>
						<href>http://maps.google.com/mapfiles/kml/shapes/placemark_square.png</href>
					</Icon>
				</IconStyle>
				<LineStyle>
					<color>ff0055ff</color>
					<colorMode>normal</colorMode>
				</LineStyle>
				<PolyStyle>
					<color>ff0055ff</color>
					<colorMode>normal</colorMode>
				</PolyStyle>
			</Style>
			<ExtendedData>
				<SchemaData schemaUrl="#S_pmagsitesupdated_SSSSSS">
					<SimpleData name="Lat">17.14°</SimpleData>
					<SimpleData name="Long">79.93°</SimpleData>
					<SimpleData name="Dec">272°</SimpleData>
					<SimpleData name="Inc">-26°</SimpleData>
					<SimpleData name="Age">1.886</SimpleData>
					<SimpleData name="Reference">Radhakrishna et al., 2013b</SimpleData>
				</SchemaData>
			</ExtendedData>
			<Point>
				<coordinates>79.93000000000002,17.13999999999998,0</coordinates>
			</Point>
		</Placemark>
		<Placemark>
			<styleUrl>#pointStyleMap0</styleUrl>
			<Style id="inline">
				<IconStyle>
					<color>ff0055ff</color>
					<colorMode>normal</colorMode>
					<Icon>
						<href>http://maps.google.com/mapfiles/kml/shapes/placemark_square.png</href>
					</Icon>
				</IconStyle>
				<LineStyle>
					<color>ff0055ff</color>
					<colorMode>normal</colorMode>
				</LineStyle>
				<PolyStyle>
					<color>ff0055ff</color>
					<colorMode>normal</colorMode>
				</PolyStyle>
			</Style>
			<ExtendedData>
				<SchemaData schemaUrl="#S_pmagsitesupdated_SSSSSS">
					<SimpleData name="Lat">19.600°</SimpleData>
					<SimpleData name="Long">81.600°</SimpleData>
					<SimpleData name="Dec">142°</SimpleData>
					<SimpleData name="Inc">25°</SimpleData>
					<SimpleData name="Age">1.886</SimpleData>
					<SimpleData name="Reference">Meert et al., 2011</SimpleData>
				</SchemaData>
			</ExtendedData>
			<Point>
				<coordinates>81.60000000000001,19.59999999999999,0</coordinates>
			</Point>
		</Placemark>
		<Placemark>
			<styleUrl>#pointStyleMap0</styleUrl>
			<Style id="inline">
				<IconStyle>
					<color>ff0055ff</color>
					<colorMode>normal</colorMode>
					<Icon>
						<href>http://maps.google.com/mapfiles/kml/shapes/placemark_square.png</href>
					</Icon>
				</IconStyle>
				<LineStyle>
					<color>ff0055ff</color>
					<colorMode>normal</colorMode>
				</LineStyle>
				<PolyStyle>
					<color>ff0055ff</color>
					<colorMode>normal</colorMode>
				</PolyStyle>
			</Style>
			<ExtendedData>
				<SchemaData schemaUrl="#S_pmagsitesupdated_SSSSSS">
					<SimpleData name="Lat">18.900°</SimpleData>
					<SimpleData name="Long">81.500°</SimpleData>
					<SimpleData name="Dec">297°</SimpleData>
					<SimpleData name="Inc">-24°</SimpleData>
					<SimpleData name="Age">1.886</SimpleData>
					<SimpleData name="Reference">Meert et al., 2011</SimpleData>
				</SchemaData>
			</ExtendedData>
			<Point>
				<coordinates>81.49999999999999,18.9,0</coordinates>
			</Point>
		</Placemark>
		<Placemark>
			<styleUrl>#pointStyleMap0</styleUrl>
			<Style id="inline">
				<IconStyle>
					<color>ff0055ff</color>
					<colorMode>normal</colorMode>
					<Icon>
						<href>http://maps.google.com/mapfiles/kml/shapes/placemark_square.png</href>
					</Icon>
				</IconStyle>
				<LineStyle>
					<color>ff0055ff</color>
					<colorMode>normal</colorMode>
				</LineStyle>
				<PolyStyle>
					<color>ff0055ff</color>
					<colorMode>normal</colorMode>
				</PolyStyle>
			</Style>
			<ExtendedData>
				<SchemaData schemaUrl="#S_pmagsitesupdated_SSSSSS">
					<SimpleData name="Lat">20.1°</SimpleData>
					<SimpleData name="Long">81.6°</SimpleData>
					<SimpleData name="Dec">120°</SimpleData>
					<SimpleData name="Inc">5.4°</SimpleData>
					<SimpleData name="Age">1.886</SimpleData>
					<SimpleData name="Reference">Meert et al., 2011</SimpleData>
				</SchemaData>
			</ExtendedData>
			<Point>
				<coordinates>81.60000000000001,20.09999999999998,0</coordinates>
			</Point>
		</Placemark>
		<Placemark>
			<styleUrl>#pointStyleMap0</styleUrl>
			<Style id="inline">
				<IconStyle>
					<color>ff0055ff</color>
					<colorMode>normal</colorMode>
					<Icon>
						<href>http://maps.google.com/mapfiles/kml/shapes/placemark_square.png</href>
					</Icon>
				</IconStyle>
				<LineStyle>
					<color>ff0055ff</color>
					<colorMode>normal</colorMode>
				</LineStyle>
				<PolyStyle>
					<color>ff0055ff</color>
					<colorMode>normal</colorMode>
				</PolyStyle>
			</Style>
			<ExtendedData>
				<SchemaData schemaUrl="#S_pmagsitesupdated_SSSSSS">
					<SimpleData name="Lat">19.8°</SimpleData>
					<SimpleData name="Long">81.6°</SimpleData>
					<SimpleData name="Dec">132.1°</SimpleData>
					<SimpleData name="Inc">10°</SimpleData>
					<SimpleData name="Age">1.886</SimpleData>
					<SimpleData name="Reference">Meert et al., 2011</SimpleData>
				</SchemaData>
			</ExtendedData>
			<Point>
				<coordinates>81.60000000000001,19.80000000000002,0</coordinates>
			</Point>
		</Placemark>
		<Placemark>
			<styleUrl>#pointStyleMap0</styleUrl>
			<Style id="inline">
				<IconStyle>
					<color>ff0055ff</color>
					<colorMode>normal</colorMode>
					<Icon>
						<href>http://maps.google.com/mapfiles/kml/shapes/placemark_square.png</href>
					</Icon>
				</IconStyle>
				<LineStyle>
					<color>ff0055ff</color>
					<colorMode>normal</colorMode>
				</LineStyle>
				<PolyStyle>
					<color>ff0055ff</color>
					<colorMode>normal</colorMode>
				</PolyStyle>
			</Style>
			<ExtendedData>
				<SchemaData schemaUrl="#S_pmagsitesupdated_SSSSSS">
					<SimpleData name="Lat">19.7°</SimpleData>
					<SimpleData name="Long">81.6°</SimpleData>
					<SimpleData name="Dec">292°</SimpleData>
					<SimpleData name="Inc">.5°</SimpleData>
					<SimpleData name="Age">1.886</SimpleData>
					<SimpleData name="Reference">Meert et al., 2011</SimpleData>
				</SchemaData>
			</ExtendedData>
			<Point>
				<coordinates>81.60000000000001,19.7,0</coordinates>
			</Point>
		</Placemark>
		<Placemark>
			<styleUrl>#pointStyleMap0</styleUrl>
			<Style id="inline">
				<IconStyle>
					<color>ff0055ff</color>
					<colorMode>normal</colorMode>
					<Icon>
						<href>http://maps.google.com/mapfiles/kml/shapes/placemark_square.png</href>
					</Icon>
				</IconStyle>
				<LineStyle>
					<color>ff0055ff</color>
					<colorMode>normal</colorMode>
				</LineStyle>
				<PolyStyle>
					<color>ff0055ff</color>
					<colorMode>normal</colorMode>
				</PolyStyle>
			</Style>
			<ExtendedData>
				<SchemaData schemaUrl="#S_pmagsitesupdated_SSSSSS">
					<SimpleData name="Lat">19.7°</SimpleData>
					<SimpleData name="Long">81.6°</SimpleData>
					<SimpleData name="Dec">292°</SimpleData>
					<SimpleData name="Inc">.5°</SimpleData>
					<SimpleData name="Age">1.886</SimpleData>
					<SimpleData name="Reference">Meert et al., 2011</SimpleData>
				</SchemaData>
			</ExtendedData>
			<Point>
				<coordinates>81.60000000000001,19.7,0</coordinates>
			</Point>
		</Placemark>
		<Placemark>
			<styleUrl>#pointStyleMap0</styleUrl>
			<Style id="inline">
				<IconStyle>
					<color>ff0055ff</color>
					<colorMode>normal</colorMode>
					<Icon>
						<href>http://maps.google.com/mapfiles/kml/shapes/placemark_square.png</href>
					</Icon>
				</IconStyle>
				<LineStyle>
					<color>ff0055ff</color>
					<colorMode>normal</colorMode>
				</LineStyle>
				<PolyStyle>
					<color>ff0055ff</color>
					<colorMode>normal</colorMode>
				</PolyStyle>
			</Style>
			<ExtendedData>
				<SchemaData schemaUrl="#S_pmagsitesupdated_SSSSSS">
					<SimpleData name="Lat">14.52°</SimpleData>
					<SimpleData name="Long">78.31°</SimpleData>
					<SimpleData name="Dec">299°</SimpleData>
					<SimpleData name="Inc">-6°</SimpleData>
					<SimpleData name="Age">1.886</SimpleData>
					<SimpleData name="Reference">Clark, 1982</SimpleData>
				</SchemaData>
			</ExtendedData>
			<Point>
				<coordinates>78.31,14.52,0</coordinates>
			</Point>
		</Placemark>
		<Placemark>
			<styleUrl>#pointStyleMap0</styleUrl>
			<Style id="inline">
				<IconStyle>
					<color>ff0055ff</color>
					<colorMode>normal</colorMode>
					<Icon>
						<href>http://maps.google.com/mapfiles/kml/shapes/placemark_square.png</href>
					</Icon>
				</IconStyle>
				<LineStyle>
					<color>ff0055ff</color>
					<colorMode>normal</colorMode>
				</LineStyle>
				<PolyStyle>
					<color>ff0055ff</color>
					<colorMode>normal</colorMode>
				</PolyStyle>
			</Style>
			<ExtendedData>
				<SchemaData schemaUrl="#S_pmagsitesupdated_SSSSSS">
					<SimpleData name="Lat">14.4°</SimpleData>
					<SimpleData name="Long">77.7°</SimpleData>
					<SimpleData name="Dec">321°</SimpleData>
					<SimpleData name="Inc">-37°</SimpleData>
					<SimpleData name="Age">1.886</SimpleData>
					<SimpleData name="Reference">Kumar and Bhalla, 1983</SimpleData>
				</SchemaData>
			</ExtendedData>
			<Point>
				<coordinates>77.69999999999999,14.40000000000001,0</coordinates>
			</Point>
		</Placemark>
		<Placemark>
			<styleUrl>#pointStyleMap0</styleUrl>
			<Style id="inline">
				<IconStyle>
					<color>ff0055ff</color>
					<colorMode>normal</colorMode>
					<Icon>
						<href>http://maps.google.com/mapfiles/kml/shapes/placemark_square.png</href>
					</Icon>
				</IconStyle>
				<LineStyle>
					<color>ff0055ff</color>
					<colorMode>normal</colorMode>
				</LineStyle>
				<PolyStyle>
					<color>ff0055ff</color>
					<colorMode>normal</colorMode>
				</PolyStyle>
			</Style>
			<ExtendedData>
				<SchemaData schemaUrl="#S_pmagsitesupdated_SSSSSS">
					<SimpleData name="Lat">14.4°</SimpleData>
					<SimpleData name="Long">77.7°</SimpleData>
					<SimpleData name="Dec">314°</SimpleData>
					<SimpleData name="Inc">-27°</SimpleData>
					<SimpleData name="Age">1.886</SimpleData>
					<SimpleData name="Reference">Kumar and Bhalla, 1983</SimpleData>
				</SchemaData>
			</ExtendedData>
			<Point>
				<coordinates>77.69999999999999,14.40000000000001,0</coordinates>
			</Point>
		</Placemark>
		<Placemark>
			<styleUrl>#pointStyleMap0</styleUrl>
			<Style id="inline">
				<IconStyle>
					<color>ff0055ff</color>
					<colorMode>normal</colorMode>
					<Icon>
						<href>http://maps.google.com/mapfiles/kml/shapes/placemark_square.png</href>
					</Icon>
				</IconStyle>
				<LineStyle>
					<color>ff0055ff</color>
					<colorMode>normal</colorMode>
				</LineStyle>
				<PolyStyle>
					<color>ff0055ff</color>
					<colorMode>normal</colorMode>
				</PolyStyle>
			</Style>
			<ExtendedData>
				<SchemaData schemaUrl="#S_pmagsitesupdated_SSSSSS">
					<SimpleData name="Lat">19.83°</SimpleData>
					<SimpleData name="Long">81.64°</SimpleData>
					<SimpleData name="Dec">118°</SimpleData>
					<SimpleData name="Inc">8°</SimpleData>
					<SimpleData name="Age">1.886</SimpleData>
					<SimpleData name="Reference">Radhakrishna et al., 2013a</SimpleData>
				</SchemaData>
			</ExtendedData>
			<Point>
				<coordinates>81.63999999999999,19.82999999999997,0</coordinates>
			</Point>
		</Placemark>
		<Placemark>
			<styleUrl>#pointStyleMap0</styleUrl>
			<Style id="inline">
				<IconStyle>
					<color>ff0055ff</color>
					<colorMode>normal</colorMode>
					<Icon>
						<href>http://maps.google.com/mapfiles/kml/shapes/placemark_square.png</href>
					</Icon>
				</IconStyle>
				<LineStyle>
					<color>ff0055ff</color>
					<colorMode>normal</colorMode>
				</LineStyle>
				<PolyStyle>
					<color>ff0055ff</color>
					<colorMode>normal</colorMode>
				</PolyStyle>
			</Style>
			<ExtendedData>
				<SchemaData schemaUrl="#S_pmagsitesupdated_SSSSSS">
					<SimpleData name="Lat">19.05°</SimpleData>
					<SimpleData name="Long">81.62°</SimpleData>
					<SimpleData name="Dec">283°</SimpleData>
					<SimpleData name="Inc">3°</SimpleData>
					<SimpleData name="Age">1.886</SimpleData>
					<SimpleData name="Reference">Radhakrishna et al., 2013a</SimpleData>
				</SchemaData>
			</ExtendedData>
			<Point>
				<coordinates>81.62000000000002,19.05000000000002,0</coordinates>
			</Point>
		</Placemark>
		<Placemark>
			<styleUrl>#pointStyleMap0</styleUrl>
			<Style id="inline">
				<IconStyle>
					<color>ff0055ff</color>
					<colorMode>normal</colorMode>
					<Icon>
						<href>http://maps.google.com/mapfiles/kml/shapes/placemark_square.png</href>
					</Icon>
				</IconStyle>
				<LineStyle>
					<color>ff0055ff</color>
					<colorMode>normal</colorMode>
				</LineStyle>
				<PolyStyle>
					<color>ff0055ff</color>
					<colorMode>normal</colorMode>
				</PolyStyle>
			</Style>
			<ExtendedData>
				<SchemaData schemaUrl="#S_pmagsitesupdated_SSSSSS">
					<SimpleData name="Lat">19.55°</SimpleData>
					<SimpleData name="Long">81.72°</SimpleData>
					<SimpleData name="Dec">286°</SimpleData>
					<SimpleData name="Inc">-1°</SimpleData>
					<SimpleData name="Age">1.886</SimpleData>
					<SimpleData name="Reference">Radhakrishna et al., 2013a</SimpleData>
				</SchemaData>
			</ExtendedData>
			<Point>
				<coordinates>81.72000000000003,19.55000000000002,0</coordinates>
			</Point>
		</Placemark>
		<Placemark>
			<styleUrl>#pointStyleMap0</styleUrl>
			<Style id="inline">
				<IconStyle>
					<color>ff0055ff</color>
					<colorMode>normal</colorMode>
					<Icon>
						<href>http://maps.google.com/mapfiles/kml/shapes/placemark_square.png</href>
					</Icon>
				</IconStyle>
				<LineStyle>
					<color>ff0055ff</color>
					<colorMode>normal</colorMode>
				</LineStyle>
				<PolyStyle>
					<color>ff0055ff</color>
					<colorMode>normal</colorMode>
				</PolyStyle>
			</Style>
			<ExtendedData>
				<SchemaData schemaUrl="#S_pmagsitesupdated_SSSSSS">
					<SimpleData name="Lat">19.68°</SimpleData>
					<SimpleData name="Long">81.74°</SimpleData>
					<SimpleData name="Dec">94°</SimpleData>
					<SimpleData name="Inc">-12°</SimpleData>
					<SimpleData name="Age">1.886</SimpleData>
					<SimpleData name="Reference">Radhakrishna et al., 2013a</SimpleData>
				</SchemaData>
			</ExtendedData>
			<Point>
				<coordinates>81.74000000000001,19.67999999999999,0</coordinates>
			</Point>
		</Placemark>
		<Placemark>
			<styleUrl>#pointStyleMap0</styleUrl>
			<Style id="inline">
				<IconStyle>
					<color>ff0055ff</color>
					<colorMode>normal</colorMode>
					<Icon>
						<href>http://maps.google.com/mapfiles/kml/shapes/placemark_square.png</href>
					</Icon>
				</IconStyle>
				<LineStyle>
					<color>ff0055ff</color>
					<colorMode>normal</colorMode>
				</LineStyle>
				<PolyStyle>
					<color>ff0055ff</color>
					<colorMode>normal</colorMode>
				</PolyStyle>
			</Style>
			<ExtendedData>
				<SchemaData schemaUrl="#S_pmagsitesupdated_SSSSSS">
					<SimpleData name="Lat">19.63°</SimpleData>
					<SimpleData name="Long">81.6°</SimpleData>
					<SimpleData name="Dec">121°</SimpleData>
					<SimpleData name="Inc">10°</SimpleData>
					<SimpleData name="Age">1.886</SimpleData>
					<SimpleData name="Reference">Radhakrishna et al., 2013a</SimpleData>
				</SchemaData>
			</ExtendedData>
			<Point>
				<coordinates>81.60000000000001,19.62999999999998,0</coordinates>
			</Point>
		</Placemark>
		<Placemark>
			<styleUrl>#pointStyleMap0</styleUrl>
			<Style id="inline">
				<IconStyle>
					<color>ff0055ff</color>
					<colorMode>normal</colorMode>
					<Icon>
						<href>http://maps.google.com/mapfiles/kml/shapes/placemark_square.png</href>
					</Icon>
				</IconStyle>
				<LineStyle>
					<color>ff0055ff</color>
					<colorMode>normal</colorMode>
				</LineStyle>
				<PolyStyle>
					<color>ff0055ff</color>
					<colorMode>normal</colorMode>
				</PolyStyle>
			</Style>
			<ExtendedData>
				<SchemaData schemaUrl="#S_pmagsitesupdated_SSSSSS">
					<SimpleData name="Lat">20.31°</SimpleData>
					<SimpleData name="Long">81.09°</SimpleData>
					<SimpleData name="Dec">106°</SimpleData>
					<SimpleData name="Inc">14°</SimpleData>
					<SimpleData name="Age">1.886</SimpleData>
					<SimpleData name="Reference">Radhakrishna et al., 2013a</SimpleData>
				</SchemaData>
			</ExtendedData>
			<Point>
				<coordinates>81.09000000000002,20.31,0</coordinates>
			</Point>
		</Placemark>
		<Placemark>
			<styleUrl>#pointStyleMap0</styleUrl>
			<Style id="inline">
				<IconStyle>
					<color>ff0055ff</color>
					<colorMode>normal</colorMode>
					<Icon>
						<href>http://maps.google.com/mapfiles/kml/shapes/placemark_square.png</href>
					</Icon>
				</IconStyle>
				<LineStyle>
					<color>ff0055ff</color>
					<colorMode>normal</colorMode>
				</LineStyle>
				<PolyStyle>
					<color>ff0055ff</color>
					<colorMode>normal</colorMode>
				</PolyStyle>
			</Style>
			<ExtendedData>
				<SchemaData schemaUrl="#S_pmagsitesupdated_SSSSSS">
					<SimpleData name="Lat">20.2°</SimpleData>
					<SimpleData name="Long">81.5°</SimpleData>
					<SimpleData name="Dec">101°</SimpleData>
					<SimpleData name="Inc">-19°</SimpleData>
					<SimpleData name="Age">1.886</SimpleData>
					<SimpleData name="Reference">Radhakrishna et al., 2013a</SimpleData>
				</SchemaData>
			</ExtendedData>
			<Point>
				<coordinates>81.49999999999999,20.2,0</coordinates>
			</Point>
		</Placemark>
		<Placemark>
			<styleUrl>#pointStyleMap0</styleUrl>
			<Style id="inline">
				<IconStyle>
					<color>ff0055ff</color>
					<colorMode>normal</colorMode>
					<Icon>
						<href>http://maps.google.com/mapfiles/kml/shapes/placemark_square.png</href>
					</Icon>
				</IconStyle>
				<LineStyle>
					<color>ff0055ff</color>
					<colorMode>normal</colorMode>
				</LineStyle>
				<PolyStyle>
					<color>ff0055ff</color>
					<colorMode>normal</colorMode>
				</PolyStyle>
			</Style>
			<ExtendedData>
				<SchemaData schemaUrl="#S_pmagsitesupdated_SSSSSS">
					<SimpleData name="Lat">20.20°</SimpleData>
					<SimpleData name="Long">81.46°</SimpleData>
					<SimpleData name="Dec">99°</SimpleData>
					<SimpleData name="Inc">-29°</SimpleData>
					<SimpleData name="Age">1.886</SimpleData>
					<SimpleData name="Reference">Radhakrishna et al., 2013a</SimpleData>
				</SchemaData>
			</ExtendedData>
			<Point>
				<coordinates>81.45999999999997,20.2,0</coordinates>
			</Point>
		</Placemark>
		<Placemark>
			<styleUrl>#pointStyleMap0</styleUrl>
			<Style id="inline">
				<IconStyle>
					<color>ff0055ff</color>
					<colorMode>normal</colorMode>
					<Icon>
						<href>http://maps.google.com/mapfiles/kml/shapes/placemark_square.png</href>
					</Icon>
				</IconStyle>
				<LineStyle>
					<color>ff0055ff</color>
					<colorMode>normal</colorMode>
				</LineStyle>
				<PolyStyle>
					<color>ff0055ff</color>
					<colorMode>normal</colorMode>
				</PolyStyle>
			</Style>
			<ExtendedData>
				<SchemaData schemaUrl="#S_pmagsitesupdated_SSSSSS">
					<SimpleData name="Lat">13.652°</SimpleData>
					<SimpleData name="Long">78.965°</SimpleData>
					<SimpleData name="Dec">283°</SimpleData>
					<SimpleData name="Inc">-7°</SimpleData>
					<SimpleData name="Age">1.886</SimpleData>
					<SimpleData name="Reference">Pivarunas et al., 2019</SimpleData>
				</SchemaData>
			</ExtendedData>
			<Point>
				<coordinates>78.96500000000005,13.65199999999999,0</coordinates>
			</Point>
		</Placemark>
		<Placemark>
			<styleUrl>#pointStyleMap0</styleUrl>
			<Style id="inline">
				<IconStyle>
					<color>ff0055ff</color>
					<colorMode>normal</colorMode>
					<Icon>
						<href>http://maps.google.com/mapfiles/kml/shapes/placemark_square.png</href>
					</Icon>
				</IconStyle>
				<LineStyle>
					<color>ff0055ff</color>
					<colorMode>normal</colorMode>
				</LineStyle>
				<PolyStyle>
					<color>ff0055ff</color>
					<colorMode>normal</colorMode>
				</PolyStyle>
			</Style>
			<ExtendedData>
				<SchemaData schemaUrl="#S_pmagsitesupdated_SSSSSS">
					<SimpleData name="Lat">12.259°</SimpleData>
					<SimpleData name="Long">78.96°</SimpleData>
					<SimpleData name="Dec">306°</SimpleData>
					<SimpleData name="Inc">-21°</SimpleData>
					<SimpleData name="Age">1.886</SimpleData>
					<SimpleData name="Reference">Pivarunas et al., 2019</SimpleData>
				</SchemaData>
			</ExtendedData>
			<Point>
				<coordinates>78.95999999999998,12.25900000000001,0</coordinates>
			</Point>
		</Placemark>
		<Placemark>
			<styleUrl>#pointStyleMap0</styleUrl>
			<Style id="inline">
				<IconStyle>
					<color>ff0055ff</color>
					<colorMode>normal</colorMode>
					<Icon>
						<href>http://maps.google.com/mapfiles/kml/shapes/placemark_square.png</href>
					</Icon>
				</IconStyle>
				<LineStyle>
					<color>ff0055ff</color>
					<colorMode>normal</colorMode>
				</LineStyle>
				<PolyStyle>
					<color>ff0055ff</color>
					<colorMode>normal</colorMode>
				</PolyStyle>
			</Style>
			<ExtendedData>
				<SchemaData schemaUrl="#S_pmagsitesupdated_SSSSSS">
					<SimpleData name="Lat">12.04°</SimpleData>
					<SimpleData name="Long">77.82°</SimpleData>
					<SimpleData name="Dec">284°</SimpleData>
					<SimpleData name="Inc">-25°</SimpleData>
					<SimpleData name="Age">1.886</SimpleData>
					<SimpleData name="Reference">Pivarunas et al., 2019</SimpleData>
				</SchemaData>
			</ExtendedData>
			<Point>
				<coordinates>77.81999999999998,12.03999999999998,0</coordinates>
			</Point>
		</Placemark>
		<Placemark>
			<styleUrl>#pointStyleMap0</styleUrl>
			<Style id="inline">
				<IconStyle>
					<color>ff0055ff</color>
					<colorMode>normal</colorMode>
					<Icon>
						<href>http://maps.google.com/mapfiles/kml/shapes/placemark_square.png</href>
					</Icon>
				</IconStyle>
				<LineStyle>
					<color>ff0055ff</color>
					<colorMode>normal</colorMode>
				</LineStyle>
				<PolyStyle>
					<color>ff0055ff</color>
					<colorMode>normal</colorMode>
				</PolyStyle>
			</Style>
			<ExtendedData>
				<SchemaData schemaUrl="#S_pmagsitesupdated_SSSSSS">
					<SimpleData name="Lat">13.26°</SimpleData>
					<SimpleData name="Long">79.48°</SimpleData>
					<SimpleData name="Dec">290°</SimpleData>
					<SimpleData name="Inc">-25°</SimpleData>
					<SimpleData name="Age">1.886</SimpleData>
					<SimpleData name="Reference">Bhalla et al., 1980a</SimpleData>
				</SchemaData>
			</ExtendedData>
			<Point>
				<coordinates>79.48000000000003,13.25999999999998,0</coordinates>
			</Point>
		</Placemark>
		<Placemark>
			<styleUrl>#pointStyleMap0</styleUrl>
			<Style id="inline">
				<IconStyle>
					<color>ff0055ff</color>
					<colorMode>normal</colorMode>
					<Icon>
						<href>http://maps.google.com/mapfiles/kml/shapes/placemark_square.png</href>
					</Icon>
				</IconStyle>
				<LineStyle>
					<color>ff0055ff</color>
					<colorMode>normal</colorMode>
				</LineStyle>
				<PolyStyle>
					<color>ff0055ff</color>
					<colorMode>normal</colorMode>
				</PolyStyle>
			</Style>
			<ExtendedData>
				<SchemaData schemaUrl="#S_pmagsitesupdated_SSSSSS">
					<SimpleData name="Lat">13.26°</SimpleData>
					<SimpleData name="Long">79.48°</SimpleData>
					<SimpleData name="Dec">286°</SimpleData>
					<SimpleData name="Inc">8°</SimpleData>
					<SimpleData name="Age">1.886</SimpleData>
					<SimpleData name="Reference">Bhalla et al., 1980a</SimpleData>
				</SchemaData>
			</ExtendedData>
			<Point>
				<coordinates>79.48000000000003,13.25999999999998,0</coordinates>
			</Point>
		</Placemark>
		<Placemark>
			<styleUrl>#pointStyleMap0</styleUrl>
			<Style id="inline">
				<IconStyle>
					<color>ff0055ff</color>
					<colorMode>normal</colorMode>
					<Icon>
						<href>http://maps.google.com/mapfiles/kml/shapes/placemark_square.png</href>
					</Icon>
				</IconStyle>
				<LineStyle>
					<color>ff0055ff</color>
					<colorMode>normal</colorMode>
				</LineStyle>
				<PolyStyle>
					<color>ff0055ff</color>
					<colorMode>normal</colorMode>
				</PolyStyle>
			</Style>
			<ExtendedData>
				<SchemaData schemaUrl="#S_pmagsitesupdated_SSSSSS">
					<SimpleData name="Lat">13.26°</SimpleData>
					<SimpleData name="Long">79.48°</SimpleData>
					<SimpleData name="Dec">288°</SimpleData>
					<SimpleData name="Inc">-27°</SimpleData>
					<SimpleData name="Age">1.886</SimpleData>
					<SimpleData name="Reference">Bhalla et al., 1980a</SimpleData>
				</SchemaData>
			</ExtendedData>
			<Point>
				<coordinates>79.48000000000003,13.25999999999998,0</coordinates>
			</Point>
		</Placemark>
		<Placemark>
			<styleUrl>#pointStyleMap0</styleUrl>
			<Style id="inline">
				<IconStyle>
					<color>ff0055ff</color>
					<colorMode>normal</colorMode>
					<Icon>
						<href>http://maps.google.com/mapfiles/kml/shapes/placemark_square.png</href>
					</Icon>
				</IconStyle>
				<LineStyle>
					<color>ff0055ff</color>
					<colorMode>normal</colorMode>
				</LineStyle>
				<PolyStyle>
					<color>ff0055ff</color>
					<colorMode>normal</colorMode>
				</PolyStyle>
			</Style>
			<ExtendedData>
				<SchemaData schemaUrl="#S_pmagsitesupdated_SSSSSS">
					<SimpleData name="Lat">13.26°</SimpleData>
					<SimpleData name="Long">79.48°</SimpleData>
					<SimpleData name="Dec">291°</SimpleData>
					<SimpleData name="Inc">-18°</SimpleData>
					<SimpleData name="Age">1.886</SimpleData>
					<SimpleData name="Reference">Bhalla et al., 1980a</SimpleData>
				</SchemaData>
			</ExtendedData>
			<Point>
				<coordinates>79.48000000000003,13.25999999999998,0</coordinates>
			</Point>
		</Placemark>
		<Placemark>
			<styleUrl>#pointStyleMap0</styleUrl>
			<Style id="inline">
				<IconStyle>
					<color>ff0055ff</color>
					<colorMode>normal</colorMode>
					<Icon>
						<href>http://maps.google.com/mapfiles/kml/shapes/placemark_square.png</href>
					</Icon>
				</IconStyle>
				<LineStyle>
					<color>ff0055ff</color>
					<colorMode>normal</colorMode>
				</LineStyle>
				<PolyStyle>
					<color>ff0055ff</color>
					<colorMode>normal</colorMode>
				</PolyStyle>
			</Style>
			<ExtendedData>
				<SchemaData schemaUrl="#S_pmagsitesupdated_SSSSSS">
					<SimpleData name="Lat">13.26°</SimpleData>
					<SimpleData name="Long">79.48°</SimpleData>
					<SimpleData name="Dec">290°</SimpleData>
					<SimpleData name="Inc">-14°</SimpleData>
					<SimpleData name="Age">1.886</SimpleData>
					<SimpleData name="Reference">Bhalla et al., 1980a</SimpleData>
				</SchemaData>
			</ExtendedData>
			<Point>
				<coordinates>79.48000000000003,13.25999999999998,0</coordinates>
			</Point>
		</Placemark>
		<Placemark>
			<styleUrl>#pointStyleMap0</styleUrl>
			<Style id="inline">
				<IconStyle>
					<color>ff0055ff</color>
					<colorMode>normal</colorMode>
					<Icon>
						<href>http://maps.google.com/mapfiles/kml/shapes/placemark_square.png</href>
					</Icon>
				</IconStyle>
				<LineStyle>
					<color>ff0055ff</color>
					<colorMode>normal</colorMode>
				</LineStyle>
				<PolyStyle>
					<color>ff0055ff</color>
					<colorMode>normal</colorMode>
				</PolyStyle>
			</Style>
			<ExtendedData>
				<SchemaData schemaUrl="#S_pmagsitesupdated_SSSSSS">
					<SimpleData name="Lat">13.26°</SimpleData>
					<SimpleData name="Long">79.48°</SimpleData>
					<SimpleData name="Dec">273°</SimpleData>
					<SimpleData name="Inc">-38°</SimpleData>
					<SimpleData name="Age">1.886</SimpleData>
					<SimpleData name="Reference">Bhalla et al., 1980a</SimpleData>
				</SchemaData>
			</ExtendedData>
			<Point>
				<coordinates>79.48000000000003,13.25999999999998,0</coordinates>
			</Point>
		</Placemark>
		<Placemark>
			<styleUrl>#pointStyleMap0</styleUrl>
			<Style id="inline">
				<IconStyle>
					<color>ff0055ff</color>
					<colorMode>normal</colorMode>
					<Icon>
						<href>http://maps.google.com/mapfiles/kml/shapes/placemark_square.png</href>
					</Icon>
				</IconStyle>
				<LineStyle>
					<color>ff0055ff</color>
					<colorMode>normal</colorMode>
				</LineStyle>
				<PolyStyle>
					<color>ff0055ff</color>
					<colorMode>normal</colorMode>
				</PolyStyle>
			</Style>
			<ExtendedData>
				<SchemaData schemaUrl="#S_pmagsitesupdated_SSSSSS">
					<SimpleData name="Lat">13.2°</SimpleData>
					<SimpleData name="Long">78.4°</SimpleData>
					<SimpleData name="Dec">324°</SimpleData>
					<SimpleData name="Inc">-9°</SimpleData>
					<SimpleData name="Age">1.886</SimpleData>
					<SimpleData name="Reference">Damodara-Reddy and Prasad, 1979</SimpleData>
				</SchemaData>
			</ExtendedData>
			<Point>
				<coordinates>78.39999999999999,13.19999999999999,0</coordinates>
			</Point>
		</Placemark>
		<Placemark>
			<styleUrl>#pointStyleMap0</styleUrl>
			<Style id="inline">
				<IconStyle>
					<color>ff0055ff</color>
					<colorMode>normal</colorMode>
					<Icon>
						<href>http://maps.google.com/mapfiles/kml/shapes/placemark_square.png</href>
					</Icon>
				</IconStyle>
				<LineStyle>
					<color>ff0055ff</color>
					<colorMode>normal</colorMode>
				</LineStyle>
				<PolyStyle>
					<color>ff0055ff</color>
					<colorMode>normal</colorMode>
				</PolyStyle>
			</Style>
			<ExtendedData>
				<SchemaData schemaUrl="#S_pmagsitesupdated_SSSSSS">
					<SimpleData name="Lat">13.2°</SimpleData>
					<SimpleData name="Long">78.4°</SimpleData>
					<SimpleData name="Dec">318°</SimpleData>
					<SimpleData name="Inc">-6°</SimpleData>
					<SimpleData name="Age">1.886</SimpleData>
					<SimpleData name="Reference">Damodara-Reddy and Prasad, 1979</SimpleData>
				</SchemaData>
			</ExtendedData>
			<Point>
				<coordinates>78.39999999999999,13.19999999999999,0</coordinates>
			</Point>
		</Placemark>
		<Placemark>
			<styleUrl>#pointStyleMap0</styleUrl>
			<Style id="inline">
				<IconStyle>
					<color>ff0055ff</color>
					<colorMode>normal</colorMode>
					<Icon>
						<href>http://maps.google.com/mapfiles/kml/shapes/placemark_square.png</href>
					</Icon>
				</IconStyle>
				<LineStyle>
					<color>ff0055ff</color>
					<colorMode>normal</colorMode>
				</LineStyle>
				<PolyStyle>
					<color>ff0055ff</color>
					<colorMode>normal</colorMode>
				</PolyStyle>
			</Style>
			<ExtendedData>
				<SchemaData schemaUrl="#S_pmagsitesupdated_SSSSSS">
					<SimpleData name="Lat">15.301°</SimpleData>
					<SimpleData name="Long">76.481°</SimpleData>
					<SimpleData name="Dec">290°</SimpleData>
					<SimpleData name="Inc">-29°</SimpleData>
					<SimpleData name="Age">1.886</SimpleData>
					<SimpleData name="Reference">Nagaraju et al., 2018a</SimpleData>
				</SchemaData>
			</ExtendedData>
			<Point>
				<coordinates>76.48100000000001,15.301,0</coordinates>
			</Point>
		</Placemark>
		<Placemark>
			<styleUrl>#pointStyleMap0</styleUrl>
			<Style id="inline">
				<IconStyle>
					<color>ff0055ff</color>
					<colorMode>normal</colorMode>
					<Icon>
						<href>http://maps.google.com/mapfiles/kml/shapes/placemark_square.png</href>
					</Icon>
				</IconStyle>
				<LineStyle>
					<color>ff0055ff</color>
					<colorMode>normal</colorMode>
				</LineStyle>
				<PolyStyle>
					<color>ff0055ff</color>
					<colorMode>normal</colorMode>
				</PolyStyle>
			</Style>
			<ExtendedData>
				<SchemaData schemaUrl="#S_pmagsitesupdated_SSSSSS">
					<SimpleData name="Lat">15.404°</SimpleData>
					<SimpleData name="Long">76.487°</SimpleData>
					<SimpleData name="Dec">295°</SimpleData>
					<SimpleData name="Inc">-31°</SimpleData>
					<SimpleData name="Age">1.886</SimpleData>
					<SimpleData name="Reference">Nagaraju et al., 2018a</SimpleData>
				</SchemaData>
			</ExtendedData>
			<Point>
				<coordinates>76.48699999999997,15.404,0</coordinates>
			</Point>
		</Placemark>
		<Placemark>
			<styleUrl>#pointStyleMap0</styleUrl>
			<Style id="inline">
				<IconStyle>
					<color>ff0055ff</color>
					<colorMode>normal</colorMode>
					<Icon>
						<href>http://maps.google.com/mapfiles/kml/shapes/placemark_square.png</href>
					</Icon>
				</IconStyle>
				<LineStyle>
					<color>ff0055ff</color>
					<colorMode>normal</colorMode>
				</LineStyle>
				<PolyStyle>
					<color>ff0055ff</color>
					<colorMode>normal</colorMode>
				</PolyStyle>
			</Style>
			<ExtendedData>
				<SchemaData schemaUrl="#S_pmagsitesupdated_SSSSSS">
					<SimpleData name="Lat">13.106°</SimpleData>
					<SimpleData name="Long">76.453°</SimpleData>
					<SimpleData name="Dec">301.8°</SimpleData>
					<SimpleData name="Inc">-20.8°</SimpleData>
					<SimpleData name="Age">1.886</SimpleData>
					<SimpleData name="Reference">Mamilla and Mathi, 2023</SimpleData>
				</SchemaData>
			</ExtendedData>
			<Point>
				<coordinates>76.45299999999997,13.10600000000001,0</coordinates>
			</Point>
		</Placemark>
		<Placemark>
			<styleUrl>#pointStyleMap0</styleUrl>
			<Style id="inline">
				<IconStyle>
					<color>ff0055ff</color>
					<colorMode>normal</colorMode>
					<Icon>
						<href>http://maps.google.com/mapfiles/kml/shapes/placemark_square.png</href>
					</Icon>
				</IconStyle>
				<LineStyle>
					<color>ff0055ff</color>
					<colorMode>normal</colorMode>
				</LineStyle>
				<PolyStyle>
					<color>ff0055ff</color>
					<colorMode>normal</colorMode>
				</PolyStyle>
			</Style>
			<ExtendedData>
				<SchemaData schemaUrl="#S_pmagsitesupdated_SSSSSS">
					<SimpleData name="Lat">16.654°</SimpleData>
					<SimpleData name="Long">78.914°</SimpleData>
					<SimpleData name="Dec">288°</SimpleData>
					<SimpleData name="Inc">-24°</SimpleData>
					<SimpleData name="Age">1.886</SimpleData>
					<SimpleData name="Reference">Miller et al., 2023</SimpleData>
				</SchemaData>
			</ExtendedData>
			<Point>
				<coordinates>78.914,16.65399999999999,0</coordinates>
			</Point>
		</Placemark>
		<Placemark>
			<styleUrl>#pointStyleMap0</styleUrl>
			<Style id="inline">
				<IconStyle>
					<color>ff0055ff</color>
					<colorMode>normal</colorMode>
					<Icon>
						<href>http://maps.google.com/mapfiles/kml/shapes/placemark_square.png</href>
					</Icon>
				</IconStyle>
				<LineStyle>
					<color>ff0055ff</color>
					<colorMode>normal</colorMode>
				</LineStyle>
				<PolyStyle>
					<color>ff0055ff</color>
					<colorMode>normal</colorMode>
				</PolyStyle>
			</Style>
			<ExtendedData>
				<SchemaData schemaUrl="#S_pmagsitesupdated_SSSSSS">
					<SimpleData name="Lat">16.654°</SimpleData>
					<SimpleData name="Long">78.914°</SimpleData>
					<SimpleData name="Dec">277°</SimpleData>
					<SimpleData name="Inc">-22°</SimpleData>
					<SimpleData name="Age">1.886</SimpleData>
					<SimpleData name="Reference">Miller et al., 2023</SimpleData>
				</SchemaData>
			</ExtendedData>
			<Point>
				<coordinates>78.914,16.65399999999999,0</coordinates>
			</Point>
		</Placemark>
		<Placemark>
			<styleUrl>#pointStyleMap0</styleUrl>
			<Style id="inline">
				<IconStyle>
					<color>ff0055ff</color>
					<colorMode>normal</colorMode>
					<Icon>
						<href>http://maps.google.com/mapfiles/kml/shapes/placemark_square.png</href>
					</Icon>
				</IconStyle>
				<LineStyle>
					<color>ff0055ff</color>
					<colorMode>normal</colorMode>
				</LineStyle>
				<PolyStyle>
					<color>ff0055ff</color>
					<colorMode>normal</colorMode>
				</PolyStyle>
			</Style>
			<ExtendedData>
				<SchemaData schemaUrl="#S_pmagsitesupdated_SSSSSS">
					<SimpleData name="Lat">16.654°</SimpleData>
					<SimpleData name="Long">78.914°</SimpleData>
					<SimpleData name="Dec">286°</SimpleData>
					<SimpleData name="Inc">-17°</SimpleData>
					<SimpleData name="Age">1.886</SimpleData>
					<SimpleData name="Reference">Miller et al., 2023</SimpleData>
				</SchemaData>
			</ExtendedData>
			<Point>
				<coordinates>78.914,16.65399999999999,0</coordinates>
			</Point>
		</Placemark>
		<Placemark>
			<styleUrl>#pointStyleMap0</styleUrl>
			<Style id="inline">
				<IconStyle>
					<color>ff0055ff</color>
					<colorMode>normal</colorMode>
					<Icon>
						<href>http://maps.google.com/mapfiles/kml/shapes/placemark_square.png</href>
					</Icon>
				</IconStyle>
				<LineStyle>
					<color>ff0055ff</color>
					<colorMode>normal</colorMode>
				</LineStyle>
				<PolyStyle>
					<color>ff0055ff</color>
					<colorMode>normal</colorMode>
				</PolyStyle>
			</Style>
			<ExtendedData>
				<SchemaData schemaUrl="#S_pmagsitesupdated_SSSSSS">
					<SimpleData name="Lat">16.654°</SimpleData>
					<SimpleData name="Long">78.914°</SimpleData>
					<SimpleData name="Dec">278°</SimpleData>
					<SimpleData name="Inc">-9°</SimpleData>
					<SimpleData name="Age">1.886</SimpleData>
					<SimpleData name="Reference">Miller et al., 2023</SimpleData>
				</SchemaData>
			</ExtendedData>
			<Point>
				<coordinates>78.914,16.65399999999999,0</coordinates>
			</Point>
		</Placemark>
		<Placemark>
			<styleUrl>#pointStyleMap0</styleUrl>
			<Style id="inline">
				<IconStyle>
					<color>ff0055ff</color>
					<colorMode>normal</colorMode>
					<Icon>
						<href>http://maps.google.com/mapfiles/kml/shapes/placemark_square.png</href>
					</Icon>
				</IconStyle>
				<LineStyle>
					<color>ff0055ff</color>
					<colorMode>normal</colorMode>
				</LineStyle>
				<PolyStyle>
					<color>ff0055ff</color>
					<colorMode>normal</colorMode>
				</PolyStyle>
			</Style>
			<ExtendedData>
				<SchemaData schemaUrl="#S_pmagsitesupdated_SSSSSS">
					<SimpleData name="Lat">16.654°</SimpleData>
					<SimpleData name="Long">78.914°</SimpleData>
					<SimpleData name="Dec">273°</SimpleData>
					<SimpleData name="Inc">-16°</SimpleData>
					<SimpleData name="Age">1.886</SimpleData>
					<SimpleData name="Reference">Miller et al., 2023</SimpleData>
				</SchemaData>
			</ExtendedData>
			<Point>
				<coordinates>78.914,16.65399999999999,0</coordinates>
			</Point>
		</Placemark>
		<Placemark>
			<styleUrl>#pointStyleMap0</styleUrl>
			<Style id="inline">
				<IconStyle>
					<color>ff0055ff</color>
					<colorMode>normal</colorMode>
					<Icon>
						<href>http://maps.google.com/mapfiles/kml/shapes/placemark_square.png</href>
					</Icon>
				</IconStyle>
				<LineStyle>
					<color>ff0055ff</color>
					<colorMode>normal</colorMode>
				</LineStyle>
				<PolyStyle>
					<color>ff0055ff</color>
					<colorMode>normal</colorMode>
				</PolyStyle>
			</Style>
			<ExtendedData>
				<SchemaData schemaUrl="#S_pmagsitesupdated_SSSSSS">
					<SimpleData name="Lat">16.654°</SimpleData>
					<SimpleData name="Long">78.914°</SimpleData>
					<SimpleData name="Dec">273°</SimpleData>
					<SimpleData name="Inc">-19°</SimpleData>
					<SimpleData name="Age">1.886</SimpleData>
					<SimpleData name="Reference">Miller et al., 2023</SimpleData>
				</SchemaData>
			</ExtendedData>
			<Point>
				<coordinates>78.914,16.65399999999999,0</coordinates>
			</Point>
		</Placemark>
		<Placemark>
			<styleUrl>#pointStyleMap0</styleUrl>
			<Style id="inline">
				<IconStyle>
					<color>ff0055ff</color>
					<colorMode>normal</colorMode>
					<Icon>
						<href>http://maps.google.com/mapfiles/kml/shapes/placemark_square.png</href>
					</Icon>
				</IconStyle>
				<LineStyle>
					<color>ff0055ff</color>
					<colorMode>normal</colorMode>
				</LineStyle>
				<PolyStyle>
					<color>ff0055ff</color>
					<colorMode>normal</colorMode>
				</PolyStyle>
			</Style>
			<ExtendedData>
				<SchemaData schemaUrl="#S_pmagsitesupdated_SSSSSS">
					<SimpleData name="Lat">16.645°</SimpleData>
					<SimpleData name="Long">78.871°</SimpleData>
					<SimpleData name="Dec">264°</SimpleData>
					<SimpleData name="Inc">-20°</SimpleData>
					<SimpleData name="Age">1.886</SimpleData>
					<SimpleData name="Reference">Miller et al., 2023</SimpleData>
				</SchemaData>
			</ExtendedData>
			<Point>
				<coordinates>78.871,16.64500000000001,0</coordinates>
			</Point>
		</Placemark>
		<Placemark>
			<styleUrl>#pointStyleMap0</styleUrl>
			<Style id="inline">
				<IconStyle>
					<color>ff0055ff</color>
					<colorMode>normal</colorMode>
					<Icon>
						<href>http://maps.google.com/mapfiles/kml/shapes/placemark_square.png</href>
					</Icon>
				</IconStyle>
				<LineStyle>
					<color>ff0055ff</color>
					<colorMode>normal</colorMode>
				</LineStyle>
				<PolyStyle>
					<color>ff0055ff</color>
					<colorMode>normal</colorMode>
				</PolyStyle>
			</Style>
			<ExtendedData>
				<SchemaData schemaUrl="#S_pmagsitesupdated_SSSSSS">
					<SimpleData name="Lat">16.642°</SimpleData>
					<SimpleData name="Long">78.877°</SimpleData>
					<SimpleData name="Dec">296°</SimpleData>
					<SimpleData name="Inc">-13°</SimpleData>
					<SimpleData name="Age">1.886</SimpleData>
					<SimpleData name="Reference">Miller et al., 2023</SimpleData>
				</SchemaData>
			</ExtendedData>
			<Point>
				<coordinates>78.877,16.64199999999999,0</coordinates>
			</Point>
		</Placemark>
		<Placemark>
			<styleUrl>#pointStyleMap0</styleUrl>
			<Style id="inline">
				<IconStyle>
					<color>ff0055ff</color>
					<colorMode>normal</colorMode>
					<Icon>
						<href>http://maps.google.com/mapfiles/kml/shapes/placemark_square.png</href>
					</Icon>
				</IconStyle>
				<LineStyle>
					<color>ff0055ff</color>
					<colorMode>normal</colorMode>
				</LineStyle>
				<PolyStyle>
					<color>ff0055ff</color>
					<colorMode>normal</colorMode>
				</PolyStyle>
			</Style>
			<ExtendedData>
				<SchemaData schemaUrl="#S_pmagsitesupdated_SSSSSS">
					<SimpleData name="Lat">16.642°</SimpleData>
					<SimpleData name="Long">78.877°</SimpleData>
					<SimpleData name="Dec">278°</SimpleData>
					<SimpleData name="Inc">-8°</SimpleData>
					<SimpleData name="Age">1.886</SimpleData>
					<SimpleData name="Reference">Miller et al., 2023</SimpleData>
				</SchemaData>
			</ExtendedData>
			<Point>
				<coordinates>78.877,16.64199999999999,0</coordinates>
			</Point>
		</Placemark>
		<Placemark>
			<styleUrl>#pointStyleMap0</styleUrl>
			<Style id="inline">
				<IconStyle>
					<color>ff0055ff</color>
					<colorMode>normal</colorMode>
					<Icon>
						<href>http://maps.google.com/mapfiles/kml/shapes/placemark_square.png</href>
					</Icon>
				</IconStyle>
				<LineStyle>
					<color>ff0055ff</color>
					<colorMode>normal</colorMode>
				</LineStyle>
				<PolyStyle>
					<color>ff0055ff</color>
					<colorMode>normal</colorMode>
				</PolyStyle>
			</Style>
			<ExtendedData>
				<SchemaData schemaUrl="#S_pmagsitesupdated_SSSSSS">
					<SimpleData name="Lat">16.642°</SimpleData>
					<SimpleData name="Long">78.877°</SimpleData>
					<SimpleData name="Dec">288°</SimpleData>
					<SimpleData name="Inc">-26°</SimpleData>
					<SimpleData name="Age">1.886</SimpleData>
					<SimpleData name="Reference">Miller et al., 2023</SimpleData>
				</SchemaData>
			</ExtendedData>
			<Point>
				<coordinates>78.877,16.64199999999999,0</coordinates>
			</Point>
		</Placemark>
		<Placemark>
			<styleUrl>#pointStyleMap0</styleUrl>
			<Style id="inline">
				<IconStyle>
					<color>ff0055ff</color>
					<colorMode>normal</colorMode>
					<Icon>
						<href>http://maps.google.com/mapfiles/kml/shapes/placemark_square.png</href>
					</Icon>
				</IconStyle>
				<LineStyle>
					<color>ff0055ff</color>
					<colorMode>normal</colorMode>
				</LineStyle>
				<PolyStyle>
					<color>ff0055ff</color>
					<colorMode>normal</colorMode>
				</PolyStyle>
			</Style>
			<ExtendedData>
				<SchemaData schemaUrl="#S_pmagsitesupdated_SSSSSS">
					<SimpleData name="Lat">16.642°</SimpleData>
					<SimpleData name="Long">78.877°</SimpleData>
					<SimpleData name="Dec">295°</SimpleData>
					<SimpleData name="Inc">-12°</SimpleData>
					<SimpleData name="Age">1.886</SimpleData>
					<SimpleData name="Reference">Miller et al., 2023</SimpleData>
				</SchemaData>
			</ExtendedData>
			<Point>
				<coordinates>78.877,16.64199999999999,0</coordinates>
			</Point>
		</Placemark>
		<Placemark>
			<styleUrl>#pointStyleMap0</styleUrl>
			<Style id="inline">
				<IconStyle>
					<color>ff0055ff</color>
					<colorMode>normal</colorMode>
					<Icon>
						<href>http://maps.google.com/mapfiles/kml/shapes/placemark_square.png</href>
					</Icon>
				</IconStyle>
				<LineStyle>
					<color>ff0055ff</color>
					<colorMode>normal</colorMode>
				</LineStyle>
				<PolyStyle>
					<color>ff0055ff</color>
					<colorMode>normal</colorMode>
				</PolyStyle>
			</Style>
			<ExtendedData>
				<SchemaData schemaUrl="#S_pmagsitesupdated_SSSSSS">
					<SimpleData name="Lat">16.642°</SimpleData>
					<SimpleData name="Long">78.877°</SimpleData>
					<SimpleData name="Dec">291°</SimpleData>
					<SimpleData name="Inc">-19°</SimpleData>
					<SimpleData name="Age">1.886</SimpleData>
					<SimpleData name="Reference">Miller et al., 2023</SimpleData>
				</SchemaData>
			</ExtendedData>
			<Point>
				<coordinates>78.877,16.64199999999999,0</coordinates>
			</Point>
		</Placemark>
		<Placemark>
			<styleUrl>#pointStyleMap0</styleUrl>
			<Style id="inline">
				<IconStyle>
					<color>ff0055ff</color>
					<colorMode>normal</colorMode>
					<Icon>
						<href>http://maps.google.com/mapfiles/kml/shapes/placemark_square.png</href>
					</Icon>
				</IconStyle>
				<LineStyle>
					<color>ff0055ff</color>
					<colorMode>normal</colorMode>
				</LineStyle>
				<PolyStyle>
					<color>ff0055ff</color>
					<colorMode>normal</colorMode>
				</PolyStyle>
			</Style>
			<ExtendedData>
				<SchemaData schemaUrl="#S_pmagsitesupdated_SSSSSS">
					<SimpleData name="Lat">13.25°</SimpleData>
					<SimpleData name="Long">76.5°</SimpleData>
					<SimpleData name="Dec">274°</SimpleData>
					<SimpleData name="Inc">-13°</SimpleData>
					<SimpleData name="Age">1.886</SimpleData>
					<SimpleData name="Reference">Radhakrishna et al., 2003</SimpleData>
				</SchemaData>
			</ExtendedData>
			<Point>
				<coordinates>76.50000000000001,13.24999999999999,0</coordinates>
			</Point>
		</Placemark>
		<Placemark>
			<styleUrl>#pointStyleMap0</styleUrl>
			<Style id="inline">
				<IconStyle>
					<color>ff0055ff</color>
					<colorMode>normal</colorMode>
					<Icon>
						<href>http://maps.google.com/mapfiles/kml/shapes/placemark_square.png</href>
					</Icon>
				</IconStyle>
				<LineStyle>
					<color>ff0055ff</color>
					<colorMode>normal</colorMode>
				</LineStyle>
				<PolyStyle>
					<color>ff0055ff</color>
					<colorMode>normal</colorMode>
				</PolyStyle>
			</Style>
			<ExtendedData>
				<SchemaData schemaUrl="#S_pmagsitesupdated_SSSSSS">
					<SimpleData name="Lat">13.11°</SimpleData>
					<SimpleData name="Long">76.52°</SimpleData>
					<SimpleData name="Dec">296°</SimpleData>
					<SimpleData name="Inc">-16°</SimpleData>
					<SimpleData name="Age">1.886</SimpleData>
					<SimpleData name="Reference">Radhakrishna et al., 2003</SimpleData>
				</SchemaData>
			</ExtendedData>
			<Point>
				<coordinates>76.51999999999998,13.11,0</coordinates>
			</Point>
		</Placemark>
		<Placemark>
			<styleUrl>#pointStyleMap0</styleUrl>
			<Style id="inline">
				<IconStyle>
					<color>ff0055ff</color>
					<colorMode>normal</colorMode>
					<Icon>
						<href>http://maps.google.com/mapfiles/kml/shapes/placemark_square.png</href>
					</Icon>
				</IconStyle>
				<LineStyle>
					<color>ff0055ff</color>
					<colorMode>normal</colorMode>
				</LineStyle>
				<PolyStyle>
					<color>ff0055ff</color>
					<colorMode>normal</colorMode>
				</PolyStyle>
			</Style>
			<ExtendedData>
				<SchemaData schemaUrl="#S_pmagsitesupdated_SSSSSS">
					<SimpleData name="Lat">13.5°</SimpleData>
					<SimpleData name="Long">79.4°</SimpleData>
					<SimpleData name="Dec">274.6°</SimpleData>
					<SimpleData name="Inc">-24°</SimpleData>
					<SimpleData name="Age">1.886</SimpleData>
					<SimpleData name="Reference">Goutham et al., 2011</SimpleData>
				</SchemaData>
			</ExtendedData>
			<Point>
				<coordinates>79.39999999999998,13.49999999999999,0</coordinates>
			</Point>
		</Placemark>
		<Placemark>
			<styleUrl>#pointStyleMap0</styleUrl>
			<Style id="inline">
				<IconStyle>
					<color>ff0055ff</color>
					<colorMode>normal</colorMode>
					<Icon>
						<href>http://maps.google.com/mapfiles/kml/shapes/placemark_square.png</href>
					</Icon>
				</IconStyle>
				<LineStyle>
					<color>ff0055ff</color>
					<colorMode>normal</colorMode>
				</LineStyle>
				<PolyStyle>
					<color>ff0055ff</color>
					<colorMode>normal</colorMode>
				</PolyStyle>
			</Style>
			<ExtendedData>
				<SchemaData schemaUrl="#S_pmagsitesupdated_SSSSSS">
					<SimpleData name="Lat">13.4°</SimpleData>
					<SimpleData name="Long">79.3°</SimpleData>
					<SimpleData name="Dec">277.2°</SimpleData>
					<SimpleData name="Inc">-22.9°</SimpleData>
					<SimpleData name="Age">1.886</SimpleData>
					<SimpleData name="Reference">Goutham et al., 2011</SimpleData>
				</SchemaData>
			</ExtendedData>
			<Point>
				<coordinates>79.30000000000001,13.40000000000002,0</coordinates>
			</Point>
		</Placemark>
		<Placemark>
			<styleUrl>#pointStyleMap0</styleUrl>
			<Style id="inline">
				<IconStyle>
					<color>ff0055ff</color>
					<colorMode>normal</colorMode>
					<Icon>
						<href>http://maps.google.com/mapfiles/kml/shapes/placemark_square.png</href>
					</Icon>
				</IconStyle>
				<LineStyle>
					<color>ff0055ff</color>
					<colorMode>normal</colorMode>
				</LineStyle>
				<PolyStyle>
					<color>ff0055ff</color>
					<colorMode>normal</colorMode>
				</PolyStyle>
			</Style>
			<ExtendedData>
				<SchemaData schemaUrl="#S_pmagsitesupdated_SSSSSS">
					<SimpleData name="Lat">13.6°</SimpleData>
					<SimpleData name="Long">79.3°</SimpleData>
					<SimpleData name="Dec">279°</SimpleData>
					<SimpleData name="Inc">-15.3°</SimpleData>
					<SimpleData name="Age">1.886</SimpleData>
					<SimpleData name="Reference">Goutham et al., 2011</SimpleData>
				</SchemaData>
			</ExtendedData>
			<Point>
				<coordinates>79.30000000000001,13.60000000000001,0</coordinates>
			</Point>
		</Placemark>
		<Placemark>
			<styleUrl>#pointStyleMap0</styleUrl>
			<Style id="inline">
				<IconStyle>
					<color>ff0055ff</color>
					<colorMode>normal</colorMode>
					<Icon>
						<href>http://maps.google.com/mapfiles/kml/shapes/placemark_square.png</href>
					</Icon>
				</IconStyle>
				<LineStyle>
					<color>ff0055ff</color>
					<colorMode>normal</colorMode>
				</LineStyle>
				<PolyStyle>
					<color>ff0055ff</color>
					<colorMode>normal</colorMode>
				</PolyStyle>
			</Style>
			<ExtendedData>
				<SchemaData schemaUrl="#S_pmagsitesupdated_SSSSSS">
					<SimpleData name="Lat">13.4°</SimpleData>
					<SimpleData name="Long">79.4°</SimpleData>
					<SimpleData name="Dec">284.4°</SimpleData>
					<SimpleData name="Inc">-23.9°</SimpleData>
					<SimpleData name="Age">1.886</SimpleData>
					<SimpleData name="Reference">Goutham et al., 2011</SimpleData>
				</SchemaData>
			</ExtendedData>
			<Point>
				<coordinates>79.39999999999998,13.40000000000002,0</coordinates>
			</Point>
		</Placemark>
		<Placemark>
			<styleUrl>#pointStyleMap0</styleUrl>
			<Style id="inline">
				<IconStyle>
					<color>ff0055ff</color>
					<colorMode>normal</colorMode>
					<Icon>
						<href>http://maps.google.com/mapfiles/kml/shapes/placemark_square.png</href>
					</Icon>
				</IconStyle>
				<LineStyle>
					<color>ff0055ff</color>
					<colorMode>normal</colorMode>
				</LineStyle>
				<PolyStyle>
					<color>ff0055ff</color>
					<colorMode>normal</colorMode>
				</PolyStyle>
			</Style>
			<ExtendedData>
				<SchemaData schemaUrl="#S_pmagsitesupdated_SSSSSS">
					<SimpleData name="Lat">14.0°</SimpleData>
					<SimpleData name="Long">79.0°</SimpleData>
					<SimpleData name="Dec">278°</SimpleData>
					<SimpleData name="Inc">-22°</SimpleData>
					<SimpleData name="Age">1.886</SimpleData>
					<SimpleData name="Reference">Hargraves and Bhalla, 1983</SimpleData>
				</SchemaData>
			</ExtendedData>
			<Point>
				<coordinates>79,13.99999999999999,0</coordinates>
			</Point>
		</Placemark>
		<Placemark>
			<styleUrl>#pointStyleMap0</styleUrl>
			<Style id="inline">
				<IconStyle>
					<color>ff0055ff</color>
					<colorMode>normal</colorMode>
					<Icon>
						<href>http://maps.google.com/mapfiles/kml/shapes/placemark_square.png</href>
					</Icon>
				</IconStyle>
				<LineStyle>
					<color>ff0055ff</color>
					<colorMode>normal</colorMode>
				</LineStyle>
				<PolyStyle>
					<color>ff0055ff</color>
					<colorMode>normal</colorMode>
				</PolyStyle>
			</Style>
			<ExtendedData>
				<SchemaData schemaUrl="#S_pmagsitesupdated_SSSSSS">
					<SimpleData name="Lat">14.0°</SimpleData>
					<SimpleData name="Long">79.0°</SimpleData>
					<SimpleData name="Dec">297°</SimpleData>
					<SimpleData name="Inc">-27°</SimpleData>
					<SimpleData name="Age">1.886</SimpleData>
					<SimpleData name="Reference">Hargraves and Bhalla, 1983</SimpleData>
				</SchemaData>
			</ExtendedData>
			<Point>
				<coordinates>79,13.99999999999999,0</coordinates>
			</Point>
		</Placemark>
		<Placemark>
			<styleUrl>#pointStyleMap0</styleUrl>
			<Style id="inline">
				<IconStyle>
					<color>ff0055ff</color>
					<colorMode>normal</colorMode>
					<Icon>
						<href>http://maps.google.com/mapfiles/kml/shapes/placemark_square.png</href>
					</Icon>
				</IconStyle>
				<LineStyle>
					<color>ff0055ff</color>
					<colorMode>normal</colorMode>
				</LineStyle>
				<PolyStyle>
					<color>ff0055ff</color>
					<colorMode>normal</colorMode>
				</PolyStyle>
			</Style>
			<ExtendedData>
				<SchemaData schemaUrl="#S_pmagsitesupdated_SSSSSS">
					<SimpleData name="Lat">13.6°</SimpleData>
					<SimpleData name="Long">79.3°</SimpleData>
					<SimpleData name="Dec">296°</SimpleData>
					<SimpleData name="Inc">-32°</SimpleData>
					<SimpleData name="Age">1.886</SimpleData>
					<SimpleData name="Reference">Hargraves and Bhalla, 1983</SimpleData>
				</SchemaData>
			</ExtendedData>
			<Point>
				<coordinates>79.30000000000001,13.60000000000001,0</coordinates>
			</Point>
		</Placemark>
		<Placemark>
			<styleUrl>#pointStyleMap0</styleUrl>
			<Style id="inline">
				<IconStyle>
					<color>ff0055ff</color>
					<colorMode>normal</colorMode>
					<Icon>
						<href>http://maps.google.com/mapfiles/kml/shapes/placemark_square.png</href>
					</Icon>
				</IconStyle>
				<LineStyle>
					<color>ff0055ff</color>
					<colorMode>normal</colorMode>
				</LineStyle>
				<PolyStyle>
					<color>ff0055ff</color>
					<colorMode>normal</colorMode>
				</PolyStyle>
			</Style>
			<ExtendedData>
				<SchemaData schemaUrl="#S_pmagsitesupdated_SSSSSS">
					<SimpleData name="Lat">13.6°</SimpleData>
					<SimpleData name="Long">79.3°</SimpleData>
					<SimpleData name="Dec">264°</SimpleData>
					<SimpleData name="Inc">-29°</SimpleData>
					<SimpleData name="Age">1.886</SimpleData>
					<SimpleData name="Reference">Hargraves and Bhalla, 1983</SimpleData>
				</SchemaData>
			</ExtendedData>
			<Point>
				<coordinates>79.30000000000001,13.60000000000001,0</coordinates>
			</Point>
		</Placemark>
		<Placemark>
			<styleUrl>#pointStyleMap0</styleUrl>
			<Style id="inline">
				<IconStyle>
					<color>ff0055ff</color>
					<colorMode>normal</colorMode>
					<Icon>
						<href>http://maps.google.com/mapfiles/kml/shapes/placemark_square.png</href>
					</Icon>
				</IconStyle>
				<LineStyle>
					<color>ff0055ff</color>
					<colorMode>normal</colorMode>
				</LineStyle>
				<PolyStyle>
					<color>ff0055ff</color>
					<colorMode>normal</colorMode>
				</PolyStyle>
			</Style>
			<ExtendedData>
				<SchemaData schemaUrl="#S_pmagsitesupdated_SSSSSS">
					<SimpleData name="Lat">16.2581°</SimpleData>
					<SimpleData name="Long">77.9398°</SimpleData>
					<SimpleData name="Dec">306.8°</SimpleData>
					<SimpleData name="Inc">+32.0°</SimpleData>
					<SimpleData name="Age">1.799</SimpleData>
					<SimpleData name="Reference">Parashuramulu et al., 2023</SimpleData>
				</SchemaData>
			</ExtendedData>
			<Point>
				<coordinates>77.93980000000001,16.2581,0</coordinates>
			</Point>
		</Placemark>
		<Placemark>
			<styleUrl>#pointStyleMap0</styleUrl>
			<Style id="inline">
				<IconStyle>
					<color>ff0055ff</color>
					<colorMode>normal</colorMode>
					<Icon>
						<href>http://maps.google.com/mapfiles/kml/shapes/placemark_square.png</href>
					</Icon>
				</IconStyle>
				<LineStyle>
					<color>ff0055ff</color>
					<colorMode>normal</colorMode>
				</LineStyle>
				<PolyStyle>
					<color>ff0055ff</color>
					<colorMode>normal</colorMode>
				</PolyStyle>
			</Style>
			<ExtendedData>
				<SchemaData schemaUrl="#S_pmagsitesupdated_SSSSSS">
					<SimpleData name="Lat">17.1344°</SimpleData>
					<SimpleData name="Long">79.9151°</SimpleData>
					<SimpleData name="Dec">301.9°</SimpleData>
					<SimpleData name="Inc">+42.7°</SimpleData>
					<SimpleData name="Age">1.799</SimpleData>
					<SimpleData name="Reference">Parashuramulu et al., 2023</SimpleData>
				</SchemaData>
			</ExtendedData>
			<Point>
				<coordinates>79.9151,17.13439999999998,0</coordinates>
			</Point>
		</Placemark>
		<Placemark>
			<styleUrl>#pointStyleMap0</styleUrl>
			<Style id="inline">
				<IconStyle>
					<color>ff0055ff</color>
					<colorMode>normal</colorMode>
					<Icon>
						<href>http://maps.google.com/mapfiles/kml/shapes/placemark_square.png</href>
					</Icon>
				</IconStyle>
				<LineStyle>
					<color>ff0055ff</color>
					<colorMode>normal</colorMode>
				</LineStyle>
				<PolyStyle>
					<color>ff0055ff</color>
					<colorMode>normal</colorMode>
				</PolyStyle>
			</Style>
			<ExtendedData>
				<SchemaData schemaUrl="#S_pmagsitesupdated_SSSSSS">
					<SimpleData name="Lat">17.2361°</SimpleData>
					<SimpleData name="Long">80.0928°</SimpleData>
					<SimpleData name="Dec">293.0°</SimpleData>
					<SimpleData name="Inc">+39.4°</SimpleData>
					<SimpleData name="Age">1.799</SimpleData>
					<SimpleData name="Reference">Parashuramulu et al., 2023</SimpleData>
				</SchemaData>
			</ExtendedData>
			<Point>
				<coordinates>80.09280000000001,17.23610000000001,0</coordinates>
			</Point>
		</Placemark>
		<Placemark>
			<styleUrl>#pointStyleMap0</styleUrl>
			<Style id="inline">
				<IconStyle>
					<color>ff0055ff</color>
					<colorMode>normal</colorMode>
					<Icon>
						<href>http://maps.google.com/mapfiles/kml/shapes/placemark_square.png</href>
					</Icon>
				</IconStyle>
				<LineStyle>
					<color>ff0055ff</color>
					<colorMode>normal</colorMode>
				</LineStyle>
				<PolyStyle>
					<color>ff0055ff</color>
					<colorMode>normal</colorMode>
				</PolyStyle>
			</Style>
			<ExtendedData>
				<SchemaData schemaUrl="#S_pmagsitesupdated_SSSSSS">
					<SimpleData name="Lat">16.9702°</SimpleData>
					<SimpleData name="Long">79.8718°</SimpleData>
					<SimpleData name="Dec">289.1°</SimpleData>
					<SimpleData name="Inc">+27.9°</SimpleData>
					<SimpleData name="Age">1.799</SimpleData>
					<SimpleData name="Reference">Parashuramulu et al., 2023</SimpleData>
				</SchemaData>
			</ExtendedData>
			<Point>
				<coordinates>79.87179999999999,16.97020000000002,0</coordinates>
			</Point>
		</Placemark>
		<Placemark>
			<styleUrl>#pointStyleMap0</styleUrl>
			<Style id="inline">
				<IconStyle>
					<color>ff0055ff</color>
					<colorMode>normal</colorMode>
					<Icon>
						<href>http://maps.google.com/mapfiles/kml/shapes/placemark_square.png</href>
					</Icon>
				</IconStyle>
				<LineStyle>
					<color>ff0055ff</color>
					<colorMode>normal</colorMode>
				</LineStyle>
				<PolyStyle>
					<color>ff0055ff</color>
					<colorMode>normal</colorMode>
				</PolyStyle>
			</Style>
			<ExtendedData>
				<SchemaData schemaUrl="#S_pmagsitesupdated_SSSSSS">
					<SimpleData name="Lat">16.6778°</SimpleData>
					<SimpleData name="Long">78.9148°</SimpleData>
					<SimpleData name="Dec">298.2°</SimpleData>
					<SimpleData name="Inc">+35.4°</SimpleData>
					<SimpleData name="Age">1.799</SimpleData>
					<SimpleData name="Reference">Parashuramulu et al., 2023</SimpleData>
				</SchemaData>
			</ExtendedData>
			<Point>
				<coordinates>78.9148,16.67779999999999,0</coordinates>
			</Point>
		</Placemark>
		<Placemark>
			<styleUrl>#pointStyleMap0</styleUrl>
			<Style id="inline">
				<IconStyle>
					<color>ff0055ff</color>
					<colorMode>normal</colorMode>
					<Icon>
						<href>http://maps.google.com/mapfiles/kml/shapes/placemark_square.png</href>
					</Icon>
				</IconStyle>
				<LineStyle>
					<color>ff0055ff</color>
					<colorMode>normal</colorMode>
				</LineStyle>
				<PolyStyle>
					<color>ff0055ff</color>
					<colorMode>normal</colorMode>
				</PolyStyle>
			</Style>
			<ExtendedData>
				<SchemaData schemaUrl="#S_pmagsitesupdated_SSSSSS">
					<SimpleData name="Lat">15.2942°</SimpleData>
					<SimpleData name="Long">77.6866°</SimpleData>
					<SimpleData name="Dec">325.5°</SimpleData>
					<SimpleData name="Inc">+43.9°</SimpleData>
					<SimpleData name="Age">1.799</SimpleData>
					<SimpleData name="Reference">Parashuramulu et al., 2023</SimpleData>
				</SchemaData>
			</ExtendedData>
			<Point>
				<coordinates>77.68659999999998,15.2942,0</coordinates>
			</Point>
		</Placemark>
		<Placemark>
			<styleUrl>#pointStyleMap0</styleUrl>
			<Style id="inline">
				<IconStyle>
					<color>ff0055ff</color>
					<colorMode>normal</colorMode>
					<Icon>
						<href>http://maps.google.com/mapfiles/kml/shapes/placemark_square.png</href>
					</Icon>
				</IconStyle>
				<LineStyle>
					<color>ff0055ff</color>
					<colorMode>normal</colorMode>
				</LineStyle>
				<PolyStyle>
					<color>ff0055ff</color>
					<colorMode>normal</colorMode>
				</PolyStyle>
			</Style>
			<ExtendedData>
				<SchemaData schemaUrl="#S_pmagsitesupdated_SSSSSS">
					<SimpleData name="Lat">16.2161°</SimpleData>
					<SimpleData name="Long">77.9960°</SimpleData>
					<SimpleData name="Dec">298.0°</SimpleData>
					<SimpleData name="Inc">+17.0°</SimpleData>
					<SimpleData name="Age">1.799</SimpleData>
					<SimpleData name="Reference">Miller et al., 2023</SimpleData>
				</SchemaData>
			</ExtendedData>
			<Point>
				<coordinates>77.99599999999998,16.2161,0</coordinates>
			</Point>
		</Placemark>
		<Placemark>
			<styleUrl>#pointStyleMap0</styleUrl>
			<Style id="inline">
				<IconStyle>
					<color>ff0055ff</color>
					<colorMode>normal</colorMode>
					<Icon>
						<href>http://maps.google.com/mapfiles/kml/shapes/placemark_square.png</href>
					</Icon>
				</IconStyle>
				<LineStyle>
					<color>ff0055ff</color>
					<colorMode>normal</colorMode>
				</LineStyle>
				<PolyStyle>
					<color>ff0055ff</color>
					<colorMode>normal</colorMode>
				</PolyStyle>
			</Style>
			<ExtendedData>
				<SchemaData schemaUrl="#S_pmagsitesupdated_SSSSSS">
					<SimpleData name="Lat">16.5473°</SimpleData>
					<SimpleData name="Long">78.8905°</SimpleData>
					<SimpleData name="Dec">306.0°</SimpleData>
					<SimpleData name="Inc">+15.0°</SimpleData>
					<SimpleData name="Age">1.799</SimpleData>
					<SimpleData name="Reference">Miller et al., 2023</SimpleData>
				</SchemaData>
			</ExtendedData>
			<Point>
				<coordinates>78.89049999999996,16.54730000000001,0</coordinates>
			</Point>
		</Placemark>
		<Placemark>
			<styleUrl>#pointStyleMap0</styleUrl>
			<Style id="inline">
				<IconStyle>
					<color>ff0055ff</color>
					<colorMode>normal</colorMode>
					<Icon>
						<href>http://maps.google.com/mapfiles/kml/shapes/placemark_square.png</href>
					</Icon>
				</IconStyle>
				<LineStyle>
					<color>ff0055ff</color>
					<colorMode>normal</colorMode>
				</LineStyle>
				<PolyStyle>
					<color>ff0055ff</color>
					<colorMode>normal</colorMode>
				</PolyStyle>
			</Style>
			<ExtendedData>
				<SchemaData schemaUrl="#S_pmagsitesupdated_SSSSSS">
					<SimpleData name="Lat">16.537°</SimpleData>
					<SimpleData name="Long">78.808°</SimpleData>
					<SimpleData name="Dec">293.0°</SimpleData>
					<SimpleData name="Inc">+18.0°</SimpleData>
					<SimpleData name="Age">1.799</SimpleData>
					<SimpleData name="Reference">Parashuramulu et al., 2021</SimpleData>
				</SchemaData>
			</ExtendedData>
			<Point>
				<coordinates>78.80799999999998,16.53700000000002,0</coordinates>
			</Point>
		</Placemark>
		<Placemark>
			<styleUrl>#pointStyleMap0</styleUrl>
			<Style id="inline">
				<IconStyle>
					<color>ff0055ff</color>
					<colorMode>normal</colorMode>
					<Icon>
						<href>http://maps.google.com/mapfiles/kml/shapes/placemark_square.png</href>
					</Icon>
				</IconStyle>
				<LineStyle>
					<color>ff0055ff</color>
					<colorMode>normal</colorMode>
				</LineStyle>
				<PolyStyle>
					<color>ff0055ff</color>
					<colorMode>normal</colorMode>
				</PolyStyle>
			</Style>
			<ExtendedData>
				<SchemaData schemaUrl="#S_pmagsitesupdated_SSSSSS">
					<SimpleData name="Lat">14.607°</SimpleData>
					<SimpleData name="Long">78.401°</SimpleData>
					<SimpleData name="Dec">293.0°</SimpleData>
					<SimpleData name="Inc">+19.0°</SimpleData>
					<SimpleData name="Age">1.799</SimpleData>
					<SimpleData name="Reference">Parashuramulu et al., 2021</SimpleData>
				</SchemaData>
			</ExtendedData>
			<Point>
				<coordinates>78.401,14.60700000000001,0</coordinates>
			</Point>
		</Placemark>
		<Placemark>
			<styleUrl>#pointStyleMap0</styleUrl>
			<Style id="inline">
				<IconStyle>
					<color>ff0055ff</color>
					<colorMode>normal</colorMode>
					<Icon>
						<href>http://maps.google.com/mapfiles/kml/shapes/placemark_square.png</href>
					</Icon>
				</IconStyle>
				<LineStyle>
					<color>ff0055ff</color>
					<colorMode>normal</colorMode>
				</LineStyle>
				<PolyStyle>
					<color>ff0055ff</color>
					<colorMode>normal</colorMode>
				</PolyStyle>
			</Style>
			<ExtendedData>
				<SchemaData schemaUrl="#S_pmagsitesupdated_SSSSSS">
					<SimpleData name="Lat">16.230°</SimpleData>
					<SimpleData name="Long">78.010°</SimpleData>
					<SimpleData name="Dec">335.7°</SimpleData>
					<SimpleData name="Inc">+21.0°</SimpleData>
					<SimpleData name="Age">1.799</SimpleData>
					<SimpleData name="Reference">Radhakrishna et al., 2013b</SimpleData>
				</SchemaData>
			</ExtendedData>
			<Point>
				<coordinates>78.00999999999999,16.22999999999997,0</coordinates>
			</Point>
		</Placemark>
		<Placemark>
			<styleUrl>#pointStyleMap0</styleUrl>
			<Style id="inline">
				<IconStyle>
					<color>ff0055ff</color>
					<colorMode>normal</colorMode>
					<Icon>
						<href>http://maps.google.com/mapfiles/kml/shapes/placemark_square.png</href>
					</Icon>
				</IconStyle>
				<LineStyle>
					<color>ff0055ff</color>
					<colorMode>normal</colorMode>
				</LineStyle>
				<PolyStyle>
					<color>ff0055ff</color>
					<colorMode>normal</colorMode>
				</PolyStyle>
			</Style>
			<ExtendedData>
				<SchemaData schemaUrl="#S_pmagsitesupdated_SSSSSS">
					<SimpleData name="Lat">16.980°</SimpleData>
					<SimpleData name="Long">79.070°</SimpleData>
					<SimpleData name="Dec">308.5°</SimpleData>
					<SimpleData name="Inc">+22.8°</SimpleData>
					<SimpleData name="Age">1.799</SimpleData>
					<SimpleData name="Reference">Radhakrishna et al., 2013b</SimpleData>
				</SchemaData>
			</ExtendedData>
			<Point>
				<coordinates>79.06999999999998,16.98000000000001,0</coordinates>
			</Point>
		</Placemark>
		<Placemark>
			<styleUrl>#pointStyleMap0</styleUrl>
			<Style id="inline">
				<IconStyle>
					<color>ff0055ff</color>
					<colorMode>normal</colorMode>
					<Icon>
						<href>http://maps.google.com/mapfiles/kml/shapes/placemark_square.png</href>
					</Icon>
				</IconStyle>
				<LineStyle>
					<color>ff0055ff</color>
					<colorMode>normal</colorMode>
				</LineStyle>
				<PolyStyle>
					<color>ff0055ff</color>
					<colorMode>normal</colorMode>
				</PolyStyle>
			</Style>
			<ExtendedData>
				<SchemaData schemaUrl="#S_pmagsitesupdated_SSSSSS">
					<SimpleData name="Lat">13.790°</SimpleData>
					<SimpleData name="Long">79.070°</SimpleData>
					<SimpleData name="Dec">325.6°</SimpleData>
					<SimpleData name="Inc">+17.8°</SimpleData>
					<SimpleData name="Age">1.799</SimpleData>
					<SimpleData name="Reference">Radhakrishna et al., 2013b</SimpleData>
				</SchemaData>
			</ExtendedData>
			<Point>
				<coordinates>79.06999999999998,13.78999999999997,0</coordinates>
			</Point>
		</Placemark>
		<Placemark>
			<styleUrl>#pointStyleMap0</styleUrl>
			<Style id="inline">
				<IconStyle>
					<color>ff0055ff</color>
					<colorMode>normal</colorMode>
					<Icon>
						<href>http://maps.google.com/mapfiles/kml/shapes/placemark_square.png</href>
					</Icon>
				</IconStyle>
				<LineStyle>
					<color>ff0055ff</color>
					<colorMode>normal</colorMode>
				</LineStyle>
				<PolyStyle>
					<color>ff0055ff</color>
					<colorMode>normal</colorMode>
				</PolyStyle>
			</Style>
			<ExtendedData>
				<SchemaData schemaUrl="#S_pmagsitesupdated_SSSSSS">
					<SimpleData name="Lat">13.580°</SimpleData>
					<SimpleData name="Long">79.090°</SimpleData>
					<SimpleData name="Dec">333.2°</SimpleData>
					<SimpleData name="Inc">+17.9°</SimpleData>
					<SimpleData name="Age">1.799</SimpleData>
					<SimpleData name="Reference">Radhakrishna et al., 2013b</SimpleData>
				</SchemaData>
			</ExtendedData>
			<Point>
				<coordinates>79.09000000000003,13.58,0</coordinates>
			</Point>
		</Placemark>
		<Placemark>
			<styleUrl>#pointStyleMap0</styleUrl>
			<Style id="inline">
				<IconStyle>
					<color>ff0055ff</color>
					<colorMode>normal</colorMode>
					<Icon>
						<href>http://maps.google.com/mapfiles/kml/shapes/placemark_square.png</href>
					</Icon>
				</IconStyle>
				<LineStyle>
					<color>ff0055ff</color>
					<colorMode>normal</colorMode>
				</LineStyle>
				<PolyStyle>
					<color>ff0055ff</color>
					<colorMode>normal</colorMode>
				</PolyStyle>
			</Style>
			<ExtendedData>
				<SchemaData schemaUrl="#S_pmagsitesupdated_SSSSSS">
					<SimpleData name="Lat">14.82°</SimpleData>
					<SimpleData name="Long">77.63°</SimpleData>
					<SimpleData name="Dec">275.0°</SimpleData>
					<SimpleData name="Inc">+25.8°</SimpleData>
					<SimpleData name="Age">1.799</SimpleData>
					<SimpleData name="Reference">Radhakrishna et al., 2013b</SimpleData>
				</SchemaData>
			</ExtendedData>
			<Point>
				<coordinates>77.62999999999998,14.82000000000001,0</coordinates>
			</Point>
		</Placemark>
		<Placemark>
			<styleUrl>#pointStyleMap0</styleUrl>
			<Style id="inline">
				<IconStyle>
					<color>ff0055ff</color>
					<colorMode>normal</colorMode>
					<Icon>
						<href>http://maps.google.com/mapfiles/kml/shapes/placemark_square.png</href>
					</Icon>
				</IconStyle>
				<LineStyle>
					<color>ff0055ff</color>
					<colorMode>normal</colorMode>
				</LineStyle>
				<PolyStyle>
					<color>ff0055ff</color>
					<colorMode>normal</colorMode>
				</PolyStyle>
			</Style>
			<ExtendedData>
				<SchemaData schemaUrl="#S_pmagsitesupdated_SSSSSS">
					<SimpleData name="Lat">13.99°</SimpleData>
					<SimpleData name="Long">78.75°</SimpleData>
					<SimpleData name="Dec">265.8°</SimpleData>
					<SimpleData name="Inc">+10.0°</SimpleData>
					<SimpleData name="Age">1.799</SimpleData>
					<SimpleData name="Reference">Radhakrishna et al., 2013b</SimpleData>
				</SchemaData>
			</ExtendedData>
			<Point>
				<coordinates>78.75,13.99000000000001,0</coordinates>
			</Point>
		</Placemark>
		<Placemark>
			<styleUrl>#pointStyleMap0</styleUrl>
			<Style id="inline">
				<IconStyle>
					<color>ff0055ff</color>
					<colorMode>normal</colorMode>
					<Icon>
						<href>http://maps.google.com/mapfiles/kml/shapes/placemark_square.png</href>
					</Icon>
				</IconStyle>
				<LineStyle>
					<color>ff0055ff</color>
					<colorMode>normal</colorMode>
				</LineStyle>
				<PolyStyle>
					<color>ff0055ff</color>
					<colorMode>normal</colorMode>
				</PolyStyle>
			</Style>
			<ExtendedData>
				<SchemaData schemaUrl="#S_pmagsitesupdated_SSSSSS">
					<SimpleData name="Lat">12.4647°</SimpleData>
					<SimpleData name="Long">77.7673°</SimpleData>
					<SimpleData name="Dec">336.0°</SimpleData>
					<SimpleData name="Inc">+21.0°</SimpleData>
					<SimpleData name="Age">1.799</SimpleData>
					<SimpleData name="Reference">Belica et al., 2014</SimpleData>
				</SchemaData>
			</ExtendedData>
			<Point>
				<coordinates>77.76729999999999,12.4647,0</coordinates>
			</Point>
		</Placemark>
		<Placemark>
			<styleUrl>#pointStyleMap0</styleUrl>
			<Style id="inline">
				<IconStyle>
					<color>ff0055ff</color>
					<colorMode>normal</colorMode>
					<Icon>
						<href>http://maps.google.com/mapfiles/kml/shapes/placemark_square.png</href>
					</Icon>
				</IconStyle>
				<LineStyle>
					<color>ff0055ff</color>
					<colorMode>normal</colorMode>
				</LineStyle>
				<PolyStyle>
					<color>ff0055ff</color>
					<colorMode>normal</colorMode>
				</PolyStyle>
			</Style>
			<ExtendedData>
				<SchemaData schemaUrl="#S_pmagsitesupdated_SSSSSS">
					<SimpleData name="Lat">14.138°</SimpleData>
					<SimpleData name="Long">77.935°</SimpleData>
					<SimpleData name="Dec">314.5°</SimpleData>
					<SimpleData name="Inc">+18.8°</SimpleData>
					<SimpleData name="Age">1.799</SimpleData>
					<SimpleData name="Reference">Belica et al., 2014</SimpleData>
				</SchemaData>
			</ExtendedData>
			<Point>
				<coordinates>77.93500000000002,14.13800000000002,0</coordinates>
			</Point>
		</Placemark>
		<Placemark>
			<styleUrl>#pointStyleMap0</styleUrl>
			<Style id="inline">
				<IconStyle>
					<color>ff0055ff</color>
					<colorMode>normal</colorMode>
					<Icon>
						<href>http://maps.google.com/mapfiles/kml/shapes/placemark_square.png</href>
					</Icon>
				</IconStyle>
				<LineStyle>
					<color>ff0055ff</color>
					<colorMode>normal</colorMode>
				</LineStyle>
				<PolyStyle>
					<color>ff0055ff</color>
					<colorMode>normal</colorMode>
				</PolyStyle>
			</Style>
			<ExtendedData>
				<SchemaData schemaUrl="#S_pmagsitesupdated_SSSSSS">
					<SimpleData name="Lat">13.6526°</SimpleData>
					<SimpleData name="Long">78.9659°</SimpleData>
					<SimpleData name="Dec">320.0°</SimpleData>
					<SimpleData name="Inc">+41.0°</SimpleData>
					<SimpleData name="Age">1.799</SimpleData>
					<SimpleData name="Reference">Pivarunas et al., 2019</SimpleData>
				</SchemaData>
			</ExtendedData>
			<Point>
				<coordinates>78.96590000000002,13.65259999999999,0</coordinates>
			</Point>
		</Placemark>
		<Placemark>
			<styleUrl>#pointStyleMap0</styleUrl>
			<Style id="inline">
				<IconStyle>
					<color>ff0055ff</color>
					<colorMode>normal</colorMode>
					<Icon>
						<href>http://maps.google.com/mapfiles/kml/shapes/placemark_square.png</href>
					</Icon>
				</IconStyle>
				<LineStyle>
					<color>ff0055ff</color>
					<colorMode>normal</colorMode>
				</LineStyle>
				<PolyStyle>
					<color>ff0055ff</color>
					<colorMode>normal</colorMode>
				</PolyStyle>
			</Style>
			<ExtendedData>
				<SchemaData schemaUrl="#S_pmagsitesupdated_SSSSSS">
					<SimpleData name="Lat">12.424°</SimpleData>
					<SimpleData name="Long">77.234°</SimpleData>
					<SimpleData name="Dec">304.6°</SimpleData>
					<SimpleData name="Inc">17.3°</SimpleData>
					<SimpleData name="Age">1.799</SimpleData>
					<SimpleData name="Reference">Piispa et al., 2011</SimpleData>
				</SchemaData>
			</ExtendedData>
			<Point>
				<coordinates>77.23399999999998,12.42400000000002,0</coordinates>
			</Point>
		</Placemark>
		<Placemark>
			<styleUrl>#pointStyleMap0</styleUrl>
			<Style id="inline">
				<IconStyle>
					<color>ff0055ff</color>
					<colorMode>normal</colorMode>
					<Icon>
						<href>http://maps.google.com/mapfiles/kml/shapes/placemark_square.png</href>
					</Icon>
				</IconStyle>
				<LineStyle>
					<color>ff0055ff</color>
					<colorMode>normal</colorMode>
				</LineStyle>
				<PolyStyle>
					<color>ff0055ff</color>
					<colorMode>normal</colorMode>
				</PolyStyle>
			</Style>
			<ExtendedData>
				<SchemaData schemaUrl="#S_pmagsitesupdated_SSSSSS">
					<SimpleData name="Lat">14.89</SimpleData>
					<SimpleData name="Long">74.36</SimpleData>
					<SimpleData name="Dec">326</SimpleData>
					<SimpleData name="Inc">14</SimpleData>
					<SimpleData name="Age">1.799</SimpleData>
					<SimpleData name="Reference">Radhakrishna et al., 2003</SimpleData>
				</SchemaData>
			</ExtendedData>
			<Point>
				<coordinates>74.36000000000001,14.88999999999999,0</coordinates>
			</Point>
		</Placemark>
		<Placemark>
			<styleUrl>#pointStyleMap0</styleUrl>
			<Style id="inline">
				<IconStyle>
					<color>ff0055ff</color>
					<colorMode>normal</colorMode>
					<Icon>
						<href>http://maps.google.com/mapfiles/kml/shapes/placemark_square.png</href>
					</Icon>
				</IconStyle>
				<LineStyle>
					<color>ff0055ff</color>
					<colorMode>normal</colorMode>
				</LineStyle>
				<PolyStyle>
					<color>ff0055ff</color>
					<colorMode>normal</colorMode>
				</PolyStyle>
			</Style>
			<ExtendedData>
				<SchemaData schemaUrl="#S_pmagsitesupdated_SSSSSS">
					<SimpleData name="Lat">13.26</SimpleData>
					<SimpleData name="Long">76.42</SimpleData>
					<SimpleData name="Dec">319</SimpleData>
					<SimpleData name="Inc">32</SimpleData>
					<SimpleData name="Age">1.799</SimpleData>
					<SimpleData name="Reference">Radhakrishna et al., 2003</SimpleData>
				</SchemaData>
			</ExtendedData>
			<Point>
				<coordinates>76.42,13.25999999999998,0</coordinates>
			</Point>
		</Placemark>
		<Placemark>
			<styleUrl>#pointStyleMap0</styleUrl>
			<Style id="inline">
				<IconStyle>
					<color>ff0055ff</color>
					<colorMode>normal</colorMode>
					<Icon>
						<href>http://maps.google.com/mapfiles/kml/shapes/placemark_square.png</href>
					</Icon>
				</IconStyle>
				<LineStyle>
					<color>ff0055ff</color>
					<colorMode>normal</colorMode>
				</LineStyle>
				<PolyStyle>
					<color>ff0055ff</color>
					<colorMode>normal</colorMode>
				</PolyStyle>
			</Style>
			<ExtendedData>
				<SchemaData schemaUrl="#S_pmagsitesupdated_SSSSSS">
					<SimpleData name="Lat">13.3</SimpleData>
					<SimpleData name="Long">76.5</SimpleData>
					<SimpleData name="Dec">319</SimpleData>
					<SimpleData name="Inc">35</SimpleData>
					<SimpleData name="Age">1.799</SimpleData>
					<SimpleData name="Reference">Hargraves and Bhalla, 1983</SimpleData>
				</SchemaData>
			</ExtendedData>
			<Point>
				<coordinates>76.50000000000001,13.3,0</coordinates>
			</Point>
		</Placemark>
		<Placemark>
			<styleUrl>#pointStyleMap0</styleUrl>
			<Style id="inline">
				<IconStyle>
					<color>ff0055ff</color>
					<colorMode>normal</colorMode>
					<Icon>
						<href>http://maps.google.com/mapfiles/kml/shapes/placemark_square.png</href>
					</Icon>
				</IconStyle>
				<LineStyle>
					<color>ff0055ff</color>
					<colorMode>normal</colorMode>
				</LineStyle>
				<PolyStyle>
					<color>ff0055ff</color>
					<colorMode>normal</colorMode>
				</PolyStyle>
			</Style>
			<ExtendedData>
				<SchemaData schemaUrl="#S_pmagsitesupdated_SSSSSS">
					<SimpleData name="Lat">12.3</SimpleData>
					<SimpleData name="Long">76.3</SimpleData>
					<SimpleData name="Dec">339</SimpleData>
					<SimpleData name="Inc">43</SimpleData>
					<SimpleData name="Age">1.799</SimpleData>
					<SimpleData name="Reference">Hargraves and Bhalla, 1983</SimpleData>
				</SchemaData>
			</ExtendedData>
			<Point>
				<coordinates>76.30000000000001,12.3,0</coordinates>
			</Point>
		</Placemark>
		<Placemark>
			<styleUrl>#pointStyleMap0</styleUrl>
			<Style id="inline">
				<IconStyle>
					<color>ff0055ff</color>
					<colorMode>normal</colorMode>
					<Icon>
						<href>http://maps.google.com/mapfiles/kml/shapes/placemark_square.png</href>
					</Icon>
				</IconStyle>
				<LineStyle>
					<color>ff0055ff</color>
					<colorMode>normal</colorMode>
				</LineStyle>
				<PolyStyle>
					<color>ff0055ff</color>
					<colorMode>normal</colorMode>
				</PolyStyle>
			</Style>
			<ExtendedData>
				<SchemaData schemaUrl="#S_pmagsitesupdated_SSSSSS">
					<SimpleData name="Lat">22.6137°</SimpleData>
					<SimpleData name="Long">86.1°</SimpleData>
					<SimpleData name="Dec">284°</SimpleData>
					<SimpleData name="Inc">-16.5°</SimpleData>
					<SimpleData name="Age">1.765</SimpleData>
					<SimpleData name="Reference">Pivarunas et al., 2021</SimpleData>
				</SchemaData>
			</ExtendedData>
			<Point>
				<coordinates>86.10000000000002,22.61369999999999,0</coordinates>
			</Point>
		</Placemark>
		<Placemark>
			<styleUrl>#pointStyleMap0</styleUrl>
			<Style id="inline">
				<IconStyle>
					<color>ff0055ff</color>
					<colorMode>normal</colorMode>
					<Icon>
						<href>http://maps.google.com/mapfiles/kml/shapes/placemark_square.png</href>
					</Icon>
				</IconStyle>
				<LineStyle>
					<color>ff0055ff</color>
					<colorMode>normal</colorMode>
				</LineStyle>
				<PolyStyle>
					<color>ff0055ff</color>
					<colorMode>normal</colorMode>
				</PolyStyle>
			</Style>
			<ExtendedData>
				<SchemaData schemaUrl="#S_pmagsitesupdated_SSSSSS">
					<SimpleData name="Lat">22.6077°</SimpleData>
					<SimpleData name="Long">86.0790°</SimpleData>
					<SimpleData name="Dec">133.9°</SimpleData>
					<SimpleData name="Inc">-18.1°</SimpleData>
					<SimpleData name="Age">1.765</SimpleData>
					<SimpleData name="Reference">Pivarunas et al., 2021</SimpleData>
				</SchemaData>
			</ExtendedData>
			<Point>
				<coordinates>86.07900000000001,22.60769999999999,0</coordinates>
			</Point>
		</Placemark>
		<Placemark>
			<styleUrl>#pointStyleMap0</styleUrl>
			<Style id="inline">
				<IconStyle>
					<color>ff0055ff</color>
					<colorMode>normal</colorMode>
					<Icon>
						<href>http://maps.google.com/mapfiles/kml/shapes/placemark_square.png</href>
					</Icon>
				</IconStyle>
				<LineStyle>
					<color>ff0055ff</color>
					<colorMode>normal</colorMode>
				</LineStyle>
				<PolyStyle>
					<color>ff0055ff</color>
					<colorMode>normal</colorMode>
				</PolyStyle>
			</Style>
			<ExtendedData>
				<SchemaData schemaUrl="#S_pmagsitesupdated_SSSSSS">
					<SimpleData name="Lat">22.6317°</SimpleData>
					<SimpleData name="Long">86.06°</SimpleData>
					<SimpleData name="Dec">342.0°</SimpleData>
					<SimpleData name="Inc">-18.1°</SimpleData>
					<SimpleData name="Age">1.765</SimpleData>
					<SimpleData name="Reference">Pivarunas et al., 2021</SimpleData>
				</SchemaData>
			</ExtendedData>
			<Point>
				<coordinates>86.06,22.63169999999998,0</coordinates>
			</Point>
		</Placemark>
		<Placemark>
			<styleUrl>#pointStyleMap0</styleUrl>
			<Style id="inline">
				<IconStyle>
					<color>ff0055ff</color>
					<colorMode>normal</colorMode>
					<Icon>
						<href>http://maps.google.com/mapfiles/kml/shapes/placemark_square.png</href>
					</Icon>
				</IconStyle>
				<LineStyle>
					<color>ff0055ff</color>
					<colorMode>normal</colorMode>
				</LineStyle>
				<PolyStyle>
					<color>ff0055ff</color>
					<colorMode>normal</colorMode>
				</PolyStyle>
			</Style>
			<ExtendedData>
				<SchemaData schemaUrl="#S_pmagsitesupdated_SSSSSS">
					<SimpleData name="Lat">21.593°</SimpleData>
					<SimpleData name="Long">85.726°</SimpleData>
					<SimpleData name="Dec">327.4°</SimpleData>
					<SimpleData name="Inc">-17.4°</SimpleData>
					<SimpleData name="Age">1.765</SimpleData>
					<SimpleData name="Reference">Pivarunas et al., 2021; Shankar et al., 2017</SimpleData>
				</SchemaData>
			</ExtendedData>
			<Point>
				<coordinates>85.72600000000001,21.59299999999998,0</coordinates>
			</Point>
		</Placemark>
		<Placemark>
			<styleUrl>#pointStyleMap0</styleUrl>
			<Style id="inline">
				<IconStyle>
					<color>ff0055ff</color>
					<colorMode>normal</colorMode>
					<Icon>
						<href>http://maps.google.com/mapfiles/kml/shapes/placemark_square.png</href>
					</Icon>
				</IconStyle>
				<LineStyle>
					<color>ff0055ff</color>
					<colorMode>normal</colorMode>
				</LineStyle>
				<PolyStyle>
					<color>ff0055ff</color>
					<colorMode>normal</colorMode>
				</PolyStyle>
			</Style>
			<ExtendedData>
				<SchemaData schemaUrl="#S_pmagsitesupdated_SSSSSS">
					<SimpleData name="Lat">21.577°</SimpleData>
					<SimpleData name="Long">85.9115°</SimpleData>
					<SimpleData name="Dec">333.4°</SimpleData>
					<SimpleData name="Inc">-18.9°</SimpleData>
					<SimpleData name="Age">1.765</SimpleData>
					<SimpleData name="Reference">Pivarunas et al., 2021; Shankar et al., 2017</SimpleData>
				</SchemaData>
			</ExtendedData>
			<Point>
				<coordinates>85.91149999999999,21.57699999999999,0</coordinates>
			</Point>
		</Placemark>
		<Placemark>
			<styleUrl>#pointStyleMap0</styleUrl>
			<Style id="inline">
				<IconStyle>
					<color>ff0055ff</color>
					<colorMode>normal</colorMode>
					<Icon>
						<href>http://maps.google.com/mapfiles/kml/shapes/placemark_square.png</href>
					</Icon>
				</IconStyle>
				<LineStyle>
					<color>ff0055ff</color>
					<colorMode>normal</colorMode>
				</LineStyle>
				<PolyStyle>
					<color>ff0055ff</color>
					<colorMode>normal</colorMode>
				</PolyStyle>
			</Style>
			<ExtendedData>
				<SchemaData schemaUrl="#S_pmagsitesupdated_SSSSSS">
					<SimpleData name="Lat">21.5983°</SimpleData>
					<SimpleData name="Long">85.7460°</SimpleData>
					<SimpleData name="Dec">323.4°</SimpleData>
					<SimpleData name="Inc">-9.9°</SimpleData>
					<SimpleData name="Age">1.765</SimpleData>
					<SimpleData name="Reference">Pivarunas et al., 2021; Shankar et al., 2017</SimpleData>
				</SchemaData>
			</ExtendedData>
			<Point>
				<coordinates>85.746,21.59830000000001,0</coordinates>
			</Point>
		</Placemark>
		<Placemark>
			<styleUrl>#pointStyleMap0</styleUrl>
			<Style id="inline">
				<IconStyle>
					<color>ff0055ff</color>
					<colorMode>normal</colorMode>
					<Icon>
						<href>http://maps.google.com/mapfiles/kml/shapes/placemark_square.png</href>
					</Icon>
				</IconStyle>
				<LineStyle>
					<color>ff0055ff</color>
					<colorMode>normal</colorMode>
				</LineStyle>
				<PolyStyle>
					<color>ff0055ff</color>
					<colorMode>normal</colorMode>
				</PolyStyle>
			</Style>
			<ExtendedData>
				<SchemaData schemaUrl="#S_pmagsitesupdated_SSSSSS">
					<SimpleData name="Lat">21.068°</SimpleData>
					<SimpleData name="Long">85.844°</SimpleData>
					<SimpleData name="Dec">295.1°</SimpleData>
					<SimpleData name="Inc">-9.3°</SimpleData>
					<SimpleData name="Age">1.765</SimpleData>
					<SimpleData name="Reference">Pivarunas et al., 2021</SimpleData>
				</SchemaData>
			</ExtendedData>
			<Point>
				<coordinates>85.84399999999999,21.06800000000001,0</coordinates>
			</Point>
		</Placemark>
		<Placemark>
			<styleUrl>#pointStyleMap0</styleUrl>
			<Style id="inline">
				<IconStyle>
					<color>ff0055ff</color>
					<colorMode>normal</colorMode>
					<Icon>
						<href>http://maps.google.com/mapfiles/kml/shapes/placemark_square.png</href>
					</Icon>
				</IconStyle>
				<LineStyle>
					<color>ff0055ff</color>
					<colorMode>normal</colorMode>
				</LineStyle>
				<PolyStyle>
					<color>ff0055ff</color>
					<colorMode>normal</colorMode>
				</PolyStyle>
			</Style>
			<ExtendedData>
				<SchemaData schemaUrl="#S_pmagsitesupdated_SSSSSS">
					<SimpleData name="Lat">21.3513°</SimpleData>
					<SimpleData name="Long">85.9962°</SimpleData>
					<SimpleData name="Dec">329°</SimpleData>
					<SimpleData name="Inc">5°</SimpleData>
					<SimpleData name="Age">1.765</SimpleData>
					<SimpleData name="Reference">Pivarunas et al., 2021</SimpleData>
				</SchemaData>
			</ExtendedData>
			<Point>
				<coordinates>85.99619999999999,21.35130000000003,0</coordinates>
			</Point>
		</Placemark>
		<Placemark>
			<styleUrl>#pointStyleMap0</styleUrl>
			<Style id="inline">
				<IconStyle>
					<color>ff0055ff</color>
					<colorMode>normal</colorMode>
					<Icon>
						<href>http://maps.google.com/mapfiles/kml/shapes/placemark_square.png</href>
					</Icon>
				</IconStyle>
				<LineStyle>
					<color>ff0055ff</color>
					<colorMode>normal</colorMode>
				</LineStyle>
				<PolyStyle>
					<color>ff0055ff</color>
					<colorMode>normal</colorMode>
				</PolyStyle>
			</Style>
			<ExtendedData>
				<SchemaData schemaUrl="#S_pmagsitesupdated_SSSSSS">
					<SimpleData name="Lat">21.372°</SimpleData>
					<SimpleData name="Long">86.148°</SimpleData>
					<SimpleData name="Dec">345.4°</SimpleData>
					<SimpleData name="Inc">-28.8°</SimpleData>
					<SimpleData name="Age">1.765</SimpleData>
					<SimpleData name="Reference">Pivarunas et al., 2021; Shankar et al., 2017</SimpleData>
				</SchemaData>
			</ExtendedData>
			<Point>
				<coordinates>86.14800000000002,21.372,0</coordinates>
			</Point>
		</Placemark>
		<Placemark>
			<styleUrl>#pointStyleMap0</styleUrl>
			<Style id="inline">
				<IconStyle>
					<color>ff0055ff</color>
					<colorMode>normal</colorMode>
					<Icon>
						<href>http://maps.google.com/mapfiles/kml/shapes/placemark_square.png</href>
					</Icon>
				</IconStyle>
				<LineStyle>
					<color>ff0055ff</color>
					<colorMode>normal</colorMode>
				</LineStyle>
				<PolyStyle>
					<color>ff0055ff</color>
					<colorMode>normal</colorMode>
				</PolyStyle>
			</Style>
			<ExtendedData>
				<SchemaData schemaUrl="#S_pmagsitesupdated_SSSSSS">
					<SimpleData name="Lat">21.593°</SimpleData>
					<SimpleData name="Long">85.743°</SimpleData>
					<SimpleData name="Dec">332.5°</SimpleData>
					<SimpleData name="Inc">-35.1°</SimpleData>
					<SimpleData name="Age">1.765</SimpleData>
					<SimpleData name="Reference">Shankar et al., 2017</SimpleData>
				</SchemaData>
			</ExtendedData>
			<Point>
				<coordinates>85.74300000000001,21.59299999999998,0</coordinates>
			</Point>
		</Placemark>
		<Placemark>
			<styleUrl>#pointStyleMap0</styleUrl>
			<Style id="inline">
				<IconStyle>
					<color>ff0055ff</color>
					<colorMode>normal</colorMode>
					<Icon>
						<href>http://maps.google.com/mapfiles/kml/shapes/placemark_square.png</href>
					</Icon>
				</IconStyle>
				<LineStyle>
					<color>ff0055ff</color>
					<colorMode>normal</colorMode>
				</LineStyle>
				<PolyStyle>
					<color>ff0055ff</color>
					<colorMode>normal</colorMode>
				</PolyStyle>
			</Style>
			<ExtendedData>
				<SchemaData schemaUrl="#S_pmagsitesupdated_SSSSSS">
					<SimpleData name="Lat">21.4302°</SimpleData>
					<SimpleData name="Long">86.181°</SimpleData>
					<SimpleData name="Dec">326.5°</SimpleData>
					<SimpleData name="Inc">-22.4°</SimpleData>
					<SimpleData name="Age">1.765</SimpleData>
					<SimpleData name="Reference">Shankar et al., 2017</SimpleData>
				</SchemaData>
			</ExtendedData>
			<Point>
				<coordinates>86.181,21.43020000000003,0</coordinates>
			</Point>
		</Placemark>
		<Placemark>
			<styleUrl>#pointStyleMap0</styleUrl>
			<Style id="inline">
				<IconStyle>
					<color>ff0055ff</color>
					<colorMode>normal</colorMode>
					<Icon>
						<href>http://maps.google.com/mapfiles/kml/shapes/placemark_square.png</href>
					</Icon>
				</IconStyle>
				<LineStyle>
					<color>ff0055ff</color>
					<colorMode>normal</colorMode>
				</LineStyle>
				<PolyStyle>
					<color>ff0055ff</color>
					<colorMode>normal</colorMode>
				</PolyStyle>
			</Style>
			<ExtendedData>
				<SchemaData schemaUrl="#S_pmagsitesupdated_SSSSSS">
					<SimpleData name="Lat">21.597°</SimpleData>
					<SimpleData name="Long">85.89°</SimpleData>
					<SimpleData name="Dec">343°</SimpleData>
					<SimpleData name="Inc">-21°</SimpleData>
					<SimpleData name="Age">1.765</SimpleData>
					<SimpleData name="Reference">Shankar et al., 2017</SimpleData>
				</SchemaData>
			</ExtendedData>
			<Point>
				<coordinates>85.88999999999997,21.597,0</coordinates>
			</Point>
		</Placemark>
		<Placemark>
			<styleUrl>#pointStyleMap0</styleUrl>
			<Style id="inline">
				<IconStyle>
					<color>ff0055ff</color>
					<colorMode>normal</colorMode>
					<Icon>
						<href>http://maps.google.com/mapfiles/kml/shapes/placemark_square.png</href>
					</Icon>
				</IconStyle>
				<LineStyle>
					<color>ff0055ff</color>
					<colorMode>normal</colorMode>
				</LineStyle>
				<PolyStyle>
					<color>ff0055ff</color>
					<colorMode>normal</colorMode>
				</PolyStyle>
			</Style>
			<ExtendedData>
				<SchemaData schemaUrl="#S_pmagsitesupdated_SSSSSS">
					<SimpleData name="Lat">22°</SimpleData>
					<SimpleData name="Long">86.0°</SimpleData>
					<SimpleData name="Dec">327.5°</SimpleData>
					<SimpleData name="Inc">-6.8°</SimpleData>
					<SimpleData name="Age">1.765</SimpleData>
					<SimpleData name="Reference">Pivarunas et al., 2021</SimpleData>
				</SchemaData>
			</ExtendedData>
			<Point>
				<coordinates>86.00000000000001,22,0</coordinates>
			</Point>
		</Placemark>
		<Placemark>
			<styleUrl>#pointStyleMap0</styleUrl>
			<Style id="inline">
				<IconStyle>
					<color>ff0055ff</color>
					<colorMode>normal</colorMode>
					<Icon>
						<href>http://maps.google.com/mapfiles/kml/shapes/placemark_square.png</href>
					</Icon>
				</IconStyle>
				<LineStyle>
					<color>ff0055ff</color>
					<colorMode>normal</colorMode>
				</LineStyle>
				<PolyStyle>
					<color>ff0055ff</color>
					<colorMode>normal</colorMode>
				</PolyStyle>
			</Style>
			<ExtendedData>
				<SchemaData schemaUrl="#S_pmagsitesupdated_SSSSSS">
					<SimpleData name="Lat">26.116°</SimpleData>
					<SimpleData name="Long">78.079°</SimpleData>
					<SimpleData name="Dec">72.7°</SimpleData>
					<SimpleData name="Inc">-9.1°</SimpleData>
					<SimpleData name="Age">1.73</SimpleData>
					<SimpleData name="Reference">Meert et al., 2024</SimpleData>
				</SchemaData>
			</ExtendedData>
			<Point>
				<coordinates>78.07900000000001,26.11599999999999,0</coordinates>
			</Point>
		</Placemark>
		<Placemark>
			<styleUrl>#pointStyleMap0</styleUrl>
			<Style id="inline">
				<IconStyle>
					<color>ff0055ff</color>
					<colorMode>normal</colorMode>
					<Icon>
						<href>http://maps.google.com/mapfiles/kml/shapes/placemark_square.png</href>
					</Icon>
				</IconStyle>
				<LineStyle>
					<color>ff0055ff</color>
					<colorMode>normal</colorMode>
				</LineStyle>
				<PolyStyle>
					<color>ff0055ff</color>
					<colorMode>normal</colorMode>
				</PolyStyle>
			</Style>
			<ExtendedData>
				<SchemaData schemaUrl="#S_pmagsitesupdated_SSSSSS">
					<SimpleData name="Lat">26.232°</SimpleData>
					<SimpleData name="Long">78.134°</SimpleData>
					<SimpleData name="Dec">63.0°</SimpleData>
					<SimpleData name="Inc">+1.4°</SimpleData>
					<SimpleData name="Age">1.73</SimpleData>
					<SimpleData name="Reference">Meert et al., 2024</SimpleData>
				</SchemaData>
			</ExtendedData>
			<Point>
				<coordinates>78.134,26.23199999999999,0</coordinates>
			</Point>
		</Placemark>
		<Placemark>
			<styleUrl>#pointStyleMap0</styleUrl>
			<Style id="inline">
				<IconStyle>
					<color>ff0055ff</color>
					<colorMode>normal</colorMode>
					<Icon>
						<href>http://maps.google.com/mapfiles/kml/shapes/placemark_square.png</href>
					</Icon>
				</IconStyle>
				<LineStyle>
					<color>ff0055ff</color>
					<colorMode>normal</colorMode>
				</LineStyle>
				<PolyStyle>
					<color>ff0055ff</color>
					<colorMode>normal</colorMode>
				</PolyStyle>
			</Style>
			<ExtendedData>
				<SchemaData schemaUrl="#S_pmagsitesupdated_SSSSSS">
					<SimpleData name="Lat">26.265°</SimpleData>
					<SimpleData name="Long">78.232°</SimpleData>
					<SimpleData name="Dec">72.5°</SimpleData>
					<SimpleData name="Inc">+10.4°</SimpleData>
					<SimpleData name="Age">1.73</SimpleData>
					<SimpleData name="Reference">Meert et al., 2024</SimpleData>
				</SchemaData>
			</ExtendedData>
			<Point>
				<coordinates>78.23199999999997,26.265,0</coordinates>
			</Point>
		</Placemark>
		<Placemark>
			<styleUrl>#pointStyleMap0</styleUrl>
			<Style id="inline">
				<IconStyle>
					<color>ff0055ff</color>
					<colorMode>normal</colorMode>
					<Icon>
						<href>http://maps.google.com/mapfiles/kml/shapes/placemark_square.png</href>
					</Icon>
				</IconStyle>
				<LineStyle>
					<color>ff0055ff</color>
					<colorMode>normal</colorMode>
				</LineStyle>
				<PolyStyle>
					<color>ff0055ff</color>
					<colorMode>normal</colorMode>
				</PolyStyle>
			</Style>
			<ExtendedData>
				<SchemaData schemaUrl="#S_pmagsitesupdated_SSSSSS">
					<SimpleData name="Lat">26.268°</SimpleData>
					<SimpleData name="Long">78.228°</SimpleData>
					<SimpleData name="Dec">74.5°</SimpleData>
					<SimpleData name="Inc">+14.7°</SimpleData>
					<SimpleData name="Age">1.73</SimpleData>
					<SimpleData name="Reference">Meert et al., 2024</SimpleData>
				</SchemaData>
			</ExtendedData>
			<Point>
				<coordinates>78.22800000000002,26.26799999999999,0</coordinates>
			</Point>
		</Placemark>
		<Placemark>
			<styleUrl>#pointStyleMap0</styleUrl>
			<Style id="inline">
				<IconStyle>
					<color>ff0055ff</color>
					<colorMode>normal</colorMode>
					<Icon>
						<href>http://maps.google.com/mapfiles/kml/shapes/placemark_square.png</href>
					</Icon>
				</IconStyle>
				<LineStyle>
					<color>ff0055ff</color>
					<colorMode>normal</colorMode>
				</LineStyle>
				<PolyStyle>
					<color>ff0055ff</color>
					<colorMode>normal</colorMode>
				</PolyStyle>
			</Style>
			<ExtendedData>
				<SchemaData schemaUrl="#S_pmagsitesupdated_SSSSSS">
					<SimpleData name="Lat">26.212°</SimpleData>
					<SimpleData name="Long">78.167°</SimpleData>
					<SimpleData name="Dec">81.3°</SimpleData>
					<SimpleData name="Inc">+11.7°</SimpleData>
					<SimpleData name="Age">1.73</SimpleData>
					<SimpleData name="Reference">Pradhan et al., 2010</SimpleData>
				</SchemaData>
			</ExtendedData>
			<Point>
				<coordinates>78.16700000000002,26.21199999999998,0</coordinates>
			</Point>
		</Placemark>
		<Placemark>
			<styleUrl>#pointStyleMap0</styleUrl>
			<Style id="inline">
				<IconStyle>
					<color>ff0055ff</color>
					<colorMode>normal</colorMode>
					<Icon>
						<href>http://maps.google.com/mapfiles/kml/shapes/placemark_square.png</href>
					</Icon>
				</IconStyle>
				<LineStyle>
					<color>ff0055ff</color>
					<colorMode>normal</colorMode>
				</LineStyle>
				<PolyStyle>
					<color>ff0055ff</color>
					<colorMode>normal</colorMode>
				</PolyStyle>
			</Style>
			<ExtendedData>
				<SchemaData schemaUrl="#S_pmagsitesupdated_SSSSSS">
					<SimpleData name="Lat">26.216°</SimpleData>
					<SimpleData name="Long">78.169°</SimpleData>
					<SimpleData name="Dec">73.5°</SimpleData>
					<SimpleData name="Inc">+10.8°</SimpleData>
					<SimpleData name="Age">1.73</SimpleData>
					<SimpleData name="Reference">Pradhan et al., 2010</SimpleData>
				</SchemaData>
			</ExtendedData>
			<Point>
				<coordinates>78.169,26.216,0</coordinates>
			</Point>
		</Placemark>
		<Placemark>
			<styleUrl>#pointStyleMap0</styleUrl>
			<Style id="inline">
				<IconStyle>
					<color>ff0055ff</color>
					<colorMode>normal</colorMode>
					<Icon>
						<href>http://maps.google.com/mapfiles/kml/shapes/placemark_square.png</href>
					</Icon>
				</IconStyle>
				<LineStyle>
					<color>ff0055ff</color>
					<colorMode>normal</colorMode>
				</LineStyle>
				<PolyStyle>
					<color>ff0055ff</color>
					<colorMode>normal</colorMode>
				</PolyStyle>
			</Style>
			<ExtendedData>
				<SchemaData schemaUrl="#S_pmagsitesupdated_SSSSSS">
					<SimpleData name="Lat">26.210°</SimpleData>
					<SimpleData name="Long">78.157°</SimpleData>
					<SimpleData name="Dec">71.8°</SimpleData>
					<SimpleData name="Inc">+0.0°</SimpleData>
					<SimpleData name="Age">1.73</SimpleData>
					<SimpleData name="Reference">Pradhan et al., 2010</SimpleData>
				</SchemaData>
			</ExtendedData>
			<Point>
				<coordinates>78.157,26.21,0</coordinates>
			</Point>
		</Placemark>
		<Placemark>
			<styleUrl>#pointStyleMap0</styleUrl>
			<Style id="inline">
				<IconStyle>
					<color>ff0055ff</color>
					<colorMode>normal</colorMode>
					<Icon>
						<href>http://maps.google.com/mapfiles/kml/shapes/placemark_square.png</href>
					</Icon>
				</IconStyle>
				<LineStyle>
					<color>ff0055ff</color>
					<colorMode>normal</colorMode>
				</LineStyle>
				<PolyStyle>
					<color>ff0055ff</color>
					<colorMode>normal</colorMode>
				</PolyStyle>
			</Style>
			<ExtendedData>
				<SchemaData schemaUrl="#S_pmagsitesupdated_SSSSSS">
					<SimpleData name="Lat">26.113°</SimpleData>
					<SimpleData name="Long">78.083°</SimpleData>
					<SimpleData name="Dec">71.2°</SimpleData>
					<SimpleData name="Inc">-10.3°</SimpleData>
					<SimpleData name="Age">1.73</SimpleData>
					<SimpleData name="Reference">Pradhan et al., 2010</SimpleData>
				</SchemaData>
			</ExtendedData>
			<Point>
				<coordinates>78.08299999999998,26.11300000000001,0</coordinates>
			</Point>
		</Placemark>
		<Placemark>
			<styleUrl>#pointStyleMap0</styleUrl>
			<Style id="inline">
				<IconStyle>
					<color>ff0055ff</color>
					<colorMode>normal</colorMode>
					<Icon>
						<href>http://maps.google.com/mapfiles/kml/shapes/placemark_square.png</href>
					</Icon>
				</IconStyle>
				<LineStyle>
					<color>ff0055ff</color>
					<colorMode>normal</colorMode>
				</LineStyle>
				<PolyStyle>
					<color>ff0055ff</color>
					<colorMode>normal</colorMode>
				</PolyStyle>
			</Style>
			<ExtendedData>
				<SchemaData schemaUrl="#S_pmagsitesupdated_SSSSSS">
					<SimpleData name="Lat">26.113°</SimpleData>
					<SimpleData name="Long">78.083°</SimpleData>
					<SimpleData name="Dec">72.5°</SimpleData>
					<SimpleData name="Inc">-19.3°</SimpleData>
					<SimpleData name="Age">1.73</SimpleData>
					<SimpleData name="Reference">Pradhan et al., 2010</SimpleData>
				</SchemaData>
			</ExtendedData>
			<Point>
				<coordinates>78.08299999999998,26.11300000000001,0</coordinates>
			</Point>
		</Placemark>
		<Placemark>
			<styleUrl>#pointStyleMap0</styleUrl>
			<Style id="inline">
				<IconStyle>
					<color>ff0055ff</color>
					<colorMode>normal</colorMode>
					<Icon>
						<href>http://maps.google.com/mapfiles/kml/shapes/placemark_square.png</href>
					</Icon>
				</IconStyle>
				<LineStyle>
					<color>ff0055ff</color>
					<colorMode>normal</colorMode>
				</LineStyle>
				<PolyStyle>
					<color>ff0055ff</color>
					<colorMode>normal</colorMode>
				</PolyStyle>
			</Style>
			<ExtendedData>
				<SchemaData schemaUrl="#S_pmagsitesupdated_SSSSSS">
					<SimpleData name="Lat">26.113°</SimpleData>
					<SimpleData name="Long">78.083°</SimpleData>
					<SimpleData name="Dec">72.9°</SimpleData>
					<SimpleData name="Inc">-3.8°</SimpleData>
					<SimpleData name="Age">1.73</SimpleData>
					<SimpleData name="Reference">Pradhan et al., 2010</SimpleData>
				</SchemaData>
			</ExtendedData>
			<Point>
				<coordinates>78.08299999999998,26.11300000000001,0</coordinates>
			</Point>
		</Placemark>
		<Placemark>
			<styleUrl>#pointStyleMap0</styleUrl>
			<Style id="inline">
				<IconStyle>
					<color>ff0055ff</color>
					<colorMode>normal</colorMode>
					<Icon>
						<href>http://maps.google.com/mapfiles/kml/shapes/placemark_square.png</href>
					</Icon>
				</IconStyle>
				<LineStyle>
					<color>ff0055ff</color>
					<colorMode>normal</colorMode>
				</LineStyle>
				<PolyStyle>
					<color>ff0055ff</color>
					<colorMode>normal</colorMode>
				</PolyStyle>
			</Style>
			<ExtendedData>
				<SchemaData schemaUrl="#S_pmagsitesupdated_SSSSSS">
					<SimpleData name="Lat">25.37°</SimpleData>
					<SimpleData name="Long">78.76°</SimpleData>
					<SimpleData name="Dec">84.0°</SimpleData>
					<SimpleData name="Inc">-12.0°</SimpleData>
					<SimpleData name="Age">1.73</SimpleData>
					<SimpleData name="Reference">Radhakrishna et al., 2013a</SimpleData>
				</SchemaData>
			</ExtendedData>
			<Point>
				<coordinates>78.75999999999999,25.37000000000002,0</coordinates>
			</Point>
		</Placemark>
		<Placemark>
			<styleUrl>#pointStyleMap0</styleUrl>
			<Style id="inline">
				<IconStyle>
					<color>ff0055ff</color>
					<colorMode>normal</colorMode>
					<Icon>
						<href>http://maps.google.com/mapfiles/kml/shapes/placemark_square.png</href>
					</Icon>
				</IconStyle>
				<LineStyle>
					<color>ff0055ff</color>
					<colorMode>normal</colorMode>
				</LineStyle>
				<PolyStyle>
					<color>ff0055ff</color>
					<colorMode>normal</colorMode>
				</PolyStyle>
			</Style>
			<ExtendedData>
				<SchemaData schemaUrl="#S_pmagsitesupdated_SSSSSS">
					<SimpleData name="Lat">25.47°</SimpleData>
					<SimpleData name="Long">78.140°</SimpleData>
					<SimpleData name="Dec">83.0°</SimpleData>
					<SimpleData name="Inc">+7.0°</SimpleData>
					<SimpleData name="Age">1.73</SimpleData>
					<SimpleData name="Reference">Radhakrishna et al., 2013a</SimpleData>
				</SchemaData>
			</ExtendedData>
			<Point>
				<coordinates>78.14,25.46999999999999,0</coordinates>
			</Point>
		</Placemark>
		<Placemark>
			<styleUrl>#pointStyleMap0</styleUrl>
			<Style id="inline">
				<IconStyle>
					<color>ff0055ff</color>
					<colorMode>normal</colorMode>
					<Icon>
						<href>http://maps.google.com/mapfiles/kml/shapes/placemark_square.png</href>
					</Icon>
				</IconStyle>
				<LineStyle>
					<color>ff0055ff</color>
					<colorMode>normal</colorMode>
				</LineStyle>
				<PolyStyle>
					<color>ff0055ff</color>
					<colorMode>normal</colorMode>
				</PolyStyle>
			</Style>
			<ExtendedData>
				<SchemaData schemaUrl="#S_pmagsitesupdated_SSSSSS">
					<SimpleData name="Lat">26.0°</SimpleData>
					<SimpleData name="Long">78.0°</SimpleData>
					<SimpleData name="Dec">85.0°</SimpleData>
					<SimpleData name="Inc">+13.5°</SimpleData>
					<SimpleData name="Age">1.73</SimpleData>
					<SimpleData name="Reference">Klootwijk, 1978</SimpleData>
				</SchemaData>
			</ExtendedData>
			<Point>
				<coordinates>78,25.99999999999999,0</coordinates>
			</Point>
		</Placemark>
		<Placemark>
			<styleUrl>#pointStyleMap0</styleUrl>
			<Style id="inline">
				<IconStyle>
					<color>ff0055ff</color>
					<colorMode>normal</colorMode>
					<Icon>
						<href>http://maps.google.com/mapfiles/kml/shapes/placemark_square.png</href>
					</Icon>
				</IconStyle>
				<LineStyle>
					<color>ff0055ff</color>
					<colorMode>normal</colorMode>
				</LineStyle>
				<PolyStyle>
					<color>ff0055ff</color>
					<colorMode>normal</colorMode>
				</PolyStyle>
			</Style>
			<ExtendedData>
				<SchemaData schemaUrl="#S_pmagsitesupdated_SSSSSS">
					<SimpleData name="Lat">26.0°</SimpleData>
					<SimpleData name="Long">78.0°</SimpleData>
					<SimpleData name="Dec">84.6°</SimpleData>
					<SimpleData name="Inc">+16.0°</SimpleData>
					<SimpleData name="Age">1.73</SimpleData>
					<SimpleData name="Reference">Klootwijk, 1978</SimpleData>
				</SchemaData>
			</ExtendedData>
			<Point>
				<coordinates>78,25.99999999999999,0</coordinates>
			</Point>
		</Placemark>
		<Placemark>
			<styleUrl>#pointStyleMap0</styleUrl>
			<Style id="inline">
				<IconStyle>
					<color>ff0055ff</color>
					<colorMode>normal</colorMode>
					<Icon>
						<href>http://maps.google.com/mapfiles/kml/shapes/placemark_square.png</href>
					</Icon>
				</IconStyle>
				<LineStyle>
					<color>ff0055ff</color>
					<colorMode>normal</colorMode>
				</LineStyle>
				<PolyStyle>
					<color>ff0055ff</color>
					<colorMode>normal</colorMode>
				</PolyStyle>
			</Style>
			<ExtendedData>
				<SchemaData schemaUrl="#S_pmagsitesupdated_SSSSSS">
					<SimpleData name="Lat">26.0°</SimpleData>
					<SimpleData name="Long">78.0°</SimpleData>
					<SimpleData name="Dec">69.5°</SimpleData>
					<SimpleData name="Inc">+1.0°</SimpleData>
					<SimpleData name="Age">1.73</SimpleData>
					<SimpleData name="Reference">Klootwijk, 1978</SimpleData>
				</SchemaData>
			</ExtendedData>
			<Point>
				<coordinates>78,25.99999999999999,0</coordinates>
			</Point>
		</Placemark>
		<Placemark>
			<styleUrl>#pointStyleMap0</styleUrl>
			<Style id="inline">
				<IconStyle>
					<color>ff0055ff</color>
					<colorMode>normal</colorMode>
					<Icon>
						<href>http://maps.google.com/mapfiles/kml/shapes/placemark_square.png</href>
					</Icon>
				</IconStyle>
				<LineStyle>
					<color>ff0055ff</color>
					<colorMode>normal</colorMode>
				</LineStyle>
				<PolyStyle>
					<color>ff0055ff</color>
					<colorMode>normal</colorMode>
				</PolyStyle>
			</Style>
			<ExtendedData>
				<SchemaData schemaUrl="#S_pmagsitesupdated_SSSSSS">
					<SimpleData name="Lat">26.0°</SimpleData>
					<SimpleData name="Long">78.0°</SimpleData>
					<SimpleData name="Dec">79.5°</SimpleData>
					<SimpleData name="Inc">+1.0°</SimpleData>
					<SimpleData name="Age">1.73</SimpleData>
					<SimpleData name="Reference">Klootwijk, 1978</SimpleData>
				</SchemaData>
			</ExtendedData>
			<Point>
				<coordinates>78,25.99999999999999,0</coordinates>
			</Point>
		</Placemark>
		<Placemark>
			<styleUrl>#pointStyleMap0</styleUrl>
			<Style id="inline">
				<IconStyle>
					<color>ff0055ff</color>
					<colorMode>normal</colorMode>
					<Icon>
						<href>http://maps.google.com/mapfiles/kml/shapes/placemark_square.png</href>
					</Icon>
				</IconStyle>
				<LineStyle>
					<color>ff0055ff</color>
					<colorMode>normal</colorMode>
				</LineStyle>
				<PolyStyle>
					<color>ff0055ff</color>
					<colorMode>normal</colorMode>
				</PolyStyle>
			</Style>
			<ExtendedData>
				<SchemaData schemaUrl="#S_pmagsitesupdated_SSSSSS">
					<SimpleData name="Lat">26.0°</SimpleData>
					<SimpleData name="Long">78.0°</SimpleData>
					<SimpleData name="Dec">73.0°</SimpleData>
					<SimpleData name="Inc">+3.0°</SimpleData>
					<SimpleData name="Age">1.73</SimpleData>
					<SimpleData name="Reference">Athavale et al., 1963</SimpleData>
				</SchemaData>
			</ExtendedData>
			<Point>
				<coordinates>78,25.99999999999999,0</coordinates>
			</Point>
		</Placemark>
		<Placemark>
			<styleUrl>#pointStyleMap0</styleUrl>
			<Style id="inline">
				<IconStyle>
					<color>ff0055ff</color>
					<colorMode>normal</colorMode>
					<Icon>
						<href>http://maps.google.com/mapfiles/kml/shapes/placemark_square.png</href>
					</Icon>
				</IconStyle>
				<LineStyle>
					<color>ff0055ff</color>
					<colorMode>normal</colorMode>
				</LineStyle>
				<PolyStyle>
					<color>ff0055ff</color>
					<colorMode>normal</colorMode>
				</PolyStyle>
			</Style>
			<ExtendedData>
				<SchemaData schemaUrl="#S_pmagsitesupdated_SSSSSS">
					<SimpleData name="Lat">26.0°</SimpleData>
					<SimpleData name="Long">78.0°</SimpleData>
					<SimpleData name="Dec">79.7°</SimpleData>
					<SimpleData name="Inc">+17.7°</SimpleData>
					<SimpleData name="Age">1.73</SimpleData>
					<SimpleData name="Reference">McElhinny et al., 1978</SimpleData>
				</SchemaData>
			</ExtendedData>
			<Point>
				<coordinates>78,25.99999999999999,0</coordinates>
			</Point>
		</Placemark>
		<Placemark>
			<styleUrl>#pointStyleMap0</styleUrl>
			<Style id="inline">
				<IconStyle>
					<color>ff0055ff</color>
					<colorMode>normal</colorMode>
					<Icon>
						<href>http://maps.google.com/mapfiles/kml/shapes/placemark_square.png</href>
					</Icon>
				</IconStyle>
				<LineStyle>
					<color>ff0055ff</color>
					<colorMode>normal</colorMode>
				</LineStyle>
				<PolyStyle>
					<color>ff0055ff</color>
					<colorMode>normal</colorMode>
				</PolyStyle>
			</Style>
			<ExtendedData>
				<SchemaData schemaUrl="#S_pmagsitesupdated_SSSSSS">
					<SimpleData name="Lat">20.749°</SimpleData>
					<SimpleData name="Long">82.649°</SimpleData>
					<SimpleData name="Dec">50.6°</SimpleData>
					<SimpleData name="Inc">58.4°</SimpleData>
					<SimpleData name="Age">1.466</SimpleData>
					<SimpleData name="Reference">Pisarevsky et al., 2013</SimpleData>
				</SchemaData>
			</ExtendedData>
			<Point>
				<coordinates>82.649,20.749,0</coordinates>
			</Point>
		</Placemark>
		<Placemark>
			<styleUrl>#pointStyleMap0</styleUrl>
			<Style id="inline">
				<IconStyle>
					<color>ff0055ff</color>
					<colorMode>normal</colorMode>
					<Icon>
						<href>http://maps.google.com/mapfiles/kml/shapes/placemark_square.png</href>
					</Icon>
				</IconStyle>
				<LineStyle>
					<color>ff0055ff</color>
					<colorMode>normal</colorMode>
				</LineStyle>
				<PolyStyle>
					<color>ff0055ff</color>
					<colorMode>normal</colorMode>
				</PolyStyle>
			</Style>
			<ExtendedData>
				<SchemaData schemaUrl="#S_pmagsitesupdated_SSSSSS">
					<SimpleData name="Lat">20.751°</SimpleData>
					<SimpleData name="Long">82.650°</SimpleData>
					<SimpleData name="Dec">96°</SimpleData>
					<SimpleData name="Inc">61.6°</SimpleData>
					<SimpleData name="Age">1.466</SimpleData>
					<SimpleData name="Reference">Pisarevsky et al., 2013</SimpleData>
				</SchemaData>
			</ExtendedData>
			<Point>
				<coordinates>82.64999999999998,20.75100000000001,0</coordinates>
			</Point>
		</Placemark>
		<Placemark>
			<styleUrl>#pointStyleMap0</styleUrl>
			<Style id="inline">
				<IconStyle>
					<color>ff0055ff</color>
					<colorMode>normal</colorMode>
					<Icon>
						<href>http://maps.google.com/mapfiles/kml/shapes/placemark_square.png</href>
					</Icon>
				</IconStyle>
				<LineStyle>
					<color>ff0055ff</color>
					<colorMode>normal</colorMode>
				</LineStyle>
				<PolyStyle>
					<color>ff0055ff</color>
					<colorMode>normal</colorMode>
				</PolyStyle>
			</Style>
			<ExtendedData>
				<SchemaData schemaUrl="#S_pmagsitesupdated_SSSSSS">
					<SimpleData name="Lat">20.748°</SimpleData>
					<SimpleData name="Long">82.648°</SimpleData>
					<SimpleData name="Dec">57.1°</SimpleData>
					<SimpleData name="Inc">59.5°</SimpleData>
					<SimpleData name="Age">1.466</SimpleData>
					<SimpleData name="Reference">Pisarevsky et al., 2013</SimpleData>
				</SchemaData>
			</ExtendedData>
			<Point>
				<coordinates>82.64800000000004,20.74799999999999,0</coordinates>
			</Point>
		</Placemark>
		<Placemark>
			<styleUrl>#pointStyleMap0</styleUrl>
			<Style id="inline">
				<IconStyle>
					<color>ff0055ff</color>
					<colorMode>normal</colorMode>
					<Icon>
						<href>http://maps.google.com/mapfiles/kml/shapes/placemark_square.png</href>
					</Icon>
				</IconStyle>
				<LineStyle>
					<color>ff0055ff</color>
					<colorMode>normal</colorMode>
				</LineStyle>
				<PolyStyle>
					<color>ff0055ff</color>
					<colorMode>normal</colorMode>
				</PolyStyle>
			</Style>
			<ExtendedData>
				<SchemaData schemaUrl="#S_pmagsitesupdated_SSSSSS">
					<SimpleData name="Lat">20.773°</SimpleData>
					<SimpleData name="Long">82.658°</SimpleData>
					<SimpleData name="Dec">338.5°</SimpleData>
					<SimpleData name="Inc">67.1°</SimpleData>
					<SimpleData name="Age">1.466</SimpleData>
					<SimpleData name="Reference">Pisarevsky et al., 2013</SimpleData>
				</SchemaData>
			</ExtendedData>
			<Point>
				<coordinates>82.65800000000002,20.773,0</coordinates>
			</Point>
		</Placemark>
		<Placemark>
			<styleUrl>#pointStyleMap0</styleUrl>
			<Style id="inline">
				<IconStyle>
					<color>ff0055ff</color>
					<colorMode>normal</colorMode>
					<Icon>
						<href>http://maps.google.com/mapfiles/kml/shapes/placemark_square.png</href>
					</Icon>
				</IconStyle>
				<LineStyle>
					<color>ff0055ff</color>
					<colorMode>normal</colorMode>
				</LineStyle>
				<PolyStyle>
					<color>ff0055ff</color>
					<colorMode>normal</colorMode>
				</PolyStyle>
			</Style>
			<ExtendedData>
				<SchemaData schemaUrl="#S_pmagsitesupdated_SSSSSS">
					<SimpleData name="Lat">20.752°</SimpleData>
					<SimpleData name="Long">82.664°</SimpleData>
					<SimpleData name="Dec">64.9°</SimpleData>
					<SimpleData name="Inc">56.6°</SimpleData>
					<SimpleData name="Age">1.466</SimpleData>
					<SimpleData name="Reference">Pisarevsky et al., 2013</SimpleData>
				</SchemaData>
			</ExtendedData>
			<Point>
				<coordinates>82.66399999999999,20.75200000000002,0</coordinates>
			</Point>
		</Placemark>
		<Placemark>
			<styleUrl>#pointStyleMap0</styleUrl>
			<Style id="inline">
				<IconStyle>
					<color>ff0055ff</color>
					<colorMode>normal</colorMode>
					<Icon>
						<href>http://maps.google.com/mapfiles/kml/shapes/placemark_square.png</href>
					</Icon>
				</IconStyle>
				<LineStyle>
					<color>ff0055ff</color>
					<colorMode>normal</colorMode>
				</LineStyle>
				<PolyStyle>
					<color>ff0055ff</color>
					<colorMode>normal</colorMode>
				</PolyStyle>
			</Style>
			<ExtendedData>
				<SchemaData schemaUrl="#S_pmagsitesupdated_SSSSSS">
					<SimpleData name="Lat">20.759°</SimpleData>
					<SimpleData name="Long">82.680°</SimpleData>
					<SimpleData name="Dec">42.2°</SimpleData>
					<SimpleData name="Inc">55.1°</SimpleData>
					<SimpleData name="Age">1.466</SimpleData>
					<SimpleData name="Reference">Pisarevsky et al., 2013</SimpleData>
				</SchemaData>
			</ExtendedData>
			<Point>
				<coordinates>82.68000000000001,20.75900000000003,0</coordinates>
			</Point>
		</Placemark>
		<Placemark>
			<styleUrl>#pointStyleMap0</styleUrl>
			<Style id="inline">
				<IconStyle>
					<color>ff0055ff</color>
					<colorMode>normal</colorMode>
					<Icon>
						<href>http://maps.google.com/mapfiles/kml/shapes/placemark_square.png</href>
					</Icon>
				</IconStyle>
				<LineStyle>
					<color>ff0055ff</color>
					<colorMode>normal</colorMode>
				</LineStyle>
				<PolyStyle>
					<color>ff0055ff</color>
					<colorMode>normal</colorMode>
				</PolyStyle>
			</Style>
			<ExtendedData>
				<SchemaData schemaUrl="#S_pmagsitesupdated_SSSSSS">
					<SimpleData name="Lat">20.759°</SimpleData>
					<SimpleData name="Long">82.672°</SimpleData>
					<SimpleData name="Dec">293.6°</SimpleData>
					<SimpleData name="Inc">-67°</SimpleData>
					<SimpleData name="Age">1.466</SimpleData>
					<SimpleData name="Reference">Pisarevsky et al., 2013</SimpleData>
				</SchemaData>
			</ExtendedData>
			<Point>
				<coordinates>82.67200000000004,20.75900000000003,0</coordinates>
			</Point>
		</Placemark>
		<Placemark>
			<styleUrl>#pointStyleMap0</styleUrl>
			<Style id="inline">
				<IconStyle>
					<color>ff0055ff</color>
					<colorMode>normal</colorMode>
					<Icon>
						<href>http://maps.google.com/mapfiles/kml/shapes/placemark_square.png</href>
					</Icon>
				</IconStyle>
				<LineStyle>
					<color>ff0055ff</color>
					<colorMode>normal</colorMode>
				</LineStyle>
				<PolyStyle>
					<color>ff0055ff</color>
					<colorMode>normal</colorMode>
				</PolyStyle>
			</Style>
			<ExtendedData>
				<SchemaData schemaUrl="#S_pmagsitesupdated_SSSSSS">
					<SimpleData name="Lat">20.739°</SimpleData>
					<SimpleData name="Long">82.610°</SimpleData>
					<SimpleData name="Dec">93.8°</SimpleData>
					<SimpleData name="Inc">-67.6°</SimpleData>
					<SimpleData name="Age">1.466</SimpleData>
					<SimpleData name="Reference">Pisarevsky et al., 2013</SimpleData>
				</SchemaData>
			</ExtendedData>
			<Point>
				<coordinates>82.61000000000003,20.73900000000001,0</coordinates>
			</Point>
		</Placemark>
		<Placemark>
			<styleUrl>#pointStyleMap0</styleUrl>
			<Style id="inline">
				<IconStyle>
					<color>ff0055ff</color>
					<colorMode>normal</colorMode>
					<Icon>
						<href>http://maps.google.com/mapfiles/kml/shapes/placemark_square.png</href>
					</Icon>
				</IconStyle>
				<LineStyle>
					<color>ff0055ff</color>
					<colorMode>normal</colorMode>
				</LineStyle>
				<PolyStyle>
					<color>ff0055ff</color>
					<colorMode>normal</colorMode>
				</PolyStyle>
			</Style>
			<ExtendedData>
				<SchemaData schemaUrl="#S_pmagsitesupdated_SSSSSS">
					<SimpleData name="Lat">20.752°</SimpleData>
					<SimpleData name="Long">82.648°</SimpleData>
					<SimpleData name="Dec">51.7°</SimpleData>
					<SimpleData name="Inc">65.2°</SimpleData>
					<SimpleData name="Age">1.466</SimpleData>
					<SimpleData name="Reference">Pisarevsky et al., 2013</SimpleData>
				</SchemaData>
			</ExtendedData>
			<Point>
				<coordinates>82.64800000000004,20.75200000000002,0</coordinates>
			</Point>
		</Placemark>
		<Placemark>
			<styleUrl>#pointStyleMap0</styleUrl>
			<Style id="inline">
				<IconStyle>
					<color>ff0055ff</color>
					<colorMode>normal</colorMode>
					<Icon>
						<href>http://maps.google.com/mapfiles/kml/shapes/placemark_square.png</href>
					</Icon>
				</IconStyle>
				<LineStyle>
					<color>ff0055ff</color>
					<colorMode>normal</colorMode>
				</LineStyle>
				<PolyStyle>
					<color>ff0055ff</color>
					<colorMode>normal</colorMode>
				</PolyStyle>
			</Style>
			<ExtendedData>
				<SchemaData schemaUrl="#S_pmagsitesupdated_SSSSSS">
					<SimpleData name="Lat">20.731°</SimpleData>
					<SimpleData name="Long">82.646°</SimpleData>
					<SimpleData name="Dec">19.7°</SimpleData>
					<SimpleData name="Inc">54.7°</SimpleData>
					<SimpleData name="Age">1.466</SimpleData>
					<SimpleData name="Reference">Pisarevsky et al., 2013</SimpleData>
				</SchemaData>
			</ExtendedData>
			<Point>
				<coordinates>82.64600000000003,20.731,0</coordinates>
			</Point>
		</Placemark>
		<Placemark>
			<styleUrl>#pointStyleMap0</styleUrl>
			<Style id="inline">
				<IconStyle>
					<color>ff0055ff</color>
					<colorMode>normal</colorMode>
					<Icon>
						<href>http://maps.google.com/mapfiles/kml/shapes/placemark_square.png</href>
					</Icon>
				</IconStyle>
				<LineStyle>
					<color>ff0055ff</color>
					<colorMode>normal</colorMode>
				</LineStyle>
				<PolyStyle>
					<color>ff0055ff</color>
					<colorMode>normal</colorMode>
				</PolyStyle>
			</Style>
			<ExtendedData>
				<SchemaData schemaUrl="#S_pmagsitesupdated_SSSSSS">
					<SimpleData name="Lat">25.333°</SimpleData>
					<SimpleData name="Long">79.930°</SimpleData>
					<SimpleData name="Dec">16.5°</SimpleData>
					<SimpleData name="Inc">-36.4°</SimpleData>
					<SimpleData name="Age">1.09</SimpleData>
					<SimpleData name="Reference">Poitou, 2009</SimpleData>
				</SchemaData>
			</ExtendedData>
			<Point>
				<coordinates>79.93000000000002,25.33300000000001,0</coordinates>
			</Point>
		</Placemark>
		<Placemark>
			<styleUrl>#pointStyleMap0</styleUrl>
			<Style id="inline">
				<IconStyle>
					<color>ff0055ff</color>
					<colorMode>normal</colorMode>
					<Icon>
						<href>http://maps.google.com/mapfiles/kml/shapes/placemark_square.png</href>
					</Icon>
				</IconStyle>
				<LineStyle>
					<color>ff0055ff</color>
					<colorMode>normal</colorMode>
				</LineStyle>
				<PolyStyle>
					<color>ff0055ff</color>
					<colorMode>normal</colorMode>
				</PolyStyle>
			</Style>
			<ExtendedData>
				<SchemaData schemaUrl="#S_pmagsitesupdated_SSSSSS">
					<SimpleData name="Lat">25.291°</SimpleData>
					<SimpleData name="Long">79.817°</SimpleData>
					<SimpleData name="Dec">18.8°</SimpleData>
					<SimpleData name="Inc">-24.8°</SimpleData>
					<SimpleData name="Age">1.09</SimpleData>
					<SimpleData name="Reference">Poitou, 2009</SimpleData>
				</SchemaData>
			</ExtendedData>
			<Point>
				<coordinates>79.81699999999999,25.29099999999998,0</coordinates>
			</Point>
		</Placemark>
		<Placemark>
			<styleUrl>#pointStyleMap0</styleUrl>
			<Style id="inline">
				<IconStyle>
					<color>ff0055ff</color>
					<colorMode>normal</colorMode>
					<Icon>
						<href>http://maps.google.com/mapfiles/kml/shapes/placemark_square.png</href>
					</Icon>
				</IconStyle>
				<LineStyle>
					<color>ff0055ff</color>
					<colorMode>normal</colorMode>
				</LineStyle>
				<PolyStyle>
					<color>ff0055ff</color>
					<colorMode>normal</colorMode>
				</PolyStyle>
			</Style>
			<ExtendedData>
				<SchemaData schemaUrl="#S_pmagsitesupdated_SSSSSS">
					<SimpleData name="Lat">25.284°</SimpleData>
					<SimpleData name="Long">79.851°</SimpleData>
					<SimpleData name="Dec">14.6°</SimpleData>
					<SimpleData name="Inc">-31.7°</SimpleData>
					<SimpleData name="Age">1.09</SimpleData>
					<SimpleData name="Reference">Pradhan et al., 2012</SimpleData>
				</SchemaData>
			</ExtendedData>
			<Point>
				<coordinates>79.85100000000001,25.28399999999997,0</coordinates>
			</Point>
		</Placemark>
		<Placemark>
			<styleUrl>#pointStyleMap0</styleUrl>
			<Style id="inline">
				<IconStyle>
					<color>ff0055ff</color>
					<colorMode>normal</colorMode>
					<Icon>
						<href>http://maps.google.com/mapfiles/kml/shapes/placemark_square.png</href>
					</Icon>
				</IconStyle>
				<LineStyle>
					<color>ff0055ff</color>
					<colorMode>normal</colorMode>
				</LineStyle>
				<PolyStyle>
					<color>ff0055ff</color>
					<colorMode>normal</colorMode>
				</PolyStyle>
			</Style>
			<ExtendedData>
				<SchemaData schemaUrl="#S_pmagsitesupdated_SSSSSS">
					<SimpleData name="Lat">25.284°</SimpleData>
					<SimpleData name="Long">79.851°</SimpleData>
					<SimpleData name="Dec">27.6°</SimpleData>
					<SimpleData name="Inc">-48.7°</SimpleData>
					<SimpleData name="Age">1.09</SimpleData>
					<SimpleData name="Reference">Pradhan et al., 2012</SimpleData>
				</SchemaData>
			</ExtendedData>
			<Point>
				<coordinates>79.85100000000001,25.28399999999997,0</coordinates>
			</Point>
		</Placemark>
		<Placemark>
			<styleUrl>#pointStyleMap0</styleUrl>
			<Style id="inline">
				<IconStyle>
					<color>ff0055ff</color>
					<colorMode>normal</colorMode>
					<Icon>
						<href>http://maps.google.com/mapfiles/kml/shapes/placemark_square.png</href>
					</Icon>
				</IconStyle>
				<LineStyle>
					<color>ff0055ff</color>
					<colorMode>normal</colorMode>
				</LineStyle>
				<PolyStyle>
					<color>ff0055ff</color>
					<colorMode>normal</colorMode>
				</PolyStyle>
			</Style>
			<ExtendedData>
				<SchemaData schemaUrl="#S_pmagsitesupdated_SSSSSS">
					<SimpleData name="Lat">25.184°</SimpleData>
					<SimpleData name="Long">79.401°</SimpleData>
					<SimpleData name="Dec">14.2°</SimpleData>
					<SimpleData name="Inc">-37°</SimpleData>
					<SimpleData name="Age">1.09</SimpleData>
					<SimpleData name="Reference">Pradhan et al., 2012</SimpleData>
				</SchemaData>
			</ExtendedData>
			<Point>
				<coordinates>79.40100000000002,25.184,0</coordinates>
			</Point>
		</Placemark>
		<Placemark>
			<styleUrl>#pointStyleMap0</styleUrl>
			<Style id="inline">
				<IconStyle>
					<color>ff0055ff</color>
					<colorMode>normal</colorMode>
					<Icon>
						<href>http://maps.google.com/mapfiles/kml/shapes/placemark_square.png</href>
					</Icon>
				</IconStyle>
				<LineStyle>
					<color>ff0055ff</color>
					<colorMode>normal</colorMode>
				</LineStyle>
				<PolyStyle>
					<color>ff0055ff</color>
					<colorMode>normal</colorMode>
				</PolyStyle>
			</Style>
			<ExtendedData>
				<SchemaData schemaUrl="#S_pmagsitesupdated_SSSSSS">
					<SimpleData name="Lat">25.301°</SimpleData>
					<SimpleData name="Long">79.934°</SimpleData>
					<SimpleData name="Dec">40.7°</SimpleData>
					<SimpleData name="Inc">-29.2°</SimpleData>
					<SimpleData name="Age">1.09</SimpleData>
					<SimpleData name="Reference">Pradhan et al., 2012</SimpleData>
				</SchemaData>
			</ExtendedData>
			<Point>
				<coordinates>79.93399999999997,25.30100000000001,0</coordinates>
			</Point>
		</Placemark>
		<Placemark>
			<styleUrl>#pointStyleMap0</styleUrl>
			<Style id="inline">
				<IconStyle>
					<color>ff0055ff</color>
					<colorMode>normal</colorMode>
					<Icon>
						<href>http://maps.google.com/mapfiles/kml/shapes/placemark_square.png</href>
					</Icon>
				</IconStyle>
				<LineStyle>
					<color>ff0055ff</color>
					<colorMode>normal</colorMode>
				</LineStyle>
				<PolyStyle>
					<color>ff0055ff</color>
					<colorMode>normal</colorMode>
				</PolyStyle>
			</Style>
			<ExtendedData>
				<SchemaData schemaUrl="#S_pmagsitesupdated_SSSSSS">
					<SimpleData name="Lat">25.13°</SimpleData>
					<SimpleData name="Long">80.04°</SimpleData>
					<SimpleData name="Dec">207°</SimpleData>
					<SimpleData name="Inc">10°</SimpleData>
					<SimpleData name="Age">1.09</SimpleData>
					<SimpleData name="Reference">Radhakrishna et al., 2013a</SimpleData>
				</SchemaData>
			</ExtendedData>
			<Point>
				<coordinates>80.04000000000002,25.13,0</coordinates>
			</Point>
		</Placemark>
		<Placemark>
			<styleUrl>#pointStyleMap0</styleUrl>
			<Style id="inline">
				<IconStyle>
					<color>ff0055ff</color>
					<colorMode>normal</colorMode>
					<Icon>
						<href>http://maps.google.com/mapfiles/kml/shapes/placemark_square.png</href>
					</Icon>
				</IconStyle>
				<LineStyle>
					<color>ff0055ff</color>
					<colorMode>normal</colorMode>
				</LineStyle>
				<PolyStyle>
					<color>ff0055ff</color>
					<colorMode>normal</colorMode>
				</PolyStyle>
			</Style>
			<ExtendedData>
				<SchemaData schemaUrl="#S_pmagsitesupdated_SSSSSS">
					<SimpleData name="Lat">25.07°</SimpleData>
					<SimpleData name="Long">80.16°</SimpleData>
					<SimpleData name="Dec">202°</SimpleData>
					<SimpleData name="Inc">-1°</SimpleData>
					<SimpleData name="Age">1.09</SimpleData>
					<SimpleData name="Reference">Radhakrishna et al., 2013a</SimpleData>
				</SchemaData>
			</ExtendedData>
			<Point>
				<coordinates>80.15999999999997,25.07000000000001,0</coordinates>
			</Point>
		</Placemark>
		<Placemark>
			<styleUrl>#pointStyleMap0</styleUrl>
			<Style id="inline">
				<IconStyle>
					<color>ff0055ff</color>
					<colorMode>normal</colorMode>
					<Icon>
						<href>http://maps.google.com/mapfiles/kml/shapes/placemark_square.png</href>
					</Icon>
				</IconStyle>
				<LineStyle>
					<color>ff0055ff</color>
					<colorMode>normal</colorMode>
				</LineStyle>
				<PolyStyle>
					<color>ff0055ff</color>
					<colorMode>normal</colorMode>
				</PolyStyle>
			</Style>
			<ExtendedData>
				<SchemaData schemaUrl="#S_pmagsitesupdated_SSSSSS">
					<SimpleData name="Lat">24.91°</SimpleData>
					<SimpleData name="Long">80.8°</SimpleData>
					<SimpleData name="Dec">45.3°</SimpleData>
					<SimpleData name="Inc">-25.1°</SimpleData>
					<SimpleData name="Age">1.07</SimpleData>
					<SimpleData name="Reference">Gregory et al., 2006</SimpleData>
				</SchemaData>
			</ExtendedData>
			<Point>
				<coordinates>80.8,24.91,0</coordinates>
			</Point>
		</Placemark>
		<Placemark>
			<styleUrl>#pointStyleMap0</styleUrl>
			<Style id="inline">
				<IconStyle>
					<color>ff0055ff</color>
					<colorMode>normal</colorMode>
					<Icon>
						<href>http://maps.google.com/mapfiles/kml/shapes/placemark_square.png</href>
					</Icon>
				</IconStyle>
				<LineStyle>
					<color>ff0055ff</color>
					<colorMode>normal</colorMode>
				</LineStyle>
				<PolyStyle>
					<color>ff0055ff</color>
					<colorMode>normal</colorMode>
				</PolyStyle>
			</Style>
			<ExtendedData>
				<SchemaData schemaUrl="#S_pmagsitesupdated_SSSSSS">
					<SimpleData name="Lat">24.91°</SimpleData>
					<SimpleData name="Long">80.8°</SimpleData>
					<SimpleData name="Dec">40.2°</SimpleData>
					<SimpleData name="Inc">-32.3°</SimpleData>
					<SimpleData name="Age">1.07</SimpleData>
					<SimpleData name="Reference">Miller and Hargraves, 1994</SimpleData>
				</SchemaData>
			</ExtendedData>
			<Point>
				<coordinates>80.8,24.91,0</coordinates>
			</Point>
		</Placemark>
		<Placemark>
			<styleUrl>#pointStyleMap0</styleUrl>
			<Style id="inline">
				<IconStyle>
					<color>ff0055ff</color>
					<colorMode>normal</colorMode>
					<Icon>
						<href>http://maps.google.com/mapfiles/kml/shapes/placemark_square.png</href>
					</Icon>
				</IconStyle>
				<LineStyle>
					<color>ff0055ff</color>
					<colorMode>normal</colorMode>
				</LineStyle>
				<PolyStyle>
					<color>ff0055ff</color>
					<colorMode>normal</colorMode>
				</PolyStyle>
			</Style>
			<ExtendedData>
				<SchemaData schemaUrl="#S_pmagsitesupdated_SSSSSS">
					<SimpleData name="Lat">24.91°</SimpleData>
					<SimpleData name="Long">80.8°</SimpleData>
					<SimpleData name="Dec">27.4°</SimpleData>
					<SimpleData name="Inc">-21.6°</SimpleData>
					<SimpleData name="Age">1.07</SimpleData>
					<SimpleData name="Reference">Miller and Hargraves, 1994</SimpleData>
				</SchemaData>
			</ExtendedData>
			<Point>
				<coordinates>80.8,24.91,0</coordinates>
			</Point>
		</Placemark>
		<Placemark>
			<styleUrl>#pointStyleMap0</styleUrl>
			<Style id="inline">
				<IconStyle>
					<color>ff0055ff</color>
					<colorMode>normal</colorMode>
					<Icon>
						<href>http://maps.google.com/mapfiles/kml/shapes/placemark_square.png</href>
					</Icon>
				</IconStyle>
				<LineStyle>
					<color>ff0055ff</color>
					<colorMode>normal</colorMode>
				</LineStyle>
				<PolyStyle>
					<color>ff0055ff</color>
					<colorMode>normal</colorMode>
				</PolyStyle>
			</Style>
			<ExtendedData>
				<SchemaData schemaUrl="#S_pmagsitesupdated_SSSSSS">
					<SimpleData name="Lat">26.547°</SimpleData>
					<SimpleData name="Long">77.03°</SimpleData>
					<SimpleData name="Dec">206.8°</SimpleData>
					<SimpleData name="Inc">33.9°</SimpleData>
					<SimpleData name="Age">0.95</SimpleData>
					<SimpleData name="Reference">Malone et al., 2008</SimpleData>
				</SchemaData>
			</ExtendedData>
			<Point>
				<coordinates>77.02999999999996,26.54700000000001,0</coordinates>
			</Point>
		</Placemark>
		<Placemark>
			<styleUrl>#pointStyleMap0</styleUrl>
			<Style id="inline">
				<IconStyle>
					<color>ff0055ff</color>
					<colorMode>normal</colorMode>
					<Icon>
						<href>http://maps.google.com/mapfiles/kml/shapes/placemark_square.png</href>
					</Icon>
				</IconStyle>
				<LineStyle>
					<color>ff0055ff</color>
					<colorMode>normal</colorMode>
				</LineStyle>
				<PolyStyle>
					<color>ff0055ff</color>
					<colorMode>normal</colorMode>
				</PolyStyle>
			</Style>
			<ExtendedData>
				<SchemaData schemaUrl="#S_pmagsitesupdated_SSSSSS">
					<SimpleData name="Lat">26.463°</SimpleData>
					<SimpleData name="Long">77.04°</SimpleData>
					<SimpleData name="Dec">47.4°</SimpleData>
					<SimpleData name="Inc">-10.8°</SimpleData>
					<SimpleData name="Age">0.95</SimpleData>
					<SimpleData name="Reference">Malone et al., 2008</SimpleData>
				</SchemaData>
			</ExtendedData>
			<Point>
				<coordinates>77.04000000000003,26.46299999999998,0</coordinates>
			</Point>
		</Placemark>
		<Placemark>
			<styleUrl>#pointStyleMap0</styleUrl>
			<Style id="inline">
				<IconStyle>
					<color>ff0055ff</color>
					<colorMode>normal</colorMode>
					<Icon>
						<href>http://maps.google.com/mapfiles/kml/shapes/placemark_square.png</href>
					</Icon>
				</IconStyle>
				<LineStyle>
					<color>ff0055ff</color>
					<colorMode>normal</colorMode>
				</LineStyle>
				<PolyStyle>
					<color>ff0055ff</color>
					<colorMode>normal</colorMode>
				</PolyStyle>
			</Style>
			<ExtendedData>
				<SchemaData schemaUrl="#S_pmagsitesupdated_SSSSSS">
					<SimpleData name="Lat">26.45°</SimpleData>
					<SimpleData name="Long">77.055°</SimpleData>
					<SimpleData name="Dec">227°</SimpleData>
					<SimpleData name="Inc">6.3°</SimpleData>
					<SimpleData name="Age">0.95</SimpleData>
					<SimpleData name="Reference">Malone et al., 2008</SimpleData>
				</SchemaData>
			</ExtendedData>
			<Point>
				<coordinates>77.05500000000001,26.44999999999998,0</coordinates>
			</Point>
		</Placemark>
		<Placemark>
			<styleUrl>#pointStyleMap0</styleUrl>
			<Style id="inline">
				<IconStyle>
					<color>ff0055ff</color>
					<colorMode>normal</colorMode>
					<Icon>
						<href>http://maps.google.com/mapfiles/kml/shapes/placemark_square.png</href>
					</Icon>
				</IconStyle>
				<LineStyle>
					<color>ff0055ff</color>
					<colorMode>normal</colorMode>
				</LineStyle>
				<PolyStyle>
					<color>ff0055ff</color>
					<colorMode>normal</colorMode>
				</PolyStyle>
			</Style>
			<ExtendedData>
				<SchemaData schemaUrl="#S_pmagsitesupdated_SSSSSS">
					<SimpleData name="Lat">26.522°</SimpleData>
					<SimpleData name="Long">76.952°</SimpleData>
					<SimpleData name="Dec">204.5°</SimpleData>
					<SimpleData name="Inc">10.3°</SimpleData>
					<SimpleData name="Age">0.95</SimpleData>
					<SimpleData name="Reference">Malone et al., 2008</SimpleData>
				</SchemaData>
			</ExtendedData>
			<Point>
				<coordinates>76.95200000000001,26.52200000000001,0</coordinates>
			</Point>
		</Placemark>
		<Placemark>
			<styleUrl>#pointStyleMap0</styleUrl>
			<Style id="inline">
				<IconStyle>
					<color>ff0055ff</color>
					<colorMode>normal</colorMode>
					<Icon>
						<href>http://maps.google.com/mapfiles/kml/shapes/placemark_square.png</href>
					</Icon>
				</IconStyle>
				<LineStyle>
					<color>ff0055ff</color>
					<colorMode>normal</colorMode>
				</LineStyle>
				<PolyStyle>
					<color>ff0055ff</color>
					<colorMode>normal</colorMode>
				</PolyStyle>
			</Style>
			<ExtendedData>
				<SchemaData schemaUrl="#S_pmagsitesupdated_SSSSSS">
					<SimpleData name="Lat">26.438°</SimpleData>
					<SimpleData name="Long">76.958°</SimpleData>
					<SimpleData name="Dec">201.6°</SimpleData>
					<SimpleData name="Inc">11.6°</SimpleData>
					<SimpleData name="Age">0.95</SimpleData>
					<SimpleData name="Reference">Malone et al., 2008</SimpleData>
				</SchemaData>
			</ExtendedData>
			<Point>
				<coordinates>76.95799999999997,26.43799999999998,0</coordinates>
			</Point>
		</Placemark>
		<Placemark>
			<styleUrl>#pointStyleMap0</styleUrl>
			<Style id="inline">
				<IconStyle>
					<color>ff0055ff</color>
					<colorMode>normal</colorMode>
					<Icon>
						<href>http://maps.google.com/mapfiles/kml/shapes/placemark_square.png</href>
					</Icon>
				</IconStyle>
				<LineStyle>
					<color>ff0055ff</color>
					<colorMode>normal</colorMode>
				</LineStyle>
				<PolyStyle>
					<color>ff0055ff</color>
					<colorMode>normal</colorMode>
				</PolyStyle>
			</Style>
			<ExtendedData>
				<SchemaData schemaUrl="#S_pmagsitesupdated_SSSSSS">
					<SimpleData name="Lat">26.432°</SimpleData>
					<SimpleData name="Long">76.954°</SimpleData>
					<SimpleData name="Dec">204°</SimpleData>
					<SimpleData name="Inc">2°</SimpleData>
					<SimpleData name="Age">0.95</SimpleData>
					<SimpleData name="Reference">Malone et al., 2008</SimpleData>
				</SchemaData>
			</ExtendedData>
			<Point>
				<coordinates>76.95400000000002,26.43199999999998,0</coordinates>
			</Point>
		</Placemark>
		<Placemark>
			<styleUrl>#pointStyleMap0</styleUrl>
			<Style id="inline">
				<IconStyle>
					<color>ff0055ff</color>
					<colorMode>normal</colorMode>
					<Icon>
						<href>http://maps.google.com/mapfiles/kml/shapes/placemark_square.png</href>
					</Icon>
				</IconStyle>
				<LineStyle>
					<color>ff0055ff</color>
					<colorMode>normal</colorMode>
				</LineStyle>
				<PolyStyle>
					<color>ff0055ff</color>
					<colorMode>normal</colorMode>
				</PolyStyle>
			</Style>
			<ExtendedData>
				<SchemaData schemaUrl="#S_pmagsitesupdated_SSSSSS">
					<SimpleData name="Lat">26.432°</SimpleData>
					<SimpleData name="Long">76.953°</SimpleData>
					<SimpleData name="Dec">203.8°</SimpleData>
					<SimpleData name="Inc">12.6°</SimpleData>
					<SimpleData name="Age">0.95</SimpleData>
					<SimpleData name="Reference">Malone et al., 2008</SimpleData>
				</SchemaData>
			</ExtendedData>
			<Point>
				<coordinates>76.95299999999997,26.43199999999998,0</coordinates>
			</Point>
		</Placemark>
		<Placemark>
			<styleUrl>#pointStyleMap0</styleUrl>
			<Style id="inline">
				<IconStyle>
					<color>ff0055ff</color>
					<colorMode>normal</colorMode>
					<Icon>
						<href>http://maps.google.com/mapfiles/kml/shapes/placemark_square.png</href>
					</Icon>
				</IconStyle>
				<LineStyle>
					<color>ff0055ff</color>
					<colorMode>normal</colorMode>
				</LineStyle>
				<PolyStyle>
					<color>ff0055ff</color>
					<colorMode>normal</colorMode>
				</PolyStyle>
			</Style>
			<ExtendedData>
				<SchemaData schemaUrl="#S_pmagsitesupdated_SSSSSS">
					<SimpleData name="Lat">26.431°</SimpleData>
					<SimpleData name="Long">76.954°</SimpleData>
					<SimpleData name="Dec">199.2°</SimpleData>
					<SimpleData name="Inc">4.3°</SimpleData>
					<SimpleData name="Age">0.95</SimpleData>
					<SimpleData name="Reference">Malone et al., 2008</SimpleData>
				</SchemaData>
			</ExtendedData>
			<Point>
				<coordinates>76.95400000000002,26.43100000000001,0</coordinates>
			</Point>
		</Placemark>
		<Placemark>
			<styleUrl>#pointStyleMap0</styleUrl>
			<Style id="inline">
				<IconStyle>
					<color>ff0055ff</color>
					<colorMode>normal</colorMode>
					<Icon>
						<href>http://maps.google.com/mapfiles/kml/shapes/placemark_square.png</href>
					</Icon>
				</IconStyle>
				<LineStyle>
					<color>ff0055ff</color>
					<colorMode>normal</colorMode>
				</LineStyle>
				<PolyStyle>
					<color>ff0055ff</color>
					<colorMode>normal</colorMode>
				</PolyStyle>
			</Style>
			<ExtendedData>
				<SchemaData schemaUrl="#S_pmagsitesupdated_SSSSSS">
					<SimpleData name="Lat">26.433°</SimpleData>
					<SimpleData name="Long">76.953°</SimpleData>
					<SimpleData name="Dec">198.9°</SimpleData>
					<SimpleData name="Inc">9°</SimpleData>
					<SimpleData name="Age">0.95</SimpleData>
					<SimpleData name="Reference">Malone et al., 2008</SimpleData>
				</SchemaData>
			</ExtendedData>
			<Point>
				<coordinates>76.95299999999997,26.43299999999999,0</coordinates>
			</Point>
		</Placemark>
		<Placemark>
			<styleUrl>#pointStyleMap0</styleUrl>
			<Style id="inline">
				<IconStyle>
					<color>ff0055ff</color>
					<colorMode>normal</colorMode>
					<Icon>
						<href>http://maps.google.com/mapfiles/kml/shapes/placemark_square.png</href>
					</Icon>
				</IconStyle>
				<LineStyle>
					<color>ff0055ff</color>
					<colorMode>normal</colorMode>
				</LineStyle>
				<PolyStyle>
					<color>ff0055ff</color>
					<colorMode>normal</colorMode>
				</PolyStyle>
			</Style>
			<ExtendedData>
				<SchemaData schemaUrl="#S_pmagsitesupdated_SSSSSS">
					<SimpleData name="Lat">25.145°</SimpleData>
					<SimpleData name="Long">75.801°</SimpleData>
					<SimpleData name="Dec">32°</SimpleData>
					<SimpleData name="Inc">-31.7°</SimpleData>
					<SimpleData name="Age">0.95</SimpleData>
					<SimpleData name="Reference">Malone et al., 2008</SimpleData>
				</SchemaData>
			</ExtendedData>
			<Point>
				<coordinates>75.80099999999999,25.14500000000002,0</coordinates>
			</Point>
		</Placemark>
		<Placemark>
			<styleUrl>#pointStyleMap0</styleUrl>
			<Style id="inline">
				<IconStyle>
					<color>ff0055ff</color>
					<colorMode>normal</colorMode>
					<Icon>
						<href>http://maps.google.com/mapfiles/kml/shapes/placemark_square.png</href>
					</Icon>
				</IconStyle>
				<LineStyle>
					<color>ff0055ff</color>
					<colorMode>normal</colorMode>
				</LineStyle>
				<PolyStyle>
					<color>ff0055ff</color>
					<colorMode>normal</colorMode>
				</PolyStyle>
			</Style>
			<ExtendedData>
				<SchemaData schemaUrl="#S_pmagsitesupdated_SSSSSS">
					<SimpleData name="Lat">24.31°</SimpleData>
					<SimpleData name="Long">80.768°</SimpleData>
					<SimpleData name="Dec">51°</SimpleData>
					<SimpleData name="Inc">-38°</SimpleData>
					<SimpleData name="Age">0.95</SimpleData>
					<SimpleData name="Reference">Malone et al., 2008</SimpleData>
				</SchemaData>
			</ExtendedData>
			<Point>
				<coordinates>80.76800000000003,24.30999999999999,0</coordinates>
			</Point>
		</Placemark>
		<Placemark>
			<styleUrl>#pointStyleMap0</styleUrl>
			<Style id="inline">
				<IconStyle>
					<color>ff0055ff</color>
					<colorMode>normal</colorMode>
					<Icon>
						<href>http://maps.google.com/mapfiles/kml/shapes/placemark_square.png</href>
					</Icon>
				</IconStyle>
				<LineStyle>
					<color>ff0055ff</color>
					<colorMode>normal</colorMode>
				</LineStyle>
				<PolyStyle>
					<color>ff0055ff</color>
					<colorMode>normal</colorMode>
				</PolyStyle>
			</Style>
			<ExtendedData>
				<SchemaData schemaUrl="#S_pmagsitesupdated_SSSSSS">
					<SimpleData name="Lat">24.816°</SimpleData>
					<SimpleData name="Long">75.988°</SimpleData>
					<SimpleData name="Dec">20.2°</SimpleData>
					<SimpleData name="Inc">-11.1°</SimpleData>
					<SimpleData name="Age">0.95</SimpleData>
					<SimpleData name="Reference">Malone et al., 2008</SimpleData>
				</SchemaData>
			</ExtendedData>
			<Point>
				<coordinates>75.98800000000001,24.81599999999998,0</coordinates>
			</Point>
		</Placemark>
		<Placemark>
			<styleUrl>#pointStyleMap0</styleUrl>
			<Style id="inline">
				<IconStyle>
					<color>ff0055ff</color>
					<colorMode>normal</colorMode>
					<Icon>
						<href>http://maps.google.com/mapfiles/kml/shapes/placemark_square.png</href>
					</Icon>
				</IconStyle>
				<LineStyle>
					<color>ff0055ff</color>
					<colorMode>normal</colorMode>
				</LineStyle>
				<PolyStyle>
					<color>ff0055ff</color>
					<colorMode>normal</colorMode>
				</PolyStyle>
			</Style>
			<ExtendedData>
				<SchemaData schemaUrl="#S_pmagsitesupdated_SSSSSS">
					<SimpleData name="Lat">24.816°</SimpleData>
					<SimpleData name="Long">75.911°</SimpleData>
					<SimpleData name="Dec">31.2°</SimpleData>
					<SimpleData name="Inc">-26.1°</SimpleData>
					<SimpleData name="Age">0.95</SimpleData>
					<SimpleData name="Reference">Malone et al., 2008</SimpleData>
				</SchemaData>
			</ExtendedData>
			<Point>
				<coordinates>75.91099999999999,24.81599999999998,0</coordinates>
			</Point>
		</Placemark>
		<Placemark>
			<styleUrl>#pointStyleMap0</styleUrl>
			<Style id="inline">
				<IconStyle>
					<color>ff0055ff</color>
					<colorMode>normal</colorMode>
					<Icon>
						<href>http://maps.google.com/mapfiles/kml/shapes/placemark_square.png</href>
					</Icon>
				</IconStyle>
				<LineStyle>
					<color>ff0055ff</color>
					<colorMode>normal</colorMode>
				</LineStyle>
				<PolyStyle>
					<color>ff0055ff</color>
					<colorMode>normal</colorMode>
				</PolyStyle>
			</Style>
			<ExtendedData>
				<SchemaData schemaUrl="#S_pmagsitesupdated_SSSSSS">
					<SimpleData name="Lat">24.821°</SimpleData>
					<SimpleData name="Long">75.723°</SimpleData>
					<SimpleData name="Dec">30.2°</SimpleData>
					<SimpleData name="Inc">-18.6°</SimpleData>
					<SimpleData name="Age">0.95</SimpleData>
					<SimpleData name="Reference">Malone et al., 2008</SimpleData>
				</SchemaData>
			</ExtendedData>
			<Point>
				<coordinates>75.723,24.82100000000002,0</coordinates>
			</Point>
		</Placemark>
		<Placemark>
			<styleUrl>#pointStyleMap0</styleUrl>
			<Style id="inline">
				<IconStyle>
					<color>ff0055ff</color>
					<colorMode>normal</colorMode>
					<Icon>
						<href>http://maps.google.com/mapfiles/kml/shapes/placemark_square.png</href>
					</Icon>
				</IconStyle>
				<LineStyle>
					<color>ff0055ff</color>
					<colorMode>normal</colorMode>
				</LineStyle>
				<PolyStyle>
					<color>ff0055ff</color>
					<colorMode>normal</colorMode>
				</PolyStyle>
			</Style>
			<ExtendedData>
				<SchemaData schemaUrl="#S_pmagsitesupdated_SSSSSS">
					<SimpleData name="Lat">25.06°</SimpleData>
					<SimpleData name="Long">75.723°</SimpleData>
					<SimpleData name="Dec">19.2°</SimpleData>
					<SimpleData name="Inc">-7.6°</SimpleData>
					<SimpleData name="Age">0.95</SimpleData>
					<SimpleData name="Reference">Malone et al., 2008</SimpleData>
				</SchemaData>
			</ExtendedData>
			<Point>
				<coordinates>75.723,25.05999999999998,0</coordinates>
			</Point>
		</Placemark>
		<Placemark>
			<styleUrl>#pointStyleMap0</styleUrl>
			<Style id="inline">
				<IconStyle>
					<color>ff0055ff</color>
					<colorMode>normal</colorMode>
					<Icon>
						<href>http://maps.google.com/mapfiles/kml/shapes/placemark_square.png</href>
					</Icon>
				</IconStyle>
				<LineStyle>
					<color>ff0055ff</color>
					<colorMode>normal</colorMode>
				</LineStyle>
				<PolyStyle>
					<color>ff0055ff</color>
					<colorMode>normal</colorMode>
				</PolyStyle>
			</Style>
			<ExtendedData>
				<SchemaData schemaUrl="#S_pmagsitesupdated_SSSSSS">
					<SimpleData name="Lat">25.071°</SimpleData>
					<SimpleData name="Long">75.575°</SimpleData>
					<SimpleData name="Dec">31°</SimpleData>
					<SimpleData name="Inc">-30.1°</SimpleData>
					<SimpleData name="Age">0.95</SimpleData>
					<SimpleData name="Reference">Malone et al., 2008</SimpleData>
				</SchemaData>
			</ExtendedData>
			<Point>
				<coordinates>75.57499999999999,25.07100000000002,0</coordinates>
			</Point>
		</Placemark>
		<Placemark>
			<styleUrl>#pointStyleMap0</styleUrl>
			<Style id="inline">
				<IconStyle>
					<color>ff0055ff</color>
					<colorMode>normal</colorMode>
					<Icon>
						<href>http://maps.google.com/mapfiles/kml/shapes/placemark_square.png</href>
					</Icon>
				</IconStyle>
				<LineStyle>
					<color>ff0055ff</color>
					<colorMode>normal</colorMode>
				</LineStyle>
				<PolyStyle>
					<color>ff0055ff</color>
					<colorMode>normal</colorMode>
				</PolyStyle>
			</Style>
			<ExtendedData>
				<SchemaData schemaUrl="#S_pmagsitesupdated_SSSSSS">
					<SimpleData name="Lat">25.073°</SimpleData>
					<SimpleData name="Long">75.558°</SimpleData>
					<SimpleData name="Dec">28.1°</SimpleData>
					<SimpleData name="Inc">-25.6°</SimpleData>
					<SimpleData name="Age">0.95</SimpleData>
					<SimpleData name="Reference">Malone et al., 2008</SimpleData>
				</SchemaData>
			</ExtendedData>
			<Point>
				<coordinates>75.55799999999999,25.07299999999999,0</coordinates>
			</Point>
		</Placemark>
		<Placemark>
			<styleUrl>#pointStyleMap0</styleUrl>
			<Style id="inline">
				<IconStyle>
					<color>ff0055ff</color>
					<colorMode>normal</colorMode>
					<Icon>
						<href>http://maps.google.com/mapfiles/kml/shapes/placemark_square.png</href>
					</Icon>
				</IconStyle>
				<LineStyle>
					<color>ff0055ff</color>
					<colorMode>normal</colorMode>
				</LineStyle>
				<PolyStyle>
					<color>ff0055ff</color>
					<colorMode>normal</colorMode>
				</PolyStyle>
			</Style>
			<ExtendedData>
				<SchemaData schemaUrl="#S_pmagsitesupdated_SSSSSS">
					<SimpleData name="Lat">25.85°</SimpleData>
					<SimpleData name="Long">76.344°</SimpleData>
					<SimpleData name="Dec">208.8°</SimpleData>
					<SimpleData name="Inc">24.5°</SimpleData>
					<SimpleData name="Age">0.95</SimpleData>
					<SimpleData name="Reference">Malone et al., 2008</SimpleData>
				</SchemaData>
			</ExtendedData>
			<Point>
				<coordinates>76.34399999999998,25.85,0</coordinates>
			</Point>
		</Placemark>
		<Placemark>
			<styleUrl>#pointStyleMap0</styleUrl>
			<Style id="inline">
				<IconStyle>
					<color>ff0055ff</color>
					<colorMode>normal</colorMode>
					<Icon>
						<href>http://maps.google.com/mapfiles/kml/shapes/placemark_square.png</href>
					</Icon>
				</IconStyle>
				<LineStyle>
					<color>ff0055ff</color>
					<colorMode>normal</colorMode>
				</LineStyle>
				<PolyStyle>
					<color>ff0055ff</color>
					<colorMode>normal</colorMode>
				</PolyStyle>
			</Style>
			<ExtendedData>
				<SchemaData schemaUrl="#S_pmagsitesupdated_SSSSSS">
					<SimpleData name="Lat">25.847°</SimpleData>
					<SimpleData name="Long">76.345°</SimpleData>
					<SimpleData name="Dec">25.2°</SimpleData>
					<SimpleData name="Inc">-12.5°</SimpleData>
					<SimpleData name="Age">0.95</SimpleData>
					<SimpleData name="Reference">Malone et al., 2008</SimpleData>
				</SchemaData>
			</ExtendedData>
			<Point>
				<coordinates>76.34500000000003,25.84700000000002,0</coordinates>
			</Point>
		</Placemark>
		<Placemark>
			<styleUrl>#pointStyleMap0</styleUrl>
			<Style id="inline">
				<IconStyle>
					<color>ff0055ff</color>
					<colorMode>normal</colorMode>
					<Icon>
						<href>http://maps.google.com/mapfiles/kml/shapes/placemark_square.png</href>
					</Icon>
				</IconStyle>
				<LineStyle>
					<color>ff0055ff</color>
					<colorMode>normal</colorMode>
				</LineStyle>
				<PolyStyle>
					<color>ff0055ff</color>
					<colorMode>normal</colorMode>
				</PolyStyle>
			</Style>
			<ExtendedData>
				<SchemaData schemaUrl="#S_pmagsitesupdated_SSSSSS">
					<SimpleData name="Lat">25.104°</SimpleData>
					<SimpleData name="Long">75.091°</SimpleData>
					<SimpleData name="Dec">17.1°</SimpleData>
					<SimpleData name="Inc">-38.9°</SimpleData>
					<SimpleData name="Age">0.95</SimpleData>
					<SimpleData name="Reference">Malone et al., 2008</SimpleData>
				</SchemaData>
			</ExtendedData>
			<Point>
				<coordinates>75.09100000000001,25.10399999999999,0</coordinates>
			</Point>
		</Placemark>
		<Placemark>
			<styleUrl>#pointStyleMap0</styleUrl>
			<Style id="inline">
				<IconStyle>
					<color>ff0055ff</color>
					<colorMode>normal</colorMode>
					<Icon>
						<href>http://maps.google.com/mapfiles/kml/shapes/placemark_square.png</href>
					</Icon>
				</IconStyle>
				<LineStyle>
					<color>ff0055ff</color>
					<colorMode>normal</colorMode>
				</LineStyle>
				<PolyStyle>
					<color>ff0055ff</color>
					<colorMode>normal</colorMode>
				</PolyStyle>
			</Style>
			<ExtendedData>
				<SchemaData schemaUrl="#S_pmagsitesupdated_SSSSSS">
					<SimpleData name="Lat">24.265°</SimpleData>
					<SimpleData name="Long">80.803°</SimpleData>
					<SimpleData name="Dec">32°</SimpleData>
					<SimpleData name="Inc">-21°</SimpleData>
					<SimpleData name="Age">0.95</SimpleData>
					<SimpleData name="Reference">Malone et al., 2008</SimpleData>
				</SchemaData>
			</ExtendedData>
			<Point>
				<coordinates>80.80299999999998,24.26499999999997,0</coordinates>
			</Point>
		</Placemark>
		<Placemark>
			<styleUrl>#pointStyleMap0</styleUrl>
			<Style id="inline">
				<IconStyle>
					<color>ff0055ff</color>
					<colorMode>normal</colorMode>
					<Icon>
						<href>http://maps.google.com/mapfiles/kml/shapes/placemark_square.png</href>
					</Icon>
				</IconStyle>
				<LineStyle>
					<color>ff0055ff</color>
					<colorMode>normal</colorMode>
				</LineStyle>
				<PolyStyle>
					<color>ff0055ff</color>
					<colorMode>normal</colorMode>
				</PolyStyle>
			</Style>
			<ExtendedData>
				<SchemaData schemaUrl="#S_pmagsitesupdated_SSSSSS">
					<SimpleData name="Lat">25.256°</SimpleData>
					<SimpleData name="Long">80.805°</SimpleData>
					<SimpleData name="Dec">52°</SimpleData>
					<SimpleData name="Inc">-13°</SimpleData>
					<SimpleData name="Age">0.95</SimpleData>
					<SimpleData name="Reference">Malone et al., 2008</SimpleData>
				</SchemaData>
			</ExtendedData>
			<Point>
				<coordinates>80.80499999999999,25.25599999999999,0</coordinates>
			</Point>
		</Placemark>
		<Placemark>
			<styleUrl>#pointStyleMap0</styleUrl>
			<Style id="inline">
				<IconStyle>
					<color>ff0055ff</color>
					<colorMode>normal</colorMode>
					<Icon>
						<href>http://maps.google.com/mapfiles/kml/shapes/placemark_square.png</href>
					</Icon>
				</IconStyle>
				<LineStyle>
					<color>ff0055ff</color>
					<colorMode>normal</colorMode>
				</LineStyle>
				<PolyStyle>
					<color>ff0055ff</color>
					<colorMode>normal</colorMode>
				</PolyStyle>
			</Style>
			<ExtendedData>
				<SchemaData schemaUrl="#S_pmagsitesupdated_SSSSSS">
					<SimpleData name="Lat">24.210°</SimpleData>
					<SimpleData name="Long">80.803°</SimpleData>
					<SimpleData name="Dec">16.7°</SimpleData>
					<SimpleData name="Inc">-14.8°</SimpleData>
					<SimpleData name="Age">0.95</SimpleData>
					<SimpleData name="Reference">Malone et al., 2008</SimpleData>
				</SchemaData>
			</ExtendedData>
			<Point>
				<coordinates>80.80299999999998,24.21000000000001,0</coordinates>
			</Point>
		</Placemark>
		<Placemark>
			<styleUrl>#pointStyleMap0</styleUrl>
			<Style id="inline">
				<IconStyle>
					<color>ff0055ff</color>
					<colorMode>normal</colorMode>
					<Icon>
						<href>http://maps.google.com/mapfiles/kml/shapes/placemark_square.png</href>
					</Icon>
				</IconStyle>
				<LineStyle>
					<color>ff0055ff</color>
					<colorMode>normal</colorMode>
				</LineStyle>
				<PolyStyle>
					<color>ff0055ff</color>
					<colorMode>normal</colorMode>
				</PolyStyle>
			</Style>
			<ExtendedData>
				<SchemaData schemaUrl="#S_pmagsitesupdated_SSSSSS">
					<SimpleData name="Lat">24.186°</SimpleData>
					<SimpleData name="Long">80.813°</SimpleData>
					<SimpleData name="Dec">17.4°</SimpleData>
					<SimpleData name="Inc">-29.7°</SimpleData>
					<SimpleData name="Age">0.95</SimpleData>
					<SimpleData name="Reference">Malone et al., 2008</SimpleData>
				</SchemaData>
			</ExtendedData>
			<Point>
				<coordinates>80.813,24.18600000000001,0</coordinates>
			</Point>
		</Placemark>
		<Placemark>
			<styleUrl>#pointStyleMap0</styleUrl>
			<Style id="inline">
				<IconStyle>
					<color>ff0055ff</color>
					<colorMode>normal</colorMode>
					<Icon>
						<href>http://maps.google.com/mapfiles/kml/shapes/placemark_square.png</href>
					</Icon>
				</IconStyle>
				<LineStyle>
					<color>ff0055ff</color>
					<colorMode>normal</colorMode>
				</LineStyle>
				<PolyStyle>
					<color>ff0055ff</color>
					<colorMode>normal</colorMode>
				</PolyStyle>
			</Style>
			<ExtendedData>
				<SchemaData schemaUrl="#S_pmagsitesupdated_SSSSSS">
					<SimpleData name="Lat">24.210°</SimpleData>
					<SimpleData name="Long">80.804°</SimpleData>
					<SimpleData name="Dec">15.5°</SimpleData>
					<SimpleData name="Inc">-11.2°</SimpleData>
					<SimpleData name="Age">0.95</SimpleData>
					<SimpleData name="Reference">Malone et al., 2008</SimpleData>
				</SchemaData>
			</ExtendedData>
			<Point>
				<coordinates>80.80399999999999,24.21000000000001,0</coordinates>
			</Point>
		</Placemark>
		<Placemark>
			<styleUrl>#pointStyleMap0</styleUrl>
			<Style id="inline">
				<IconStyle>
					<color>ff0055ff</color>
					<colorMode>normal</colorMode>
					<Icon>
						<href>http://maps.google.com/mapfiles/kml/shapes/placemark_square.png</href>
					</Icon>
				</IconStyle>
				<LineStyle>
					<color>ff0055ff</color>
					<colorMode>normal</colorMode>
				</LineStyle>
				<PolyStyle>
					<color>ff0055ff</color>
					<colorMode>normal</colorMode>
				</PolyStyle>
			</Style>
			<ExtendedData>
				<SchemaData schemaUrl="#S_pmagsitesupdated_SSSSSS">
					<SimpleData name="Lat">24.258°</SimpleData>
					<SimpleData name="Long">80.804°</SimpleData>
					<SimpleData name="Dec">62°</SimpleData>
					<SimpleData name="Inc">-35.4°</SimpleData>
					<SimpleData name="Age">0.95</SimpleData>
					<SimpleData name="Reference">Malone et al., 2008</SimpleData>
				</SchemaData>
			</ExtendedData>
			<Point>
				<coordinates>80.80399999999999,24.25800000000001,0</coordinates>
			</Point>
		</Placemark>
		<Placemark>
			<styleUrl>#pointStyleMap0</styleUrl>
			<Style id="inline">
				<IconStyle>
					<color>ff0055ff</color>
					<colorMode>normal</colorMode>
					<Icon>
						<href>http://maps.google.com/mapfiles/kml/shapes/placemark_square.png</href>
					</Icon>
				</IconStyle>
				<LineStyle>
					<color>ff0055ff</color>
					<colorMode>normal</colorMode>
				</LineStyle>
				<PolyStyle>
					<color>ff0055ff</color>
					<colorMode>normal</colorMode>
				</PolyStyle>
			</Style>
			<ExtendedData>
				<SchemaData schemaUrl="#S_pmagsitesupdated_SSSSSS">
					<SimpleData name="Lat">24.363°</SimpleData>
					<SimpleData name="Long">81.344°</SimpleData>
					<SimpleData name="Dec">18.3°</SimpleData>
					<SimpleData name="Inc">12.1°</SimpleData>
					<SimpleData name="Age">0.95</SimpleData>
					<SimpleData name="Reference">Malone et al., 2008</SimpleData>
				</SchemaData>
			</ExtendedData>
			<Point>
				<coordinates>81.34400000000001,24.36300000000001,0</coordinates>
			</Point>
		</Placemark>
		<Placemark>
			<styleUrl>#pointStyleMap0</styleUrl>
			<Style id="inline">
				<IconStyle>
					<color>ff0055ff</color>
					<colorMode>normal</colorMode>
					<Icon>
						<href>http://maps.google.com/mapfiles/kml/shapes/placemark_square.png</href>
					</Icon>
				</IconStyle>
				<LineStyle>
					<color>ff0055ff</color>
					<colorMode>normal</colorMode>
				</LineStyle>
				<PolyStyle>
					<color>ff0055ff</color>
					<colorMode>normal</colorMode>
				</PolyStyle>
			</Style>
			<ExtendedData>
				<SchemaData schemaUrl="#S_pmagsitesupdated_SSSSSS">
					<SimpleData name="Lat">24.367°</SimpleData>
					<SimpleData name="Long">81.338°</SimpleData>
					<SimpleData name="Dec">28.3°</SimpleData>
					<SimpleData name="Inc">-14.7°</SimpleData>
					<SimpleData name="Age">0.95</SimpleData>
					<SimpleData name="Reference">Malone et al., 2008</SimpleData>
				</SchemaData>
			</ExtendedData>
			<Point>
				<coordinates>81.33799999999997,24.367,0</coordinates>
			</Point>
		</Placemark>
		<Placemark>
			<styleUrl>#pointStyleMap0</styleUrl>
			<Style id="inline">
				<IconStyle>
					<color>ff0055ff</color>
					<colorMode>normal</colorMode>
					<Icon>
						<href>http://maps.google.com/mapfiles/kml/shapes/placemark_square.png</href>
					</Icon>
				</IconStyle>
				<LineStyle>
					<color>ff0055ff</color>
					<colorMode>normal</colorMode>
				</LineStyle>
				<PolyStyle>
					<color>ff0055ff</color>
					<colorMode>normal</colorMode>
				</PolyStyle>
			</Style>
			<ExtendedData>
				<SchemaData schemaUrl="#S_pmagsitesupdated_SSSSSS">
					<SimpleData name="Lat">24.208°</SimpleData>
					<SimpleData name="Long">80.803°</SimpleData>
					<SimpleData name="Dec">222°</SimpleData>
					<SimpleData name="Inc">16°</SimpleData>
					<SimpleData name="Age">0.95</SimpleData>
					<SimpleData name="Reference">Malone et al., 2008</SimpleData>
				</SchemaData>
			</ExtendedData>
			<Point>
				<coordinates>80.80299999999998,24.208,0</coordinates>
			</Point>
		</Placemark>
		<Placemark>
			<styleUrl>#pointStyleMap0</styleUrl>
			<Style id="inline">
				<IconStyle>
					<color>ff0055ff</color>
					<colorMode>normal</colorMode>
					<Icon>
						<href>http://maps.google.com/mapfiles/kml/shapes/placemark_square.png</href>
					</Icon>
				</IconStyle>
				<LineStyle>
					<color>ff0055ff</color>
					<colorMode>normal</colorMode>
				</LineStyle>
				<PolyStyle>
					<color>ff0055ff</color>
					<colorMode>normal</colorMode>
				</PolyStyle>
			</Style>
			<ExtendedData>
				<SchemaData schemaUrl="#S_pmagsitesupdated_SSSSSS">
					<SimpleData name="Lat">24.187°</SimpleData>
					<SimpleData name="Long">80.815°</SimpleData>
					<SimpleData name="Dec">19.2°</SimpleData>
					<SimpleData name="Inc">-8°</SimpleData>
					<SimpleData name="Age">0.95</SimpleData>
					<SimpleData name="Reference">Malone et al., 2008</SimpleData>
				</SchemaData>
			</ExtendedData>
			<Point>
				<coordinates>80.81499999999998,24.18700000000002,0</coordinates>
			</Point>
		</Placemark>
		<Placemark>
			<styleUrl>#pointStyleMap0</styleUrl>
			<Style id="inline">
				<IconStyle>
					<color>ff0055ff</color>
					<colorMode>normal</colorMode>
					<Icon>
						<href>http://maps.google.com/mapfiles/kml/shapes/placemark_square.png</href>
					</Icon>
				</IconStyle>
				<LineStyle>
					<color>ff0055ff</color>
					<colorMode>normal</colorMode>
				</LineStyle>
				<PolyStyle>
					<color>ff0055ff</color>
					<colorMode>normal</colorMode>
				</PolyStyle>
			</Style>
			<ExtendedData>
				<SchemaData schemaUrl="#S_pmagsitesupdated_SSSSSS">
					<SimpleData name="Lat">24.282°</SimpleData>
					<SimpleData name="Long">80.715°</SimpleData>
					<SimpleData name="Dec">60°</SimpleData>
					<SimpleData name="Inc">-29.1°</SimpleData>
					<SimpleData name="Age">0.95</SimpleData>
					<SimpleData name="Reference">Malone et al., 2008</SimpleData>
				</SchemaData>
			</ExtendedData>
			<Point>
				<coordinates>80.71500000000005,24.282,0</coordinates>
			</Point>
		</Placemark>
		<Placemark>
			<styleUrl>#pointStyleMap0</styleUrl>
			<Style id="inline">
				<IconStyle>
					<color>ff0055ff</color>
					<colorMode>normal</colorMode>
					<Icon>
						<href>http://maps.google.com/mapfiles/kml/shapes/placemark_square.png</href>
					</Icon>
				</IconStyle>
				<LineStyle>
					<color>ff0055ff</color>
					<colorMode>normal</colorMode>
				</LineStyle>
				<PolyStyle>
					<color>ff0055ff</color>
					<colorMode>normal</colorMode>
				</PolyStyle>
			</Style>
			<ExtendedData>
				<SchemaData schemaUrl="#S_pmagsitesupdated_SSSSSS">
					<SimpleData name="Lat">24.282°</SimpleData>
					<SimpleData name="Long">80.715°</SimpleData>
					<SimpleData name="Dec">221.3°</SimpleData>
					<SimpleData name="Inc">37.3°</SimpleData>
					<SimpleData name="Age">0.95</SimpleData>
					<SimpleData name="Reference">Malone et al., 2008</SimpleData>
				</SchemaData>
			</ExtendedData>
			<Point>
				<coordinates>80.71500000000005,24.282,0</coordinates>
			</Point>
		</Placemark>
		<Placemark>
			<styleUrl>#pointStyleMap0</styleUrl>
			<Style id="inline">
				<IconStyle>
					<color>ff0055ff</color>
					<colorMode>normal</colorMode>
					<Icon>
						<href>http://maps.google.com/mapfiles/kml/shapes/placemark_square.png</href>
					</Icon>
				</IconStyle>
				<LineStyle>
					<color>ff0055ff</color>
					<colorMode>normal</colorMode>
				</LineStyle>
				<PolyStyle>
					<color>ff0055ff</color>
					<colorMode>normal</colorMode>
				</PolyStyle>
			</Style>
			<ExtendedData>
				<SchemaData schemaUrl="#S_pmagsitesupdated_SSSSSS">
					<SimpleData name="Lat">24.497°</SimpleData>
					<SimpleData name="Long">81.453°</SimpleData>
					<SimpleData name="Dec">28°</SimpleData>
					<SimpleData name="Inc">-18.4°</SimpleData>
					<SimpleData name="Age">0.95</SimpleData>
					<SimpleData name="Reference">Malone et al., 2008</SimpleData>
				</SchemaData>
			</ExtendedData>
			<Point>
				<coordinates>81.45299999999996,24.49700000000001,0</coordinates>
			</Point>
		</Placemark>
		<Placemark>
			<styleUrl>#pointStyleMap0</styleUrl>
			<Style id="inline">
				<IconStyle>
					<color>ff0055ff</color>
					<colorMode>normal</colorMode>
					<Icon>
						<href>http://maps.google.com/mapfiles/kml/shapes/placemark_square.png</href>
					</Icon>
				</IconStyle>
				<LineStyle>
					<color>ff0055ff</color>
					<colorMode>normal</colorMode>
				</LineStyle>
				<PolyStyle>
					<color>ff0055ff</color>
					<colorMode>normal</colorMode>
				</PolyStyle>
			</Style>
			<ExtendedData>
				<SchemaData schemaUrl="#S_pmagsitesupdated_SSSSSS">
					<SimpleData name="Lat">24.461°</SimpleData>
					<SimpleData name="Long">81.597°</SimpleData>
					<SimpleData name="Dec">50°</SimpleData>
					<SimpleData name="Inc">-10.3°</SimpleData>
					<SimpleData name="Age">0.95</SimpleData>
					<SimpleData name="Reference">Malone et al., 2008</SimpleData>
				</SchemaData>
			</ExtendedData>
			<Point>
				<coordinates>81.59699999999998,24.46100000000002,0</coordinates>
			</Point>
		</Placemark>
		<Placemark>
			<styleUrl>#pointStyleMap0</styleUrl>
			<Style id="inline">
				<IconStyle>
					<color>ff0055ff</color>
					<colorMode>normal</colorMode>
					<Icon>
						<href>http://maps.google.com/mapfiles/kml/shapes/placemark_square.png</href>
					</Icon>
				</IconStyle>
				<LineStyle>
					<color>ff0055ff</color>
					<colorMode>normal</colorMode>
				</LineStyle>
				<PolyStyle>
					<color>ff0055ff</color>
					<colorMode>normal</colorMode>
				</PolyStyle>
			</Style>
			<ExtendedData>
				<SchemaData schemaUrl="#S_pmagsitesupdated_SSSSSS">
					<SimpleData name="Lat">24.5°</SimpleData>
					<SimpleData name="Long">81°</SimpleData>
					<SimpleData name="Dec">221.6°</SimpleData>
					<SimpleData name="Inc">-8°</SimpleData>
					<SimpleData name="Age">0.95</SimpleData>
					<SimpleData name="Reference">McElhinny et al., 1978</SimpleData>
				</SchemaData>
			</ExtendedData>
			<Point>
				<coordinates>80.99999999999999,24.49999999999999,0</coordinates>
			</Point>
		</Placemark>
		<Placemark>
			<styleUrl>#pointStyleMap0</styleUrl>
			<Style id="inline">
				<IconStyle>
					<color>ff0055ff</color>
					<colorMode>normal</colorMode>
					<Icon>
						<href>http://maps.google.com/mapfiles/kml/shapes/placemark_square.png</href>
					</Icon>
				</IconStyle>
				<LineStyle>
					<color>ff0055ff</color>
					<colorMode>normal</colorMode>
				</LineStyle>
				<PolyStyle>
					<color>ff0055ff</color>
					<colorMode>normal</colorMode>
				</PolyStyle>
			</Style>
			<ExtendedData>
				<SchemaData schemaUrl="#S_pmagsitesupdated_SSSSSS">
					<SimpleData name="Lat">27°</SimpleData>
					<SimpleData name="Long">77.5°</SimpleData>
					<SimpleData name="Dec">182.5°</SimpleData>
					<SimpleData name="Inc">4.3°</SimpleData>
					<SimpleData name="Age">0.95</SimpleData>
					<SimpleData name="Reference">McElhinny et al., 1978</SimpleData>
				</SchemaData>
			</ExtendedData>
			<Point>
				<coordinates>77.5,26.99999999999999,0</coordinates>
			</Point>
		</Placemark>
		<Placemark>
			<styleUrl>#pointStyleMap0</styleUrl>
			<Style id="inline">
				<IconStyle>
					<color>ff0055ff</color>
					<colorMode>normal</colorMode>
					<Icon>
						<href>http://maps.google.com/mapfiles/kml/shapes/placemark_square.png</href>
					</Icon>
				</IconStyle>
				<LineStyle>
					<color>ff0055ff</color>
					<colorMode>normal</colorMode>
				</LineStyle>
				<PolyStyle>
					<color>ff0055ff</color>
					<colorMode>normal</colorMode>
				</PolyStyle>
			</Style>
			<ExtendedData>
				<SchemaData schemaUrl="#S_pmagsitesupdated_SSSSSS">
					<SimpleData name="Lat">27°</SimpleData>
					<SimpleData name="Long">77.5°</SimpleData>
					<SimpleData name="Dec">35.4°</SimpleData>
					<SimpleData name="Inc">-36.2°</SimpleData>
					<SimpleData name="Age">0.95</SimpleData>
					<SimpleData name="Reference">McElhinny et al., 1978</SimpleData>
				</SchemaData>
			</ExtendedData>
			<Point>
				<coordinates>77.5,26.99999999999999,0</coordinates>
			</Point>
		</Placemark>
		<Placemark>
			<styleUrl>#pointStyleMap0</styleUrl>
			<Style id="inline">
				<IconStyle>
					<color>ff0055ff</color>
					<colorMode>normal</colorMode>
					<Icon>
						<href>http://maps.google.com/mapfiles/kml/shapes/placemark_square.png</href>
					</Icon>
				</IconStyle>
				<LineStyle>
					<color>ff0055ff</color>
					<colorMode>normal</colorMode>
				</LineStyle>
				<PolyStyle>
					<color>ff0055ff</color>
					<colorMode>normal</colorMode>
				</PolyStyle>
			</Style>
			<ExtendedData>
				<SchemaData schemaUrl="#S_pmagsitesupdated_SSSSSS">
					<SimpleData name="Lat">27°</SimpleData>
					<SimpleData name="Long">77.5°</SimpleData>
					<SimpleData name="Dec">205.1°</SimpleData>
					<SimpleData name="Inc">18°</SimpleData>
					<SimpleData name="Age">0.95</SimpleData>
					<SimpleData name="Reference">McElhinny et al., 1978</SimpleData>
				</SchemaData>
			</ExtendedData>
			<Point>
				<coordinates>77.5,26.99999999999999,0</coordinates>
			</Point>
		</Placemark>
		<Placemark>
			<styleUrl>#pointStyleMap0</styleUrl>
			<Style id="inline">
				<IconStyle>
					<color>ff0055ff</color>
					<colorMode>normal</colorMode>
					<Icon>
						<href>http://maps.google.com/mapfiles/kml/shapes/placemark_square.png</href>
					</Icon>
				</IconStyle>
				<LineStyle>
					<color>ff0055ff</color>
					<colorMode>normal</colorMode>
				</LineStyle>
				<PolyStyle>
					<color>ff0055ff</color>
					<colorMode>normal</colorMode>
				</PolyStyle>
			</Style>
			<ExtendedData>
				<SchemaData schemaUrl="#S_pmagsitesupdated_SSSSSS">
					<SimpleData name="Lat">27°</SimpleData>
					<SimpleData name="Long">77.5°</SimpleData>
					<SimpleData name="Dec">196°</SimpleData>
					<SimpleData name="Inc">9.8°</SimpleData>
					<SimpleData name="Age">0.95</SimpleData>
					<SimpleData name="Reference">McElhinny et al., 1978</SimpleData>
				</SchemaData>
			</ExtendedData>
			<Point>
				<coordinates>77.5,26.99999999999999,0</coordinates>
			</Point>
		</Placemark>
		<Placemark>
			<styleUrl>#pointStyleMap0</styleUrl>
			<Style id="inline">
				<IconStyle>
					<color>ff0055ff</color>
					<colorMode>normal</colorMode>
					<Icon>
						<href>http://maps.google.com/mapfiles/kml/shapes/placemark_square.png</href>
					</Icon>
				</IconStyle>
				<LineStyle>
					<color>ff0055ff</color>
					<colorMode>normal</colorMode>
				</LineStyle>
				<PolyStyle>
					<color>ff0055ff</color>
					<colorMode>normal</colorMode>
				</PolyStyle>
			</Style>
			<ExtendedData>
				<SchemaData schemaUrl="#S_pmagsitesupdated_SSSSSS">
					<SimpleData name="Lat">27°</SimpleData>
					<SimpleData name="Long">77.5°</SimpleData>
					<SimpleData name="Dec">203.2°</SimpleData>
					<SimpleData name="Inc">-3.1°</SimpleData>
					<SimpleData name="Age">0.95</SimpleData>
					<SimpleData name="Reference">McElhinny et al., 1978</SimpleData>
				</SchemaData>
			</ExtendedData>
			<Point>
				<coordinates>77.5,26.99999999999999,0</coordinates>
			</Point>
		</Placemark>
		<Placemark>
			<styleUrl>#pointStyleMap0</styleUrl>
			<Style id="inline">
				<IconStyle>
					<color>ff0055ff</color>
					<colorMode>normal</colorMode>
					<Icon>
						<href>http://maps.google.com/mapfiles/kml/shapes/placemark_square.png</href>
					</Icon>
				</IconStyle>
				<LineStyle>
					<color>ff0055ff</color>
					<colorMode>normal</colorMode>
				</LineStyle>
				<PolyStyle>
					<color>ff0055ff</color>
					<colorMode>normal</colorMode>
				</PolyStyle>
			</Style>
			<ExtendedData>
				<SchemaData schemaUrl="#S_pmagsitesupdated_SSSSSS">
					<SimpleData name="Lat">27°</SimpleData>
					<SimpleData name="Long">77.5°</SimpleData>
					<SimpleData name="Dec">203.2°</SimpleData>
					<SimpleData name="Inc">-0.6°</SimpleData>
					<SimpleData name="Age">0.95</SimpleData>
					<SimpleData name="Reference">McElhinny et al., 1978</SimpleData>
				</SchemaData>
			</ExtendedData>
			<Point>
				<coordinates>77.5,26.99999999999999,0</coordinates>
			</Point>
		</Placemark>
		<Placemark>
			<styleUrl>#pointStyleMap0</styleUrl>
			<Style id="inline">
				<IconStyle>
					<color>ff0055ff</color>
					<colorMode>normal</colorMode>
					<Icon>
						<href>http://maps.google.com/mapfiles/kml/shapes/placemark_square.png</href>
					</Icon>
				</IconStyle>
				<LineStyle>
					<color>ff0055ff</color>
					<colorMode>normal</colorMode>
				</LineStyle>
				<PolyStyle>
					<color>ff0055ff</color>
					<colorMode>normal</colorMode>
				</PolyStyle>
			</Style>
			<ExtendedData>
				<SchemaData schemaUrl="#S_pmagsitesupdated_SSSSSS">
					<SimpleData name="Lat">26.68°</SimpleData>
					<SimpleData name="Long">77.75°</SimpleData>
					<SimpleData name="Dec">202.5°</SimpleData>
					<SimpleData name="Inc">8°</SimpleData>
					<SimpleData name="Age">0.95</SimpleData>
					<SimpleData name="Reference">Klootwijk, 1978</SimpleData>
				</SchemaData>
			</ExtendedData>
			<Point>
				<coordinates>77.75,26.68000000000001,0</coordinates>
			</Point>
		</Placemark>
		<Placemark>
			<styleUrl>#pointStyleMap0</styleUrl>
			<Style id="inline">
				<IconStyle>
					<color>ff0055ff</color>
					<colorMode>normal</colorMode>
					<Icon>
						<href>http://maps.google.com/mapfiles/kml/shapes/placemark_square.png</href>
					</Icon>
				</IconStyle>
				<LineStyle>
					<color>ff0055ff</color>
					<colorMode>normal</colorMode>
				</LineStyle>
				<PolyStyle>
					<color>ff0055ff</color>
					<colorMode>normal</colorMode>
				</PolyStyle>
			</Style>
			<ExtendedData>
				<SchemaData schemaUrl="#S_pmagsitesupdated_SSSSSS">
					<SimpleData name="Lat">26.68°</SimpleData>
					<SimpleData name="Long">77.75°</SimpleData>
					<SimpleData name="Dec">202.5°</SimpleData>
					<SimpleData name="Inc">7°</SimpleData>
					<SimpleData name="Age">0.95</SimpleData>
					<SimpleData name="Reference">Klootwijk, 1978</SimpleData>
				</SchemaData>
			</ExtendedData>
			<Point>
				<coordinates>77.75,26.68000000000001,0</coordinates>
			</Point>
		</Placemark>
		<Placemark>
			<styleUrl>#pointStyleMap0</styleUrl>
			<Style id="inline">
				<IconStyle>
					<color>ff0055ff</color>
					<colorMode>normal</colorMode>
					<Icon>
						<href>http://maps.google.com/mapfiles/kml/shapes/placemark_square.png</href>
					</Icon>
				</IconStyle>
				<LineStyle>
					<color>ff0055ff</color>
					<colorMode>normal</colorMode>
				</LineStyle>
				<PolyStyle>
					<color>ff0055ff</color>
					<colorMode>normal</colorMode>
				</PolyStyle>
			</Style>
			<ExtendedData>
				<SchemaData schemaUrl="#S_pmagsitesupdated_SSSSSS">
					<SimpleData name="Lat">26.68°</SimpleData>
					<SimpleData name="Long">77.75°</SimpleData>
					<SimpleData name="Dec">202°</SimpleData>
					<SimpleData name="Inc">16°</SimpleData>
					<SimpleData name="Age">0.95</SimpleData>
					<SimpleData name="Reference">Klootwijk, 1978</SimpleData>
				</SchemaData>
			</ExtendedData>
			<Point>
				<coordinates>77.75,26.68000000000001,0</coordinates>
			</Point>
		</Placemark>
		<Placemark>
			<styleUrl>#pointStyleMap0</styleUrl>
			<Style id="inline">
				<IconStyle>
					<color>ff0055ff</color>
					<colorMode>normal</colorMode>
					<Icon>
						<href>http://maps.google.com/mapfiles/kml/shapes/placemark_square.png</href>
					</Icon>
				</IconStyle>
				<LineStyle>
					<color>ff0055ff</color>
					<colorMode>normal</colorMode>
				</LineStyle>
				<PolyStyle>
					<color>ff0055ff</color>
					<colorMode>normal</colorMode>
				</PolyStyle>
			</Style>
			<ExtendedData>
				<SchemaData schemaUrl="#S_pmagsitesupdated_SSSSSS">
					<SimpleData name="Lat">26.55°</SimpleData>
					<SimpleData name="Long">77.42°</SimpleData>
					<SimpleData name="Dec">217°</SimpleData>
					<SimpleData name="Inc">11°</SimpleData>
					<SimpleData name="Age">0.95</SimpleData>
					<SimpleData name="Reference">Klootwijk, 1978</SimpleData>
				</SchemaData>
			</ExtendedData>
			<Point>
				<coordinates>77.42,26.54999999999999,0</coordinates>
			</Point>
		</Placemark>
		<Placemark>
			<styleUrl>#pointStyleMap0</styleUrl>
			<Style id="inline">
				<IconStyle>
					<color>ff0055ff</color>
					<colorMode>normal</colorMode>
					<Icon>
						<href>http://maps.google.com/mapfiles/kml/shapes/placemark_square.png</href>
					</Icon>
				</IconStyle>
				<LineStyle>
					<color>ff0055ff</color>
					<colorMode>normal</colorMode>
				</LineStyle>
				<PolyStyle>
					<color>ff0055ff</color>
					<colorMode>normal</colorMode>
				</PolyStyle>
			</Style>
			<ExtendedData>
				<SchemaData schemaUrl="#S_pmagsitesupdated_SSSSSS">
					<SimpleData name="Lat">26.55°</SimpleData>
					<SimpleData name="Long">77.42°</SimpleData>
					<SimpleData name="Dec">204°</SimpleData>
					<SimpleData name="Inc">7°</SimpleData>
					<SimpleData name="Age">0.95</SimpleData>
					<SimpleData name="Reference">Klootwijk, 1978</SimpleData>
				</SchemaData>
			</ExtendedData>
			<Point>
				<coordinates>77.42,26.54999999999999,0</coordinates>
			</Point>
		</Placemark>
		<Placemark>
			<styleUrl>#pointStyleMap0</styleUrl>
			<Style id="inline">
				<IconStyle>
					<color>ff0055ff</color>
					<colorMode>normal</colorMode>
					<Icon>
						<href>http://maps.google.com/mapfiles/kml/shapes/placemark_square.png</href>
					</Icon>
				</IconStyle>
				<LineStyle>
					<color>ff0055ff</color>
					<colorMode>normal</colorMode>
				</LineStyle>
				<PolyStyle>
					<color>ff0055ff</color>
					<colorMode>normal</colorMode>
				</PolyStyle>
			</Style>
			<ExtendedData>
				<SchemaData schemaUrl="#S_pmagsitesupdated_SSSSSS">
					<SimpleData name="Lat">26.55°</SimpleData>
					<SimpleData name="Long">77.42°</SimpleData>
					<SimpleData name="Dec">202°</SimpleData>
					<SimpleData name="Inc">-8°</SimpleData>
					<SimpleData name="Age">0.95</SimpleData>
					<SimpleData name="Reference">Klootwijk, 1978</SimpleData>
				</SchemaData>
			</ExtendedData>
			<Point>
				<coordinates>77.42,26.54999999999999,0</coordinates>
			</Point>
		</Placemark>
		<Placemark>
			<styleUrl>#pointStyleMap0</styleUrl>
			<Style id="inline">
				<IconStyle>
					<color>ff0055ff</color>
					<colorMode>normal</colorMode>
					<Icon>
						<href>http://maps.google.com/mapfiles/kml/shapes/placemark_square.png</href>
					</Icon>
				</IconStyle>
				<LineStyle>
					<color>ff0055ff</color>
					<colorMode>normal</colorMode>
				</LineStyle>
				<PolyStyle>
					<color>ff0055ff</color>
					<colorMode>normal</colorMode>
				</PolyStyle>
			</Style>
			<ExtendedData>
				<SchemaData schemaUrl="#S_pmagsitesupdated_SSSSSS">
					<SimpleData name="Lat">26.55°</SimpleData>
					<SimpleData name="Long">77.42°</SimpleData>
					<SimpleData name="Dec">208.5°</SimpleData>
					<SimpleData name="Inc">3°</SimpleData>
					<SimpleData name="Age">0.95</SimpleData>
					<SimpleData name="Reference">Klootwijk, 1978</SimpleData>
				</SchemaData>
			</ExtendedData>
			<Point>
				<coordinates>77.42,26.54999999999999,0</coordinates>
			</Point>
		</Placemark>
		<Placemark>
			<styleUrl>#pointStyleMap0</styleUrl>
			<Style id="inline">
				<IconStyle>
					<color>ff0055ff</color>
					<colorMode>normal</colorMode>
					<Icon>
						<href>http://maps.google.com/mapfiles/kml/shapes/placemark_square.png</href>
					</Icon>
				</IconStyle>
				<LineStyle>
					<color>ff0055ff</color>
					<colorMode>normal</colorMode>
				</LineStyle>
				<PolyStyle>
					<color>ff0055ff</color>
					<colorMode>normal</colorMode>
				</PolyStyle>
			</Style>
			<ExtendedData>
				<SchemaData schemaUrl="#S_pmagsitesupdated_SSSSSS">
					<SimpleData name="Lat">25.45</SimpleData>
					<SimpleData name="Long">75.61</SimpleData>
					<SimpleData name="Dec">26.7°</SimpleData>
					<SimpleData name="Inc">-19.4°</SimpleData>
					<SimpleData name="Age">0.95</SimpleData>
					<SimpleData name="Reference">Kwafo et al., 2025</SimpleData>
				</SchemaData>
			</ExtendedData>
			<Point>
				<coordinates>75.61000000000001,25.44999999999998,0</coordinates>
			</Point>
		</Placemark>
		<Placemark>
			<styleUrl>#pointStyleMap0</styleUrl>
			<Style id="inline">
				<IconStyle>
					<color>ff0055ff</color>
					<colorMode>normal</colorMode>
					<Icon>
						<href>http://maps.google.com/mapfiles/kml/shapes/placemark_square.png</href>
					</Icon>
				</IconStyle>
				<LineStyle>
					<color>ff0055ff</color>
					<colorMode>normal</colorMode>
				</LineStyle>
				<PolyStyle>
					<color>ff0055ff</color>
					<colorMode>normal</colorMode>
				</PolyStyle>
			</Style>
			<ExtendedData>
				<SchemaData schemaUrl="#S_pmagsitesupdated_SSSSSS">
					<SimpleData name="Lat">25.45</SimpleData>
					<SimpleData name="Long">75.62</SimpleData>
					<SimpleData name="Dec">224.9°</SimpleData>
					<SimpleData name="Inc">+29.2°</SimpleData>
					<SimpleData name="Age">0.95</SimpleData>
					<SimpleData name="Reference">Kwafo et al., 2025</SimpleData>
				</SchemaData>
			</ExtendedData>
			<Point>
				<coordinates>75.62,25.44999999999998,0</coordinates>
			</Point>
		</Placemark>
		<Placemark>
			<styleUrl>#pointStyleMap0</styleUrl>
			<Style id="inline">
				<IconStyle>
					<color>ff0055ff</color>
					<colorMode>normal</colorMode>
					<Icon>
						<href>http://maps.google.com/mapfiles/kml/shapes/placemark_square.png</href>
					</Icon>
				</IconStyle>
				<LineStyle>
					<color>ff0055ff</color>
					<colorMode>normal</colorMode>
				</LineStyle>
				<PolyStyle>
					<color>ff0055ff</color>
					<colorMode>normal</colorMode>
				</PolyStyle>
			</Style>
			<ExtendedData>
				<SchemaData schemaUrl="#S_pmagsitesupdated_SSSSSS">
					<SimpleData name="Lat">14.51°</SimpleData>
					<SimpleData name="Long">77.68°</SimpleData>
					<SimpleData name="Dec">32°</SimpleData>
					<SimpleData name="Inc">-23°</SimpleData>
					<SimpleData name="Age">1.07</SimpleData>
					<SimpleData name="Reference">Venkateshwarlu and Chalapath-Rao, 2013</SimpleData>
				</SchemaData>
			</ExtendedData>
			<Point>
				<coordinates>77.68000000000002,14.50999999999997,0</coordinates>
			</Point>
		</Placemark>
		<Placemark>
			<styleUrl>#pointStyleMap0</styleUrl>
			<Style id="inline">
				<IconStyle>
					<color>ff0055ff</color>
					<colorMode>normal</colorMode>
					<Icon>
						<href>http://maps.google.com/mapfiles/kml/shapes/placemark_square.png</href>
					</Icon>
				</IconStyle>
				<LineStyle>
					<color>ff0055ff</color>
					<colorMode>normal</colorMode>
				</LineStyle>
				<PolyStyle>
					<color>ff0055ff</color>
					<colorMode>normal</colorMode>
				</PolyStyle>
			</Style>
			<ExtendedData>
				<SchemaData schemaUrl="#S_pmagsitesupdated_SSSSSS">
					<SimpleData name="Lat">13.20°</SimpleData>
					<SimpleData name="Long">78.91°</SimpleData>
					<SimpleData name="Dec">45°</SimpleData>
					<SimpleData name="Inc">-25°</SimpleData>
					<SimpleData name="Age">1.07</SimpleData>
					<SimpleData name="Reference">Venkateshwarlu and Chalapath-Rao, 2013</SimpleData>
				</SchemaData>
			</ExtendedData>
			<Point>
				<coordinates>78.90999999999997,13.19999999999999,0</coordinates>
			</Point>
		</Placemark>
		<Placemark>
			<styleUrl>#pointStyleMap0</styleUrl>
			<Style id="inline">
				<IconStyle>
					<color>ff0055ff</color>
					<colorMode>normal</colorMode>
					<Icon>
						<href>http://maps.google.com/mapfiles/kml/shapes/placemark_square.png</href>
					</Icon>
				</IconStyle>
				<LineStyle>
					<color>ff0055ff</color>
					<colorMode>normal</colorMode>
				</LineStyle>
				<PolyStyle>
					<color>ff0055ff</color>
					<colorMode>normal</colorMode>
				</PolyStyle>
			</Style>
			<ExtendedData>
				<SchemaData schemaUrl="#S_pmagsitesupdated_SSSSSS">
					<SimpleData name="Lat">13.20°</SimpleData>
					<SimpleData name="Long">78.91°</SimpleData>
					<SimpleData name="Dec">49°</SimpleData>
					<SimpleData name="Inc">-8°</SimpleData>
					<SimpleData name="Age">1.07</SimpleData>
					<SimpleData name="Reference">Venkateshwarlu and Chalapath-Rao, 2013</SimpleData>
				</SchemaData>
			</ExtendedData>
			<Point>
				<coordinates>78.90999999999997,13.19999999999999,0</coordinates>
			</Point>
		</Placemark>
		<Placemark>
			<styleUrl>#pointStyleMap0</styleUrl>
			<Style id="inline">
				<IconStyle>
					<color>ff0055ff</color>
					<colorMode>normal</colorMode>
					<Icon>
						<href>http://maps.google.com/mapfiles/kml/shapes/placemark_square.png</href>
					</Icon>
				</IconStyle>
				<LineStyle>
					<color>ff0055ff</color>
					<colorMode>normal</colorMode>
				</LineStyle>
				<PolyStyle>
					<color>ff0055ff</color>
					<colorMode>normal</colorMode>
				</PolyStyle>
			</Style>
			<ExtendedData>
				<SchemaData schemaUrl="#S_pmagsitesupdated_SSSSSS">
					<SimpleData name="Lat">14.55°</SimpleData>
					<SimpleData name="Long">77.11°</SimpleData>
					<SimpleData name="Dec">31°</SimpleData>
					<SimpleData name="Inc">-6°</SimpleData>
					<SimpleData name="Age">1.07</SimpleData>
					<SimpleData name="Reference">Venkateshwarlu and Chalapath-Rao, 2013</SimpleData>
				</SchemaData>
			</ExtendedData>
			<Point>
				<coordinates>77.11000000000001,14.55,0</coordinates>
			</Point>
		</Placemark>
		<Placemark>
			<styleUrl>#pointStyleMap0</styleUrl>
			<Style id="inline">
				<IconStyle>
					<color>ff0055ff</color>
					<colorMode>normal</colorMode>
					<Icon>
						<href>http://maps.google.com/mapfiles/kml/shapes/placemark_square.png</href>
					</Icon>
				</IconStyle>
				<LineStyle>
					<color>ff0055ff</color>
					<colorMode>normal</colorMode>
				</LineStyle>
				<PolyStyle>
					<color>ff0055ff</color>
					<colorMode>normal</colorMode>
				</PolyStyle>
			</Style>
			<ExtendedData>
				<SchemaData schemaUrl="#S_pmagsitesupdated_SSSSSS">
					<SimpleData name="Lat">12.66°</SimpleData>
					<SimpleData name="Long">77.49°</SimpleData>
					<SimpleData name="Dec">18.4°</SimpleData>
					<SimpleData name="Inc">+83.9°</SimpleData>
					<SimpleData name="Age">0.82</SimpleData>
					<SimpleData name="Reference">Dawson and Hargraves, 1994</SimpleData>
				</SchemaData>
			</ExtendedData>
			<Point>
				<coordinates>77.49000000000002,12.66,0</coordinates>
			</Point>
		</Placemark>
		<Placemark>
			<styleUrl>#pointStyleMap0</styleUrl>
			<Style id="inline">
				<IconStyle>
					<color>ff0055ff</color>
					<colorMode>normal</colorMode>
					<Icon>
						<href>http://maps.google.com/mapfiles/kml/shapes/placemark_square.png</href>
					</Icon>
				</IconStyle>
				<LineStyle>
					<color>ff0055ff</color>
					<colorMode>normal</colorMode>
				</LineStyle>
				<PolyStyle>
					<color>ff0055ff</color>
					<colorMode>normal</colorMode>
				</PolyStyle>
			</Style>
			<ExtendedData>
				<SchemaData schemaUrl="#S_pmagsitesupdated_SSSSSS">
					<SimpleData name="Lat">12.68°</SimpleData>
					<SimpleData name="Long">77.46°</SimpleData>
					<SimpleData name="Dec">32.0°</SimpleData>
					<SimpleData name="Inc">+82.0°</SimpleData>
					<SimpleData name="Age">0.82</SimpleData>
					<SimpleData name="Reference">Dawson and Hargraves, 1994</SimpleData>
				</SchemaData>
			</ExtendedData>
			<Point>
				<coordinates>77.45999999999998,12.68000000000002,0</coordinates>
			</Point>
		</Placemark>
		<Placemark>
			<styleUrl>#pointStyleMap0</styleUrl>
			<Style id="inline">
				<IconStyle>
					<color>ff0055ff</color>
					<colorMode>normal</colorMode>
					<Icon>
						<href>http://maps.google.com/mapfiles/kml/shapes/placemark_square.png</href>
					</Icon>
				</IconStyle>
				<LineStyle>
					<color>ff0055ff</color>
					<colorMode>normal</colorMode>
				</LineStyle>
				<PolyStyle>
					<color>ff0055ff</color>
					<colorMode>normal</colorMode>
				</PolyStyle>
			</Style>
			<ExtendedData>
				<SchemaData schemaUrl="#S_pmagsitesupdated_SSSSSS">
					<SimpleData name="Lat">12.66°</SimpleData>
					<SimpleData name="Long">77.49°</SimpleData>
					<SimpleData name="Dec">30.9°</SimpleData>
					<SimpleData name="Inc">+75.2°</SimpleData>
					<SimpleData name="Age">0.82</SimpleData>
					<SimpleData name="Reference">Radhakrishna and Joseph, 1996</SimpleData>
				</SchemaData>
			</ExtendedData>
			<Point>
				<coordinates>77.49000000000002,12.66,0</coordinates>
			</Point>
		</Placemark>
		<Placemark>
			<styleUrl>#pointStyleMap0</styleUrl>
			<Style id="inline">
				<IconStyle>
					<color>ff0055ff</color>
					<colorMode>normal</colorMode>
					<Icon>
						<href>http://maps.google.com/mapfiles/kml/shapes/placemark_square.png</href>
					</Icon>
				</IconStyle>
				<LineStyle>
					<color>ff0055ff</color>
					<colorMode>normal</colorMode>
				</LineStyle>
				<PolyStyle>
					<color>ff0055ff</color>
					<colorMode>normal</colorMode>
				</PolyStyle>
			</Style>
			<ExtendedData>
				<SchemaData schemaUrl="#S_pmagsitesupdated_SSSSSS">
					<SimpleData name="Lat">12.64°</SimpleData>
					<SimpleData name="Long">77.47°</SimpleData>
					<SimpleData name="Dec">337.9°</SimpleData>
					<SimpleData name="Inc">+73.9°</SimpleData>
					<SimpleData name="Age">0.82</SimpleData>
					<SimpleData name="Reference">Radhakrishna and Joseph, 1996</SimpleData>
				</SchemaData>
			</ExtendedData>
			<Point>
				<coordinates>77.47000000000001,12.63999999999999,0</coordinates>
			</Point>
		</Placemark>
		<Placemark>
			<styleUrl>#pointStyleMap0</styleUrl>
			<Style id="inline">
				<IconStyle>
					<color>ff0055ff</color>
					<colorMode>normal</colorMode>
					<Icon>
						<href>http://maps.google.com/mapfiles/kml/shapes/placemark_square.png</href>
					</Icon>
				</IconStyle>
				<LineStyle>
					<color>ff0055ff</color>
					<colorMode>normal</colorMode>
				</LineStyle>
				<PolyStyle>
					<color>ff0055ff</color>
					<colorMode>normal</colorMode>
				</PolyStyle>
			</Style>
			<ExtendedData>
				<SchemaData schemaUrl="#S_pmagsitesupdated_SSSSSS">
					<SimpleData name="Lat">12.42°</SimpleData>
					<SimpleData name="Long">77.64°</SimpleData>
					<SimpleData name="Dec">355.1°</SimpleData>
					<SimpleData name="Inc">+79.0°</SimpleData>
					<SimpleData name="Age">0.82</SimpleData>
					<SimpleData name="Reference">Radhakrishna and Joseph, 1996</SimpleData>
				</SchemaData>
			</ExtendedData>
			<Point>
				<coordinates>77.64,12.41999999999999,0</coordinates>
			</Point>
		</Placemark>
		<Placemark>
			<styleUrl>#pointStyleMap0</styleUrl>
			<Style id="inline">
				<IconStyle>
					<color>ff0055ff</color>
					<colorMode>normal</colorMode>
					<Icon>
						<href>http://maps.google.com/mapfiles/kml/shapes/placemark_square.png</href>
					</Icon>
				</IconStyle>
				<LineStyle>
					<color>ff0055ff</color>
					<colorMode>normal</colorMode>
				</LineStyle>
				<PolyStyle>
					<color>ff0055ff</color>
					<colorMode>normal</colorMode>
				</PolyStyle>
			</Style>
			<ExtendedData>
				<SchemaData schemaUrl="#S_pmagsitesupdated_SSSSSS">
					<SimpleData name="Lat">12.41°</SimpleData>
					<SimpleData name="Long">77.64°</SimpleData>
					<SimpleData name="Dec">0.5°</SimpleData>
					<SimpleData name="Inc">+65.7°</SimpleData>
					<SimpleData name="Age">0.82</SimpleData>
					<SimpleData name="Reference">Radhakrishna and Joseph, 1996</SimpleData>
				</SchemaData>
			</ExtendedData>
			<Point>
				<coordinates>77.64,12.41000000000001,0</coordinates>
			</Point>
		</Placemark>
		<Placemark>
			<styleUrl>#pointStyleMap0</styleUrl>
			<Style id="inline">
				<IconStyle>
					<color>ff0055ff</color>
					<colorMode>normal</colorMode>
					<Icon>
						<href>http://maps.google.com/mapfiles/kml/shapes/placemark_square.png</href>
					</Icon>
				</IconStyle>
				<LineStyle>
					<color>ff0055ff</color>
					<colorMode>normal</colorMode>
				</LineStyle>
				<PolyStyle>
					<color>ff0055ff</color>
					<colorMode>normal</colorMode>
				</PolyStyle>
			</Style>
			<ExtendedData>
				<SchemaData schemaUrl="#S_pmagsitesupdated_SSSSSS">
					<SimpleData name="Lat">12.67°</SimpleData>
					<SimpleData name="Long">77.52°</SimpleData>
					<SimpleData name="Dec">43.7°</SimpleData>
					<SimpleData name="Inc">+71.5°</SimpleData>
					<SimpleData name="Age">0.82</SimpleData>
					<SimpleData name="Reference">Radhakrishna and Joseph, 1996</SimpleData>
				</SchemaData>
			</ExtendedData>
			<Point>
				<coordinates>77.51999999999998,12.66999999999999,0</coordinates>
			</Point>
		</Placemark>
		<Placemark>
			<styleUrl>#pointStyleMap0</styleUrl>
			<Style id="inline">
				<IconStyle>
					<color>ff0055ff</color>
					<colorMode>normal</colorMode>
					<Icon>
						<href>http://maps.google.com/mapfiles/kml/shapes/placemark_square.png</href>
					</Icon>
				</IconStyle>
				<LineStyle>
					<color>ff0055ff</color>
					<colorMode>normal</colorMode>
				</LineStyle>
				<PolyStyle>
					<color>ff0055ff</color>
					<colorMode>normal</colorMode>
				</PolyStyle>
			</Style>
			<ExtendedData>
				<SchemaData schemaUrl="#S_pmagsitesupdated_SSSSSS">
					<SimpleData name="Lat">15.543°</SimpleData>
					<SimpleData name="Long">78.308°</SimpleData>
					<SimpleData name="Dec">316.9°</SimpleData>
					<SimpleData name="Inc">+86.1°</SimpleData>
					<SimpleData name="Age">0.82-1.2</SimpleData>
					<SimpleData name="Reference">Wabo et al., 2022</SimpleData>
				</SchemaData>
			</ExtendedData>
			<Point>
				<coordinates>78.30799999999998,15.54299999999999,0</coordinates>
			</Point>
		</Placemark>
		<Placemark>
			<styleUrl>#pointStyleMap0</styleUrl>
			<Style id="inline">
				<IconStyle>
					<color>ff0055ff</color>
					<colorMode>normal</colorMode>
					<Icon>
						<href>http://maps.google.com/mapfiles/kml/shapes/placemark_square.png</href>
					</Icon>
				</IconStyle>
				<LineStyle>
					<color>ff0055ff</color>
					<colorMode>normal</colorMode>
				</LineStyle>
				<PolyStyle>
					<color>ff0055ff</color>
					<colorMode>normal</colorMode>
				</PolyStyle>
			</Style>
			<ExtendedData>
				<SchemaData schemaUrl="#S_pmagsitesupdated_SSSSSS">
					<SimpleData name="Lat">15.546°</SimpleData>
					<SimpleData name="Long">78.305°</SimpleData>
					<SimpleData name="Dec">319.3°</SimpleData>
					<SimpleData name="Inc">+85.3°</SimpleData>
					<SimpleData name="Age">0.82-1.2</SimpleData>
					<SimpleData name="Reference">Wabo et al., 2022</SimpleData>
				</SchemaData>
			</ExtendedData>
			<Point>
				<coordinates>78.30500000000001,15.54600000000001,0</coordinates>
			</Point>
		</Placemark>
		<Placemark>
			<styleUrl>#pointStyleMap0</styleUrl>
			<Style id="inline">
				<IconStyle>
					<color>ff0055ff</color>
					<colorMode>normal</colorMode>
					<Icon>
						<href>http://maps.google.com/mapfiles/kml/shapes/placemark_square.png</href>
					</Icon>
				</IconStyle>
				<LineStyle>
					<color>ff0055ff</color>
					<colorMode>normal</colorMode>
				</LineStyle>
				<PolyStyle>
					<color>ff0055ff</color>
					<colorMode>normal</colorMode>
				</PolyStyle>
			</Style>
			<ExtendedData>
				<SchemaData schemaUrl="#S_pmagsitesupdated_SSSSSS">
					<SimpleData name="Lat">15.6°</SimpleData>
					<SimpleData name="Long">78.3°</SimpleData>
					<SimpleData name="Dec">206.7°</SimpleData>
					<SimpleData name="Inc">-64.5°</SimpleData>
					<SimpleData name="Age">0.82-1.2</SimpleData>
					<SimpleData name="Reference">Wabo et al., 2022</SimpleData>
				</SchemaData>
			</ExtendedData>
			<Point>
				<coordinates>78.30000000000001,15.6,0</coordinates>
			</Point>
		</Placemark>
		<Placemark>
			<styleUrl>#pointStyleMap0</styleUrl>
			<Style id="inline">
				<IconStyle>
					<color>ff0055ff</color>
					<colorMode>normal</colorMode>
					<Icon>
						<href>http://maps.google.com/mapfiles/kml/shapes/placemark_square.png</href>
					</Icon>
				</IconStyle>
				<LineStyle>
					<color>ff0055ff</color>
					<colorMode>normal</colorMode>
				</LineStyle>
				<PolyStyle>
					<color>ff0055ff</color>
					<colorMode>normal</colorMode>
				</PolyStyle>
			</Style>
			<ExtendedData>
				<SchemaData schemaUrl="#S_pmagsitesupdated_SSSSSS">
					<SimpleData name="Lat">15.407°</SimpleData>
					<SimpleData name="Long">78.203°</SimpleData>
					<SimpleData name="Dec">300.6°</SimpleData>
					<SimpleData name="Inc">+79.1°</SimpleData>
					<SimpleData name="Age">0.82-1.2</SimpleData>
					<SimpleData name="Reference">Wabo et al., 2022</SimpleData>
				</SchemaData>
			</ExtendedData>
			<Point>
				<coordinates>78.20299999999997,15.40700000000001,0</coordinates>
			</Point>
		</Placemark>
		<Placemark>
			<styleUrl>#pointStyleMap0</styleUrl>
			<Style id="inline">
				<IconStyle>
					<color>ff0055ff</color>
					<colorMode>normal</colorMode>
					<Icon>
						<href>http://maps.google.com/mapfiles/kml/shapes/placemark_square.png</href>
					</Icon>
				</IconStyle>
				<LineStyle>
					<color>ff0055ff</color>
					<colorMode>normal</colorMode>
				</LineStyle>
				<PolyStyle>
					<color>ff0055ff</color>
					<colorMode>normal</colorMode>
				</PolyStyle>
			</Style>
			<ExtendedData>
				<SchemaData schemaUrl="#S_pmagsitesupdated_SSSSSS">
					<SimpleData name="Lat">15.399°</SimpleData>
					<SimpleData name="Long">78.198°</SimpleData>
					<SimpleData name="Dec">311.2°</SimpleData>
					<SimpleData name="Inc">+72.0°</SimpleData>
					<SimpleData name="Age">0.82-1.2</SimpleData>
					<SimpleData name="Reference">Wabo et al., 2022</SimpleData>
				</SchemaData>
			</ExtendedData>
			<Point>
				<coordinates>78.19799999999998,15.399,0</coordinates>
			</Point>
		</Placemark>
		<Placemark>
			<styleUrl>#pointStyleMap0</styleUrl>
			<Style id="inline">
				<IconStyle>
					<color>ff0055ff</color>
					<colorMode>normal</colorMode>
					<Icon>
						<href>http://maps.google.com/mapfiles/kml/shapes/placemark_square.png</href>
					</Icon>
				</IconStyle>
				<LineStyle>
					<color>ff0055ff</color>
					<colorMode>normal</colorMode>
				</LineStyle>
				<PolyStyle>
					<color>ff0055ff</color>
					<colorMode>normal</colorMode>
				</PolyStyle>
			</Style>
			<ExtendedData>
				<SchemaData schemaUrl="#S_pmagsitesupdated_SSSSSS">
					<SimpleData name="Lat">15.4°</SimpleData>
					<SimpleData name="Long">78.1°</SimpleData>
					<SimpleData name="Dec">162.8°</SimpleData>
					<SimpleData name="Inc">-74.1°</SimpleData>
					<SimpleData name="Age">0.82-1.2</SimpleData>
					<SimpleData name="Reference">de Kock et al., 2024</SimpleData>
				</SchemaData>
			</ExtendedData>
			<Point>
				<coordinates>78.10000000000002,15.40000000000001,0</coordinates>
			</Point>
		</Placemark>
		<Placemark>
			<styleUrl>#pointStyleMap0</styleUrl>
			<Style id="inline">
				<IconStyle>
					<color>ff0055ff</color>
					<colorMode>normal</colorMode>
					<Icon>
						<href>http://maps.google.com/mapfiles/kml/shapes/placemark_square.png</href>
					</Icon>
				</IconStyle>
				<LineStyle>
					<color>ff0055ff</color>
					<colorMode>normal</colorMode>
				</LineStyle>
				<PolyStyle>
					<color>ff0055ff</color>
					<colorMode>normal</colorMode>
				</PolyStyle>
			</Style>
			<ExtendedData>
				<SchemaData schemaUrl="#S_pmagsitesupdated_SSSSSS">
					<SimpleData name="Lat">15.2°</SimpleData>
					<SimpleData name="Long">78.6°</SimpleData>
					<SimpleData name="Dec">332.9°</SimpleData>
					<SimpleData name="Inc">+71.5°</SimpleData>
					<SimpleData name="Age">0.82-1.2</SimpleData>
					<SimpleData name="Reference">de Kock et al., 2024</SimpleData>
				</SchemaData>
			</ExtendedData>
			<Point>
				<coordinates>78.60000000000002,15.19999999999998,0</coordinates>
			</Point>
		</Placemark>
		<Placemark>
			<styleUrl>#pointStyleMap0</styleUrl>
			<Style id="inline">
				<IconStyle>
					<color>ff0055ff</color>
					<colorMode>normal</colorMode>
					<Icon>
						<href>http://maps.google.com/mapfiles/kml/shapes/placemark_square.png</href>
					</Icon>
				</IconStyle>
				<LineStyle>
					<color>ff0055ff</color>
					<colorMode>normal</colorMode>
				</LineStyle>
				<PolyStyle>
					<color>ff0055ff</color>
					<colorMode>normal</colorMode>
				</PolyStyle>
			</Style>
			<ExtendedData>
				<SchemaData schemaUrl="#S_pmagsitesupdated_SSSSSS">
					<SimpleData name="Lat">15.2°</SimpleData>
					<SimpleData name="Long">78.0°</SimpleData>
					<SimpleData name="Dec">325.7°</SimpleData>
					<SimpleData name="Inc">+89.2°</SimpleData>
					<SimpleData name="Age">0.82-1.2</SimpleData>
					<SimpleData name="Reference">de Kock et al., 2024</SimpleData>
				</SchemaData>
			</ExtendedData>
			<Point>
				<coordinates>78,15.19999999999998,0</coordinates>
			</Point>
		</Placemark>
		<Placemark>
			<styleUrl>#pointStyleMap0</styleUrl>
			<Style id="inline">
				<IconStyle>
					<color>ff0055ff</color>
					<colorMode>normal</colorMode>
					<Icon>
						<href>http://maps.google.com/mapfiles/kml/shapes/placemark_square.png</href>
					</Icon>
				</IconStyle>
				<LineStyle>
					<color>ff0055ff</color>
					<colorMode>normal</colorMode>
				</LineStyle>
				<PolyStyle>
					<color>ff0055ff</color>
					<colorMode>normal</colorMode>
				</PolyStyle>
			</Style>
			<ExtendedData>
				<SchemaData schemaUrl="#S_pmagsitesupdated_SSSSSS">
					<SimpleData name="Lat">15.4°</SimpleData>
					<SimpleData name="Long">78.2°</SimpleData>
					<SimpleData name="Dec">228.3°</SimpleData>
					<SimpleData name="Inc">+89.1°</SimpleData>
					<SimpleData name="Age">0.82-1.2</SimpleData>
					<SimpleData name="Reference">de Kock et al., 2024</SimpleData>
				</SchemaData>
			</ExtendedData>
			<Point>
				<coordinates>78.19999999999999,15.40000000000001,0</coordinates>
			</Point>
		</Placemark>
		<Placemark>
			<styleUrl>#pointStyleMap0</styleUrl>
			<Style id="inline">
				<IconStyle>
					<color>ff0055ff</color>
					<colorMode>normal</colorMode>
					<Icon>
						<href>http://maps.google.com/mapfiles/kml/shapes/placemark_square.png</href>
					</Icon>
				</IconStyle>
				<LineStyle>
					<color>ff0055ff</color>
					<colorMode>normal</colorMode>
				</LineStyle>
				<PolyStyle>
					<color>ff0055ff</color>
					<colorMode>normal</colorMode>
				</PolyStyle>
			</Style>
			<ExtendedData>
				<SchemaData schemaUrl="#S_pmagsitesupdated_SSSSSS">
					<SimpleData name="Lat">15.2°</SimpleData>
					<SimpleData name="Long">78.0°</SimpleData>
					<SimpleData name="Dec">189.4°</SimpleData>
					<SimpleData name="Inc">+81.4°</SimpleData>
					<SimpleData name="Age">0.82-1.2</SimpleData>
					<SimpleData name="Reference">de Kock et al., 2024</SimpleData>
				</SchemaData>
			</ExtendedData>
			<Point>
				<coordinates>78,15.19999999999998,0</coordinates>
			</Point>
		</Placemark>
		<Placemark>
			<styleUrl>#pointStyleMap0</styleUrl>
			<Style id="inline">
				<IconStyle>
					<color>ff0055ff</color>
					<colorMode>normal</colorMode>
					<Icon>
						<href>http://maps.google.com/mapfiles/kml/shapes/placemark_square.png</href>
					</Icon>
				</IconStyle>
				<LineStyle>
					<color>ff0055ff</color>
					<colorMode>normal</colorMode>
				</LineStyle>
				<PolyStyle>
					<color>ff0055ff</color>
					<colorMode>normal</colorMode>
				</PolyStyle>
			</Style>
			<ExtendedData>
				<SchemaData schemaUrl="#S_pmagsitesupdated_SSSSSS">
					<SimpleData name="Lat">15.2°</SimpleData>
					<SimpleData name="Long">78.0°</SimpleData>
					<SimpleData name="Dec">180.7°</SimpleData>
					<SimpleData name="Inc">+83.9°</SimpleData>
					<SimpleData name="Age">0.82-1.2</SimpleData>
					<SimpleData name="Reference">de Kock et al., 2024</SimpleData>
				</SchemaData>
			</ExtendedData>
			<Point>
				<coordinates>78,15.19999999999998,0</coordinates>
			</Point>
		</Placemark>
		<Placemark>
			<styleUrl>#pointStyleMap0</styleUrl>
			<Style id="inline">
				<IconStyle>
					<color>ff0055ff</color>
					<colorMode>normal</colorMode>
					<Icon>
						<href>http://maps.google.com/mapfiles/kml/shapes/placemark_square.png</href>
					</Icon>
				</IconStyle>
				<LineStyle>
					<color>ff0055ff</color>
					<colorMode>normal</colorMode>
				</LineStyle>
				<PolyStyle>
					<color>ff0055ff</color>
					<colorMode>normal</colorMode>
				</PolyStyle>
			</Style>
			<ExtendedData>
				<SchemaData schemaUrl="#S_pmagsitesupdated_SSSSSS">
					<SimpleData name="Lat">16.5°</SimpleData>
					<SimpleData name="Long">80.0°</SimpleData>
					<SimpleData name="Dec">269.0°</SimpleData>
					<SimpleData name="Inc">+81.5°</SimpleData>
					<SimpleData name="Age">0.82-1.2</SimpleData>
					<SimpleData name="Reference">de Kock et al., 2024</SimpleData>
				</SchemaData>
			</ExtendedData>
			<Point>
				<coordinates>80,16.49999999999998,0</coordinates>
			</Point>
		</Placemark>
		<Placemark>
			<styleUrl>#pointStyleMap0</styleUrl>
			<Style id="inline">
				<IconStyle>
					<color>ff0055ff</color>
					<colorMode>normal</colorMode>
					<Icon>
						<href>http://maps.google.com/mapfiles/kml/shapes/placemark_square.png</href>
					</Icon>
				</IconStyle>
				<LineStyle>
					<color>ff0055ff</color>
					<colorMode>normal</colorMode>
				</LineStyle>
				<PolyStyle>
					<color>ff0055ff</color>
					<colorMode>normal</colorMode>
				</PolyStyle>
			</Style>
			<ExtendedData>
				<SchemaData schemaUrl="#S_pmagsitesupdated_SSSSSS">
					<SimpleData name="Lat">15.5°</SimpleData>
					<SimpleData name="Long">78.3°</SimpleData>
					<SimpleData name="Dec">120.9°</SimpleData>
					<SimpleData name="Inc">-39.1°</SimpleData>
					<SimpleData name="Age">0.82-1.2</SimpleData>
					<SimpleData name="Reference">de Kock et al., 2024</SimpleData>
				</SchemaData>
			</ExtendedData>
			<Point>
				<coordinates>78.30000000000001,15.49999999999999,0</coordinates>
			</Point>
		</Placemark>
		<Placemark>
			<styleUrl>#pointStyleMap0</styleUrl>
			<Style id="inline">
				<IconStyle>
					<color>ff0055ff</color>
					<colorMode>normal</colorMode>
					<Icon>
						<href>http://maps.google.com/mapfiles/kml/shapes/placemark_square.png</href>
					</Icon>
				</IconStyle>
				<LineStyle>
					<color>ff0055ff</color>
					<colorMode>normal</colorMode>
				</LineStyle>
				<PolyStyle>
					<color>ff0055ff</color>
					<colorMode>normal</colorMode>
				</PolyStyle>
			</Style>
			<ExtendedData>
				<SchemaData schemaUrl="#S_pmagsitesupdated_SSSSSS">
					<SimpleData name="Lat">16.1°</SimpleData>
					<SimpleData name="Long">75.9°</SimpleData>
					<SimpleData name="Dec">8.7°</SimpleData>
					<SimpleData name="Inc">+79.9°</SimpleData>
					<SimpleData name="Age">0.82-1.2</SimpleData>
					<SimpleData name="Reference">Wabo et al., 2020</SimpleData>
				</SchemaData>
			</ExtendedData>
			<Point>
				<coordinates>75.89999999999999,16.1,0</coordinates>
			</Point>
		</Placemark>
		<Placemark>
			<styleUrl>#pointStyleMap0</styleUrl>
			<Style id="inline">
				<IconStyle>
					<color>ff0055ff</color>
					<colorMode>normal</colorMode>
					<Icon>
						<href>http://maps.google.com/mapfiles/kml/shapes/placemark_square.png</href>
					</Icon>
				</IconStyle>
				<LineStyle>
					<color>ff0055ff</color>
					<colorMode>normal</colorMode>
				</LineStyle>
				<PolyStyle>
					<color>ff0055ff</color>
					<colorMode>normal</colorMode>
				</PolyStyle>
			</Style>
			<ExtendedData>
				<SchemaData schemaUrl="#S_pmagsitesupdated_SSSSSS">
					<SimpleData name="Lat">16.1°</SimpleData>
					<SimpleData name="Long">75.9°</SimpleData>
					<SimpleData name="Dec">8.5°</SimpleData>
					<SimpleData name="Inc">+78.9°</SimpleData>
					<SimpleData name="Age">0.82-1.2</SimpleData>
					<SimpleData name="Reference">Wabo et al., 2020</SimpleData>
				</SchemaData>
			</ExtendedData>
			<Point>
				<coordinates>75.89999999999999,16.1,0</coordinates>
			</Point>
		</Placemark>
		<Placemark>
			<styleUrl>#pointStyleMap0</styleUrl>
			<Style id="inline">
				<IconStyle>
					<color>ff0055ff</color>
					<colorMode>normal</colorMode>
					<Icon>
						<href>http://maps.google.com/mapfiles/kml/shapes/placemark_square.png</href>
					</Icon>
				</IconStyle>
				<LineStyle>
					<color>ff0055ff</color>
					<colorMode>normal</colorMode>
				</LineStyle>
				<PolyStyle>
					<color>ff0055ff</color>
					<colorMode>normal</colorMode>
				</PolyStyle>
			</Style>
			<ExtendedData>
				<SchemaData schemaUrl="#S_pmagsitesupdated_SSSSSS">
					<SimpleData name="Lat">16.7°</SimpleData>
					<SimpleData name="Long">76.3°</SimpleData>
					<SimpleData name="Dec">134.1°</SimpleData>
					<SimpleData name="Inc">+81.7°</SimpleData>
					<SimpleData name="Age">0.82-1.2</SimpleData>
					<SimpleData name="Reference">Wabo et al., 2020</SimpleData>
				</SchemaData>
			</ExtendedData>
			<Point>
				<coordinates>76.30000000000001,16.69999999999997,0</coordinates>
			</Point>
		</Placemark>
		<Placemark>
			<styleUrl>#pointStyleMap0</styleUrl>
			<Style id="inline">
				<IconStyle>
					<color>ff0055ff</color>
					<colorMode>normal</colorMode>
					<Icon>
						<href>http://maps.google.com/mapfiles/kml/shapes/placemark_square.png</href>
					</Icon>
				</IconStyle>
				<LineStyle>
					<color>ff0055ff</color>
					<colorMode>normal</colorMode>
				</LineStyle>
				<PolyStyle>
					<color>ff0055ff</color>
					<colorMode>normal</colorMode>
				</PolyStyle>
			</Style>
			<ExtendedData>
				<SchemaData schemaUrl="#S_pmagsitesupdated_SSSSSS">
					<SimpleData name="Lat">16.5°</SimpleData>
					<SimpleData name="Long">76.4°</SimpleData>
					<SimpleData name="Dec">218.6°</SimpleData>
					<SimpleData name="Inc">+84.6°</SimpleData>
					<SimpleData name="Age">0.82-1.2</SimpleData>
					<SimpleData name="Reference">Wabo et al., 2020</SimpleData>
				</SchemaData>
			</ExtendedData>
			<Point>
				<coordinates>76.39999999999999,16.49999999999998,0</coordinates>
			</Point>
		</Placemark>
		<Placemark>
			<styleUrl>#pointStyleMap0</styleUrl>
			<Style id="inline">
				<IconStyle>
					<color>ff0055ff</color>
					<colorMode>normal</colorMode>
					<Icon>
						<href>http://maps.google.com/mapfiles/kml/shapes/placemark_square.png</href>
					</Icon>
				</IconStyle>
				<LineStyle>
					<color>ff0055ff</color>
					<colorMode>normal</colorMode>
				</LineStyle>
				<PolyStyle>
					<color>ff0055ff</color>
					<colorMode>normal</colorMode>
				</PolyStyle>
			</Style>
			<ExtendedData>
				<SchemaData schemaUrl="#S_pmagsitesupdated_SSSSSS">
					<SimpleData name="Lat">16.3°</SimpleData>
					<SimpleData name="Long">75.2°</SimpleData>
					<SimpleData name="Dec">244.0°</SimpleData>
					<SimpleData name="Inc">-83.2°</SimpleData>
					<SimpleData name="Age">0.82-1.2</SimpleData>
					<SimpleData name="Reference">Wabo et al., 2020</SimpleData>
				</SchemaData>
			</ExtendedData>
			<Point>
				<coordinates>75.2,16.30000000000003,0</coordinates>
			</Point>
		</Placemark>
		<Placemark>
			<styleUrl>#pointStyleMap0</styleUrl>
			<Style id="inline">
				<IconStyle>
					<color>ff0055ff</color>
					<colorMode>normal</colorMode>
					<Icon>
						<href>http://maps.google.com/mapfiles/kml/shapes/placemark_square.png</href>
					</Icon>
				</IconStyle>
				<LineStyle>
					<color>ff0055ff</color>
					<colorMode>normal</colorMode>
				</LineStyle>
				<PolyStyle>
					<color>ff0055ff</color>
					<colorMode>normal</colorMode>
				</PolyStyle>
			</Style>
			<ExtendedData>
				<SchemaData schemaUrl="#S_pmagsitesupdated_SSSSSS">
					<SimpleData name="Lat">19.7°</SimpleData>
					<SimpleData name="Long">78.9°</SimpleData>
					<SimpleData name="Dec">10.7°</SimpleData>
					<SimpleData name="Inc">82.7°</SimpleData>
					<SimpleData name="Age">0.82-1.2</SimpleData>
					<SimpleData name="Reference">de Kock et al., 2015</SimpleData>
				</SchemaData>
			</ExtendedData>
			<Point>
				<coordinates>78.89999999999998,19.7,0</coordinates>
			</Point>
		</Placemark>
		<Placemark>
			<styleUrl>#pointStyleMap0</styleUrl>
			<Style id="inline">
				<IconStyle>
					<color>ff0055ff</color>
					<colorMode>normal</colorMode>
					<Icon>
						<href>http://maps.google.com/mapfiles/kml/shapes/placemark_square.png</href>
					</Icon>
				</IconStyle>
				<LineStyle>
					<color>ff0055ff</color>
					<colorMode>normal</colorMode>
				</LineStyle>
				<PolyStyle>
					<color>ff0055ff</color>
					<colorMode>normal</colorMode>
				</PolyStyle>
			</Style>
			<ExtendedData>
				<SchemaData schemaUrl="#S_pmagsitesupdated_SSSSSS">
					<SimpleData name="Lat">19.7°</SimpleData>
					<SimpleData name="Long">78.5°</SimpleData>
					<SimpleData name="Dec">344.4°</SimpleData>
					<SimpleData name="Inc">69.9°</SimpleData>
					<SimpleData name="Age">0.82-1.2</SimpleData>
					<SimpleData name="Reference">de Kock et al., 2015</SimpleData>
				</SchemaData>
			</ExtendedData>
			<Point>
				<coordinates>78.5,19.7,0</coordinates>
			</Point>
		</Placemark>
		<Placemark>
			<styleUrl>#pointStyleMap0</styleUrl>
			<Style id="inline">
				<IconStyle>
					<color>ff0055ff</color>
					<colorMode>normal</colorMode>
					<Icon>
						<href>http://maps.google.com/mapfiles/kml/shapes/placemark_square.png</href>
					</Icon>
				</IconStyle>
				<LineStyle>
					<color>ff0055ff</color>
					<colorMode>normal</colorMode>
				</LineStyle>
				<PolyStyle>
					<color>ff0055ff</color>
					<colorMode>normal</colorMode>
				</PolyStyle>
			</Style>
			<ExtendedData>
				<SchemaData schemaUrl="#S_pmagsitesupdated_SSSSSS">
					<SimpleData name="Lat">19.7°</SimpleData>
					<SimpleData name="Long">78.0°</SimpleData>
					<SimpleData name="Dec">312.8°</SimpleData>
					<SimpleData name="Inc">64.9°</SimpleData>
					<SimpleData name="Age">0.82-1.2</SimpleData>
					<SimpleData name="Reference">de Kock et al., 2015</SimpleData>
				</SchemaData>
			</ExtendedData>
			<Point>
				<coordinates>78,19.7,0</coordinates>
			</Point>
		</Placemark>
		<Placemark>
			<styleUrl>#pointStyleMap0</styleUrl>
			<Style id="inline">
				<IconStyle>
					<color>ff0055ff</color>
					<colorMode>normal</colorMode>
					<Icon>
						<href>http://maps.google.com/mapfiles/kml/shapes/placemark_square.png</href>
					</Icon>
				</IconStyle>
				<LineStyle>
					<color>ff0055ff</color>
					<colorMode>normal</colorMode>
				</LineStyle>
				<PolyStyle>
					<color>ff0055ff</color>
					<colorMode>normal</colorMode>
				</PolyStyle>
			</Style>
			<ExtendedData>
				<SchemaData schemaUrl="#S_pmagsitesupdated_SSSSSS">
					<SimpleData name="Lat">19.7°</SimpleData>
					<SimpleData name="Long">78.6°</SimpleData>
					<SimpleData name="Dec">354.8°</SimpleData>
					<SimpleData name="Inc">72.8°</SimpleData>
					<SimpleData name="Age">0.82-1.2</SimpleData>
					<SimpleData name="Reference">de Kock et al., 2015</SimpleData>
				</SchemaData>
			</ExtendedData>
			<Point>
				<coordinates>78.60000000000002,19.7,0</coordinates>
			</Point>
		</Placemark>
		<Placemark>
			<styleUrl>#pointStyleMap0</styleUrl>
			<Style id="inline">
				<IconStyle>
					<color>ff0055ff</color>
					<colorMode>normal</colorMode>
					<Icon>
						<href>http://maps.google.com/mapfiles/kml/shapes/placemark_square.png</href>
					</Icon>
				</IconStyle>
				<LineStyle>
					<color>ff0055ff</color>
					<colorMode>normal</colorMode>
				</LineStyle>
				<PolyStyle>
					<color>ff0055ff</color>
					<colorMode>normal</colorMode>
				</PolyStyle>
			</Style>
			<ExtendedData>
				<SchemaData schemaUrl="#S_pmagsitesupdated_SSSSSS">
					<SimpleData name="Lat">21.6°</SimpleData>
					<SimpleData name="Long">83.1°</SimpleData>
					<SimpleData name="Dec">357.3°</SimpleData>
					<SimpleData name="Inc">70.3°</SimpleData>
					<SimpleData name="Age">0.82-1.2</SimpleData>
					<SimpleData name="Reference">de Kock et al., 2015</SimpleData>
				</SchemaData>
			</ExtendedData>
			<Point>
				<coordinates>83.10000000000004,21.59999999999998,0</coordinates>
			</Point>
		</Placemark>
		<Placemark>
			<styleUrl>#pointStyleMap0</styleUrl>
			<Style id="inline">
				<IconStyle>
					<color>ff0055ff</color>
					<colorMode>normal</colorMode>
					<Icon>
						<href>http://maps.google.com/mapfiles/kml/shapes/placemark_square.png</href>
					</Icon>
				</IconStyle>
				<LineStyle>
					<color>ff0055ff</color>
					<colorMode>normal</colorMode>
				</LineStyle>
				<PolyStyle>
					<color>ff0055ff</color>
					<colorMode>normal</colorMode>
				</PolyStyle>
			</Style>
			<ExtendedData>
				<SchemaData schemaUrl="#S_pmagsitesupdated_SSSSSS">
					<SimpleData name="Lat">21.7°</SimpleData>
					<SimpleData name="Long">83.2°</SimpleData>
					<SimpleData name="Dec">347.4°</SimpleData>
					<SimpleData name="Inc">71.8°</SimpleData>
					<SimpleData name="Age">0.82-1.2</SimpleData>
					<SimpleData name="Reference">de Kock et al., 2015</SimpleData>
				</SchemaData>
			</ExtendedData>
			<Point>
				<coordinates>83.19999999999997,21.7,0</coordinates>
			</Point>
		</Placemark>
		<Placemark>
			<styleUrl>#pointStyleMap0</styleUrl>
			<Style id="inline">
				<IconStyle>
					<color>ff0055ff</color>
					<colorMode>normal</colorMode>
					<Icon>
						<href>http://maps.google.com/mapfiles/kml/shapes/placemark_square.png</href>
					</Icon>
				</IconStyle>
				<LineStyle>
					<color>ff0055ff</color>
					<colorMode>normal</colorMode>
				</LineStyle>
				<PolyStyle>
					<color>ff0055ff</color>
					<colorMode>normal</colorMode>
				</PolyStyle>
			</Style>
			<ExtendedData>
				<SchemaData schemaUrl="#S_pmagsitesupdated_SSSSSS">
					<SimpleData name="Lat">25.844°</SimpleData>
					<SimpleData name="Long">70.948°</SimpleData>
					<SimpleData name="Dec">3°</SimpleData>
					<SimpleData name="Inc">63.8°</SimpleData>
					<SimpleData name="Age">0.768</SimpleData>
					<SimpleData name="Reference">Meert et al., 2013</SimpleData>
				</SchemaData>
			</ExtendedData>
			<Point>
				<coordinates>70.94799999999996,25.844,0</coordinates>
			</Point>
		</Placemark>
		<Placemark>
			<styleUrl>#pointStyleMap0</styleUrl>
			<Style id="inline">
				<IconStyle>
					<color>ff0055ff</color>
					<colorMode>normal</colorMode>
					<Icon>
						<href>http://maps.google.com/mapfiles/kml/shapes/placemark_square.png</href>
					</Icon>
				</IconStyle>
				<LineStyle>
					<color>ff0055ff</color>
					<colorMode>normal</colorMode>
				</LineStyle>
				<PolyStyle>
					<color>ff0055ff</color>
					<colorMode>normal</colorMode>
				</PolyStyle>
			</Style>
			<ExtendedData>
				<SchemaData schemaUrl="#S_pmagsitesupdated_SSSSSS">
					<SimpleData name="Lat">25.844°</SimpleData>
					<SimpleData name="Long">70.951°</SimpleData>
					<SimpleData name="Dec">11°</SimpleData>
					<SimpleData name="Inc">60.9°</SimpleData>
					<SimpleData name="Age">0.768</SimpleData>
					<SimpleData name="Reference">Meert et al., 2013</SimpleData>
				</SchemaData>
			</ExtendedData>
			<Point>
				<coordinates>70.95099999999999,25.844,0</coordinates>
			</Point>
		</Placemark>
		<Placemark>
			<styleUrl>#pointStyleMap0</styleUrl>
			<Style id="inline">
				<IconStyle>
					<color>ff0055ff</color>
					<colorMode>normal</colorMode>
					<Icon>
						<href>http://maps.google.com/mapfiles/kml/shapes/placemark_square.png</href>
					</Icon>
				</IconStyle>
				<LineStyle>
					<color>ff0055ff</color>
					<colorMode>normal</colorMode>
				</LineStyle>
				<PolyStyle>
					<color>ff0055ff</color>
					<colorMode>normal</colorMode>
				</PolyStyle>
			</Style>
			<ExtendedData>
				<SchemaData schemaUrl="#S_pmagsitesupdated_SSSSSS">
					<SimpleData name="Lat">25.842°</SimpleData>
					<SimpleData name="Long">70.944°</SimpleData>
					<SimpleData name="Dec">28°</SimpleData>
					<SimpleData name="Inc">60°</SimpleData>
					<SimpleData name="Age">0.768</SimpleData>
					<SimpleData name="Reference">Meert et al., 2013</SimpleData>
				</SchemaData>
			</ExtendedData>
			<Point>
				<coordinates>70.94400000000002,25.84199999999999,0</coordinates>
			</Point>
		</Placemark>
		<Placemark>
			<styleUrl>#pointStyleMap0</styleUrl>
			<Style id="inline">
				<IconStyle>
					<color>ff0055ff</color>
					<colorMode>normal</colorMode>
					<Icon>
						<href>http://maps.google.com/mapfiles/kml/shapes/placemark_square.png</href>
					</Icon>
				</IconStyle>
				<LineStyle>
					<color>ff0055ff</color>
					<colorMode>normal</colorMode>
				</LineStyle>
				<PolyStyle>
					<color>ff0055ff</color>
					<colorMode>normal</colorMode>
				</PolyStyle>
			</Style>
			<ExtendedData>
				<SchemaData schemaUrl="#S_pmagsitesupdated_SSSSSS">
					<SimpleData name="Lat">25.839°</SimpleData>
					<SimpleData name="Long">70.940°</SimpleData>
					<SimpleData name="Dec">24°</SimpleData>
					<SimpleData name="Inc">58°</SimpleData>
					<SimpleData name="Age">0.768</SimpleData>
					<SimpleData name="Reference">Meert et al., 2013</SimpleData>
				</SchemaData>
			</ExtendedData>
			<Point>
				<coordinates>70.94,25.83900000000001,0</coordinates>
			</Point>
		</Placemark>
		<Placemark>
			<styleUrl>#pointStyleMap0</styleUrl>
			<Style id="inline">
				<IconStyle>
					<color>ff0055ff</color>
					<colorMode>normal</colorMode>
					<Icon>
						<href>http://maps.google.com/mapfiles/kml/shapes/placemark_square.png</href>
					</Icon>
				</IconStyle>
				<LineStyle>
					<color>ff0055ff</color>
					<colorMode>normal</colorMode>
				</LineStyle>
				<PolyStyle>
					<color>ff0055ff</color>
					<colorMode>normal</colorMode>
				</PolyStyle>
			</Style>
			<ExtendedData>
				<SchemaData schemaUrl="#S_pmagsitesupdated_SSSSSS">
					<SimpleData name="Lat">26.125°</SimpleData>
					<SimpleData name="Long">73.565°</SimpleData>
					<SimpleData name="Dec">330°</SimpleData>
					<SimpleData name="Inc">68.4°</SimpleData>
					<SimpleData name="Age">0.768</SimpleData>
					<SimpleData name="Reference">Meert et al., 2013</SimpleData>
				</SchemaData>
			</ExtendedData>
			<Point>
				<coordinates>73.565,26.12500000000001,0</coordinates>
			</Point>
		</Placemark>
		<Placemark>
			<styleUrl>#pointStyleMap0</styleUrl>
			<Style id="inline">
				<IconStyle>
					<color>ff0055ff</color>
					<colorMode>normal</colorMode>
					<Icon>
						<href>http://maps.google.com/mapfiles/kml/shapes/placemark_square.png</href>
					</Icon>
				</IconStyle>
				<LineStyle>
					<color>ff0055ff</color>
					<colorMode>normal</colorMode>
				</LineStyle>
				<PolyStyle>
					<color>ff0055ff</color>
					<colorMode>normal</colorMode>
				</PolyStyle>
			</Style>
			<ExtendedData>
				<SchemaData schemaUrl="#S_pmagsitesupdated_SSSSSS">
					<SimpleData name="Lat">26.125°</SimpleData>
					<SimpleData name="Long">73.563°</SimpleData>
					<SimpleData name="Dec">341°</SimpleData>
					<SimpleData name="Inc">63.9°</SimpleData>
					<SimpleData name="Age">0.768</SimpleData>
					<SimpleData name="Reference">Meert et al., 2013</SimpleData>
				</SchemaData>
			</ExtendedData>
			<Point>
				<coordinates>73.56299999999999,26.12500000000001,0</coordinates>
			</Point>
		</Placemark>
		<Placemark>
			<styleUrl>#pointStyleMap0</styleUrl>
			<Style id="inline">
				<IconStyle>
					<color>ff0055ff</color>
					<colorMode>normal</colorMode>
					<Icon>
						<href>http://maps.google.com/mapfiles/kml/shapes/placemark_square.png</href>
					</Icon>
				</IconStyle>
				<LineStyle>
					<color>ff0055ff</color>
					<colorMode>normal</colorMode>
				</LineStyle>
				<PolyStyle>
					<color>ff0055ff</color>
					<colorMode>normal</colorMode>
				</PolyStyle>
			</Style>
			<ExtendedData>
				<SchemaData schemaUrl="#S_pmagsitesupdated_SSSSSS">
					<SimpleData name="Lat">26.099°</SimpleData>
					<SimpleData name="Long">73.539°</SimpleData>
					<SimpleData name="Dec">1°</SimpleData>
					<SimpleData name="Inc">60.5°</SimpleData>
					<SimpleData name="Age">0.768</SimpleData>
					<SimpleData name="Reference">Meert et al., 2013</SimpleData>
				</SchemaData>
			</ExtendedData>
			<Point>
				<coordinates>73.53899999999999,26.099,0</coordinates>
			</Point>
		</Placemark>
		<Placemark>
			<styleUrl>#pointStyleMap0</styleUrl>
			<Style id="inline">
				<IconStyle>
					<color>ff0055ff</color>
					<colorMode>normal</colorMode>
					<Icon>
						<href>http://maps.google.com/mapfiles/kml/shapes/placemark_square.png</href>
					</Icon>
				</IconStyle>
				<LineStyle>
					<color>ff0055ff</color>
					<colorMode>normal</colorMode>
				</LineStyle>
				<PolyStyle>
					<color>ff0055ff</color>
					<colorMode>normal</colorMode>
				</PolyStyle>
			</Style>
			<ExtendedData>
				<SchemaData schemaUrl="#S_pmagsitesupdated_SSSSSS">
					<SimpleData name="Lat">26.098°</SimpleData>
					<SimpleData name="Long">73.538°</SimpleData>
					<SimpleData name="Dec">7°</SimpleData>
					<SimpleData name="Inc">51.1°</SimpleData>
					<SimpleData name="Age">0.768</SimpleData>
					<SimpleData name="Reference">Meert et al., 2013</SimpleData>
				</SchemaData>
			</ExtendedData>
			<Point>
				<coordinates>73.53800000000003,26.09800000000003,0</coordinates>
			</Point>
		</Placemark>
		<Placemark>
			<styleUrl>#pointStyleMap0</styleUrl>
			<Style id="inline">
				<IconStyle>
					<color>ff0055ff</color>
					<colorMode>normal</colorMode>
					<Icon>
						<href>http://maps.google.com/mapfiles/kml/shapes/placemark_square.png</href>
					</Icon>
				</IconStyle>
				<LineStyle>
					<color>ff0055ff</color>
					<colorMode>normal</colorMode>
				</LineStyle>
				<PolyStyle>
					<color>ff0055ff</color>
					<colorMode>normal</colorMode>
				</PolyStyle>
			</Style>
			<ExtendedData>
				<SchemaData schemaUrl="#S_pmagsitesupdated_SSSSSS">
					<SimpleData name="Lat">26.097°</SimpleData>
					<SimpleData name="Long">73.538°</SimpleData>
					<SimpleData name="Dec">7°</SimpleData>
					<SimpleData name="Inc">55.6°</SimpleData>
					<SimpleData name="Age">0.768</SimpleData>
					<SimpleData name="Reference">Meert et al., 2013</SimpleData>
				</SchemaData>
			</ExtendedData>
			<Point>
				<coordinates>73.53800000000003,26.09700000000002,0</coordinates>
			</Point>
		</Placemark>
		<Placemark>
			<styleUrl>#pointStyleMap0</styleUrl>
			<Style id="inline">
				<IconStyle>
					<color>ff0055ff</color>
					<colorMode>normal</colorMode>
					<Icon>
						<href>http://maps.google.com/mapfiles/kml/shapes/placemark_square.png</href>
					</Icon>
				</IconStyle>
				<LineStyle>
					<color>ff0055ff</color>
					<colorMode>normal</colorMode>
				</LineStyle>
				<PolyStyle>
					<color>ff0055ff</color>
					<colorMode>normal</colorMode>
				</PolyStyle>
			</Style>
			<ExtendedData>
				<SchemaData schemaUrl="#S_pmagsitesupdated_SSSSSS">
					<SimpleData name="Lat">25.342°</SimpleData>
					<SimpleData name="Long">72.601°</SimpleData>
					<SimpleData name="Dec">351.4°</SimpleData>
					<SimpleData name="Inc">72.6°</SimpleData>
					<SimpleData name="Age">0.768</SimpleData>
					<SimpleData name="Reference">Gregory et al., 2009</SimpleData>
				</SchemaData>
			</ExtendedData>
			<Point>
				<coordinates>72.601,25.34199999999999,0</coordinates>
			</Point>
		</Placemark>
		<Placemark>
			<styleUrl>#pointStyleMap0</styleUrl>
			<Style id="inline">
				<IconStyle>
					<color>ff0055ff</color>
					<colorMode>normal</colorMode>
					<Icon>
						<href>http://maps.google.com/mapfiles/kml/shapes/placemark_square.png</href>
					</Icon>
				</IconStyle>
				<LineStyle>
					<color>ff0055ff</color>
					<colorMode>normal</colorMode>
				</LineStyle>
				<PolyStyle>
					<color>ff0055ff</color>
					<colorMode>normal</colorMode>
				</PolyStyle>
			</Style>
			<ExtendedData>
				<SchemaData schemaUrl="#S_pmagsitesupdated_SSSSSS">
					<SimpleData name="Lat">25.342°</SimpleData>
					<SimpleData name="Long">72.601°</SimpleData>
					<SimpleData name="Dec">195.3°</SimpleData>
					<SimpleData name="Inc">-59.7°</SimpleData>
					<SimpleData name="Age">0.768</SimpleData>
					<SimpleData name="Reference">Gregory et al., 2009</SimpleData>
				</SchemaData>
			</ExtendedData>
			<Point>
				<coordinates>72.601,25.34199999999999,0</coordinates>
			</Point>
		</Placemark>
		<Placemark>
			<styleUrl>#pointStyleMap0</styleUrl>
			<Style id="inline">
				<IconStyle>
					<color>ff0055ff</color>
					<colorMode>normal</colorMode>
					<Icon>
						<href>http://maps.google.com/mapfiles/kml/shapes/placemark_square.png</href>
					</Icon>
				</IconStyle>
				<LineStyle>
					<color>ff0055ff</color>
					<colorMode>normal</colorMode>
				</LineStyle>
				<PolyStyle>
					<color>ff0055ff</color>
					<colorMode>normal</colorMode>
				</PolyStyle>
			</Style>
			<ExtendedData>
				<SchemaData schemaUrl="#S_pmagsitesupdated_SSSSSS">
					<SimpleData name="Lat">25.341°</SimpleData>
					<SimpleData name="Long">72.601°</SimpleData>
					<SimpleData name="Dec">349.8°</SimpleData>
					<SimpleData name="Inc">61.8°</SimpleData>
					<SimpleData name="Age">0.768</SimpleData>
					<SimpleData name="Reference">Gregory et al., 2009</SimpleData>
				</SchemaData>
			</ExtendedData>
			<Point>
				<coordinates>72.601,25.34100000000003,0</coordinates>
			</Point>
		</Placemark>
		<Placemark>
			<styleUrl>#pointStyleMap0</styleUrl>
			<Style id="inline">
				<IconStyle>
					<color>ff0055ff</color>
					<colorMode>normal</colorMode>
					<Icon>
						<href>http://maps.google.com/mapfiles/kml/shapes/placemark_square.png</href>
					</Icon>
				</IconStyle>
				<LineStyle>
					<color>ff0055ff</color>
					<colorMode>normal</colorMode>
				</LineStyle>
				<PolyStyle>
					<color>ff0055ff</color>
					<colorMode>normal</colorMode>
				</PolyStyle>
			</Style>
			<ExtendedData>
				<SchemaData schemaUrl="#S_pmagsitesupdated_SSSSSS">
					<SimpleData name="Lat">25.341°</SimpleData>
					<SimpleData name="Long">72.616°</SimpleData>
					<SimpleData name="Dec">355.4°</SimpleData>
					<SimpleData name="Inc">58.2°</SimpleData>
					<SimpleData name="Age">0.768</SimpleData>
					<SimpleData name="Reference">Gregory et al., 2009</SimpleData>
				</SchemaData>
			</ExtendedData>
			<Point>
				<coordinates>72.61599999999999,25.34100000000003,0</coordinates>
			</Point>
		</Placemark>
		<Placemark>
			<styleUrl>#pointStyleMap0</styleUrl>
			<Style id="inline">
				<IconStyle>
					<color>ff0055ff</color>
					<colorMode>normal</colorMode>
					<Icon>
						<href>http://maps.google.com/mapfiles/kml/shapes/placemark_square.png</href>
					</Icon>
				</IconStyle>
				<LineStyle>
					<color>ff0055ff</color>
					<colorMode>normal</colorMode>
				</LineStyle>
				<PolyStyle>
					<color>ff0055ff</color>
					<colorMode>normal</colorMode>
				</PolyStyle>
			</Style>
			<ExtendedData>
				<SchemaData schemaUrl="#S_pmagsitesupdated_SSSSSS">
					<SimpleData name="Lat">26°</SimpleData>
					<SimpleData name="Long">73°</SimpleData>
					<SimpleData name="Dec">38.6°</SimpleData>
					<SimpleData name="Inc">70.6°</SimpleData>
					<SimpleData name="Age">0.768</SimpleData>
					<SimpleData name="Reference">Torsvik et al., 2001</SimpleData>
				</SchemaData>
			</ExtendedData>
			<Point>
				<coordinates>72.99999999999999,25.99999999999999,0</coordinates>
			</Point>
		</Placemark>
		<Placemark>
			<styleUrl>#pointStyleMap0</styleUrl>
			<Style id="inline">
				<IconStyle>
					<color>ff0055ff</color>
					<colorMode>normal</colorMode>
					<Icon>
						<href>http://maps.google.com/mapfiles/kml/shapes/placemark_square.png</href>
					</Icon>
				</IconStyle>
				<LineStyle>
					<color>ff0055ff</color>
					<colorMode>normal</colorMode>
				</LineStyle>
				<PolyStyle>
					<color>ff0055ff</color>
					<colorMode>normal</colorMode>
				</PolyStyle>
			</Style>
			<ExtendedData>
				<SchemaData schemaUrl="#S_pmagsitesupdated_SSSSSS">
					<SimpleData name="Lat">26.3°</SimpleData>
					<SimpleData name="Long">73°</SimpleData>
					<SimpleData name="Dec">17.2°</SimpleData>
					<SimpleData name="Inc">51.8°</SimpleData>
					<SimpleData name="Age">0.768</SimpleData>
					<SimpleData name="Reference">Torsvik et al., 2001</SimpleData>
				</SchemaData>
			</ExtendedData>
			<Point>
				<coordinates>72.99999999999999,26.29999999999999,0</coordinates>
			</Point>
		</Placemark>
		<Placemark>
			<styleUrl>#pointStyleMap0</styleUrl>
			<Style id="inline">
				<IconStyle>
					<color>ff0055ff</color>
					<colorMode>normal</colorMode>
					<Icon>
						<href>http://maps.google.com/mapfiles/kml/shapes/placemark_square.png</href>
					</Icon>
				</IconStyle>
				<LineStyle>
					<color>ff0055ff</color>
					<colorMode>normal</colorMode>
				</LineStyle>
				<PolyStyle>
					<color>ff0055ff</color>
					<colorMode>normal</colorMode>
				</PolyStyle>
			</Style>
			<ExtendedData>
				<SchemaData schemaUrl="#S_pmagsitesupdated_SSSSSS">
					<SimpleData name="Lat">26.3°</SimpleData>
					<SimpleData name="Long">72.6°</SimpleData>
					<SimpleData name="Dec">312.8°</SimpleData>
					<SimpleData name="Inc">72.3°</SimpleData>
					<SimpleData name="Age">0.768</SimpleData>
					<SimpleData name="Reference">Torsvik et al., 2001</SimpleData>
				</SchemaData>
			</ExtendedData>
			<Point>
				<coordinates>72.59999999999999,26.29999999999999,0</coordinates>
			</Point>
		</Placemark>
		<Placemark>
			<styleUrl>#pointStyleMap0</styleUrl>
			<Style id="inline">
				<IconStyle>
					<color>ff0055ff</color>
					<colorMode>normal</colorMode>
					<Icon>
						<href>http://maps.google.com/mapfiles/kml/shapes/placemark_square.png</href>
					</Icon>
				</IconStyle>
				<LineStyle>
					<color>ff0055ff</color>
					<colorMode>normal</colorMode>
				</LineStyle>
				<PolyStyle>
					<color>ff0055ff</color>
					<colorMode>normal</colorMode>
				</PolyStyle>
			</Style>
			<ExtendedData>
				<SchemaData schemaUrl="#S_pmagsitesupdated_SSSSSS">
					<SimpleData name="Lat">26.2°</SimpleData>
					<SimpleData name="Long">72.5°</SimpleData>
					<SimpleData name="Dec">356.2°</SimpleData>
					<SimpleData name="Inc">64.1°</SimpleData>
					<SimpleData name="Age">0.768</SimpleData>
					<SimpleData name="Reference">Torsvik et al., 2001</SimpleData>
				</SchemaData>
			</ExtendedData>
			<Point>
				<coordinates>72.49999999999999,26.19999999999999,0</coordinates>
			</Point>
		</Placemark>
		<Placemark>
			<styleUrl>#pointStyleMap0</styleUrl>
			<Style id="inline">
				<IconStyle>
					<color>ff0055ff</color>
					<colorMode>normal</colorMode>
					<Icon>
						<href>http://maps.google.com/mapfiles/kml/shapes/placemark_square.png</href>
					</Icon>
				</IconStyle>
				<LineStyle>
					<color>ff0055ff</color>
					<colorMode>normal</colorMode>
				</LineStyle>
				<PolyStyle>
					<color>ff0055ff</color>
					<colorMode>normal</colorMode>
				</PolyStyle>
			</Style>
			<ExtendedData>
				<SchemaData schemaUrl="#S_pmagsitesupdated_SSSSSS">
					<SimpleData name="Lat">26.4°</SimpleData>
					<SimpleData name="Long">72.5°</SimpleData>
					<SimpleData name="Dec">24.7°</SimpleData>
					<SimpleData name="Inc">46.7°</SimpleData>
					<SimpleData name="Age">0.768</SimpleData>
					<SimpleData name="Reference">Torsvik et al., 2001</SimpleData>
				</SchemaData>
			</ExtendedData>
			<Point>
				<coordinates>72.49999999999999,26.40000000000001,0</coordinates>
			</Point>
		</Placemark>
		<Placemark>
			<styleUrl>#pointStyleMap0</styleUrl>
			<Style id="inline">
				<IconStyle>
					<color>ff0055ff</color>
					<colorMode>normal</colorMode>
					<Icon>
						<href>http://maps.google.com/mapfiles/kml/shapes/placemark_square.png</href>
					</Icon>
				</IconStyle>
				<LineStyle>
					<color>ff0055ff</color>
					<colorMode>normal</colorMode>
				</LineStyle>
				<PolyStyle>
					<color>ff0055ff</color>
					<colorMode>normal</colorMode>
				</PolyStyle>
			</Style>
			<ExtendedData>
				<SchemaData schemaUrl="#S_pmagsitesupdated_SSSSSS">
					<SimpleData name="Lat">25.7°</SimpleData>
					<SimpleData name="Long">72.4°</SimpleData>
					<SimpleData name="Dec">354°</SimpleData>
					<SimpleData name="Inc">59.4°</SimpleData>
					<SimpleData name="Age">0.768</SimpleData>
					<SimpleData name="Reference">Torsvik et al., 2001</SimpleData>
				</SchemaData>
			</ExtendedData>
			<Point>
				<coordinates>72.40000000000001,25.69999999999998,0</coordinates>
			</Point>
		</Placemark>
		<Placemark>
			<styleUrl>#pointStyleMap0</styleUrl>
			<Style id="inline">
				<IconStyle>
					<color>ff0055ff</color>
					<colorMode>normal</colorMode>
					<Icon>
						<href>http://maps.google.com/mapfiles/kml/shapes/placemark_square.png</href>
					</Icon>
				</IconStyle>
				<LineStyle>
					<color>ff0055ff</color>
					<colorMode>normal</colorMode>
				</LineStyle>
				<PolyStyle>
					<color>ff0055ff</color>
					<colorMode>normal</colorMode>
				</PolyStyle>
			</Style>
			<ExtendedData>
				<SchemaData schemaUrl="#S_pmagsitesupdated_SSSSSS">
					<SimpleData name="Lat">25.2°</SimpleData>
					<SimpleData name="Long">72.6°</SimpleData>
					<SimpleData name="Dec">339.9°</SimpleData>
					<SimpleData name="Inc">64°</SimpleData>
					<SimpleData name="Age">0.768</SimpleData>
					<SimpleData name="Reference">Torsvik et al., 2001</SimpleData>
				</SchemaData>
			</ExtendedData>
			<Point>
				<coordinates>72.59999999999999,25.19999999999998,0</coordinates>
			</Point>
		</Placemark>
		<Placemark>
			<styleUrl>#pointStyleMap0</styleUrl>
			<Style id="inline">
				<IconStyle>
					<color>ff0055ff</color>
					<colorMode>normal</colorMode>
					<Icon>
						<href>http://maps.google.com/mapfiles/kml/shapes/placemark_square.png</href>
					</Icon>
				</IconStyle>
				<LineStyle>
					<color>ff0055ff</color>
					<colorMode>normal</colorMode>
				</LineStyle>
				<PolyStyle>
					<color>ff0055ff</color>
					<colorMode>normal</colorMode>
				</PolyStyle>
			</Style>
			<ExtendedData>
				<SchemaData schemaUrl="#S_pmagsitesupdated_SSSSSS">
					<SimpleData name="Lat">25.6°</SimpleData>
					<SimpleData name="Long">72.5°</SimpleData>
					<SimpleData name="Dec">57.5°</SimpleData>
					<SimpleData name="Inc">74°</SimpleData>
					<SimpleData name="Age">0.768</SimpleData>
					<SimpleData name="Reference">Torsvik et al., 2001</SimpleData>
				</SchemaData>
			</ExtendedData>
			<Point>
				<coordinates>72.49999999999999,25.6,0</coordinates>
			</Point>
		</Placemark>
		<Placemark>
			<styleUrl>#pointStyleMap0</styleUrl>
			<Style id="inline">
				<IconStyle>
					<color>ff0055ff</color>
					<colorMode>normal</colorMode>
					<Icon>
						<href>http://maps.google.com/mapfiles/kml/shapes/placemark_square.png</href>
					</Icon>
				</IconStyle>
				<LineStyle>
					<color>ff0055ff</color>
					<colorMode>normal</colorMode>
				</LineStyle>
				<PolyStyle>
					<color>ff0055ff</color>
					<colorMode>normal</colorMode>
				</PolyStyle>
			</Style>
			<ExtendedData>
				<SchemaData schemaUrl="#S_pmagsitesupdated_SSSSSS">
					<SimpleData name="Lat">25.7°</SimpleData>
					<SimpleData name="Long">72.4°</SimpleData>
					<SimpleData name="Dec">12.7°</SimpleData>
					<SimpleData name="Inc">62.1°</SimpleData>
					<SimpleData name="Age">0.768</SimpleData>
					<SimpleData name="Reference">Torsvik et al., 2001</SimpleData>
				</SchemaData>
			</ExtendedData>
			<Point>
				<coordinates>72.40000000000001,25.69999999999998,0</coordinates>
			</Point>
		</Placemark>
		<Placemark>
			<styleUrl>#pointStyleMap0</styleUrl>
			<Style id="inline">
				<IconStyle>
					<color>ff0055ff</color>
					<colorMode>normal</colorMode>
					<Icon>
						<href>http://maps.google.com/mapfiles/kml/shapes/placemark_square.png</href>
					</Icon>
				</IconStyle>
				<LineStyle>
					<color>ff0055ff</color>
					<colorMode>normal</colorMode>
				</LineStyle>
				<PolyStyle>
					<color>ff0055ff</color>
					<colorMode>normal</colorMode>
				</PolyStyle>
			</Style>
			<ExtendedData>
				<SchemaData schemaUrl="#S_pmagsitesupdated_SSSSSS">
					<SimpleData name="Lat">26.3°</SimpleData>
					<SimpleData name="Long">73°</SimpleData>
					<SimpleData name="Dec">3.9°</SimpleData>
					<SimpleData name="Inc">62.5°</SimpleData>
					<SimpleData name="Age">0.768</SimpleData>
					<SimpleData name="Reference">Klootwijk, 1975</SimpleData>
				</SchemaData>
			</ExtendedData>
			<Point>
				<coordinates>72.99999999999999,26.29999999999999,0</coordinates>
			</Point>
		</Placemark>
		<Placemark>
			<styleUrl>#pointStyleMap0</styleUrl>
			<Style id="inline">
				<IconStyle>
					<color>ff0055ff</color>
					<colorMode>normal</colorMode>
					<Icon>
						<href>http://maps.google.com/mapfiles/kml/shapes/placemark_square.png</href>
					</Icon>
				</IconStyle>
				<LineStyle>
					<color>ff0055ff</color>
					<colorMode>normal</colorMode>
				</LineStyle>
				<PolyStyle>
					<color>ff0055ff</color>
					<colorMode>normal</colorMode>
				</PolyStyle>
			</Style>
			<ExtendedData>
				<SchemaData schemaUrl="#S_pmagsitesupdated_SSSSSS">
					<SimpleData name="Lat">26.3°</SimpleData>
					<SimpleData name="Long">73°</SimpleData>
					<SimpleData name="Dec">23.5°</SimpleData>
					<SimpleData name="Inc">82.5°</SimpleData>
					<SimpleData name="Age">0.768</SimpleData>
					<SimpleData name="Reference">Klootwijk, 1975</SimpleData>
				</SchemaData>
			</ExtendedData>
			<Point>
				<coordinates>72.99999999999999,26.29999999999999,0</coordinates>
			</Point>
		</Placemark>
		<Placemark>
			<styleUrl>#pointStyleMap0</styleUrl>
			<Style id="inline">
				<IconStyle>
					<color>ff0055ff</color>
					<colorMode>normal</colorMode>
					<Icon>
						<href>http://maps.google.com/mapfiles/kml/shapes/placemark_square.png</href>
					</Icon>
				</IconStyle>
				<LineStyle>
					<color>ff0055ff</color>
					<colorMode>normal</colorMode>
				</LineStyle>
				<PolyStyle>
					<color>ff0055ff</color>
					<colorMode>normal</colorMode>
				</PolyStyle>
			</Style>
			<ExtendedData>
				<SchemaData schemaUrl="#S_pmagsitesupdated_SSSSSS">
					<SimpleData name="Lat">25.8°</SimpleData>
					<SimpleData name="Long">72.2°</SimpleData>
					<SimpleData name="Dec">340°</SimpleData>
					<SimpleData name="Inc">45°</SimpleData>
					<SimpleData name="Age">0.768</SimpleData>
					<SimpleData name="Reference">Klootwijk, 1975</SimpleData>
				</SchemaData>
			</ExtendedData>
			<Point>
				<coordinates>72.19999999999997,25.8,0</coordinates>
			</Point>
		</Placemark>
		<Placemark>
			<styleUrl>#pointStyleMap0</styleUrl>
			<Style id="inline">
				<IconStyle>
					<color>ff0055ff</color>
					<colorMode>normal</colorMode>
					<Icon>
						<href>http://maps.google.com/mapfiles/kml/shapes/placemark_square.png</href>
					</Icon>
				</IconStyle>
				<LineStyle>
					<color>ff0055ff</color>
					<colorMode>normal</colorMode>
				</LineStyle>
				<PolyStyle>
					<color>ff0055ff</color>
					<colorMode>normal</colorMode>
				</PolyStyle>
			</Style>
			<ExtendedData>
				<SchemaData schemaUrl="#S_pmagsitesupdated_SSSSSS">
					<SimpleData name="Lat">25.8°</SimpleData>
					<SimpleData name="Long">72.2°</SimpleData>
					<SimpleData name="Dec">346.5°</SimpleData>
					<SimpleData name="Inc">52°</SimpleData>
					<SimpleData name="Age">0.768</SimpleData>
					<SimpleData name="Reference">Klootwijk, 1975</SimpleData>
				</SchemaData>
			</ExtendedData>
			<Point>
				<coordinates>72.19999999999997,25.8,0</coordinates>
			</Point>
		</Placemark>
		<Placemark>
			<styleUrl>#pointStyleMap0</styleUrl>
			<Style id="inline">
				<IconStyle>
					<color>ff0055ff</color>
					<colorMode>normal</colorMode>
					<Icon>
						<href>http://maps.google.com/mapfiles/kml/shapes/placemark_square.png</href>
					</Icon>
				</IconStyle>
				<LineStyle>
					<color>ff0055ff</color>
					<colorMode>normal</colorMode>
				</LineStyle>
				<PolyStyle>
					<color>ff0055ff</color>
					<colorMode>normal</colorMode>
				</PolyStyle>
			</Style>
			<ExtendedData>
				<SchemaData schemaUrl="#S_pmagsitesupdated_SSSSSS">
					<SimpleData name="Lat">25.8°</SimpleData>
					<SimpleData name="Long">72.2°</SimpleData>
					<SimpleData name="Dec">337°</SimpleData>
					<SimpleData name="Inc">54.5°</SimpleData>
					<SimpleData name="Age">0.768</SimpleData>
					<SimpleData name="Reference">Klootwijk, 1975</SimpleData>
				</SchemaData>
			</ExtendedData>
			<Point>
				<coordinates>72.19999999999997,25.8,0</coordinates>
			</Point>
		</Placemark>
		<Placemark>
			<styleUrl>#pointStyleMap0</styleUrl>
			<Style id="inline">
				<IconStyle>
					<color>ff0055ff</color>
					<colorMode>normal</colorMode>
					<Icon>
						<href>http://maps.google.com/mapfiles/kml/shapes/placemark_square.png</href>
					</Icon>
				</IconStyle>
				<LineStyle>
					<color>ff0055ff</color>
					<colorMode>normal</colorMode>
				</LineStyle>
				<PolyStyle>
					<color>ff0055ff</color>
					<colorMode>normal</colorMode>
				</PolyStyle>
			</Style>
			<ExtendedData>
				<SchemaData schemaUrl="#S_pmagsitesupdated_SSSSSS">
					<SimpleData name="Lat">25.7°</SimpleData>
					<SimpleData name="Long">73.2°</SimpleData>
					<SimpleData name="Dec">345°</SimpleData>
					<SimpleData name="Inc">81°</SimpleData>
					<SimpleData name="Age">0.768</SimpleData>
					<SimpleData name="Reference">Klootwijk, 1975</SimpleData>
				</SchemaData>
			</ExtendedData>
			<Point>
				<coordinates>73.19999999999997,25.69999999999998,0</coordinates>
			</Point>
		</Placemark>
		<Placemark>
			<styleUrl>#pointStyleMap0</styleUrl>
			<Style id="inline">
				<IconStyle>
					<color>ff0055ff</color>
					<colorMode>normal</colorMode>
					<Icon>
						<href>http://maps.google.com/mapfiles/kml/shapes/placemark_square.png</href>
					</Icon>
				</IconStyle>
				<LineStyle>
					<color>ff0055ff</color>
					<colorMode>normal</colorMode>
				</LineStyle>
				<PolyStyle>
					<color>ff0055ff</color>
					<colorMode>normal</colorMode>
				</PolyStyle>
			</Style>
			<ExtendedData>
				<SchemaData schemaUrl="#S_pmagsitesupdated_SSSSSS">
					<SimpleData name="Lat">10.520°</SimpleData>
					<SimpleData name="Long">77.797°</SimpleData>
					<SimpleData name="Dec">88.3°</SimpleData>
					<SimpleData name="Inc">-26.4°</SimpleData>
					<SimpleData name="Age">0.55</SimpleData>
					<SimpleData name="Reference">Satyanarayana et al., 2003</SimpleData>
				</SchemaData>
			</ExtendedData>
			<Point>
				<coordinates>77.79700000000003,10.52000000000001,0</coordinates>
			</Point>
		</Placemark>
		<Placemark>
			<styleUrl>#pointStyleMap0</styleUrl>
			<Style id="inline">
				<IconStyle>
					<color>ff0055ff</color>
					<colorMode>normal</colorMode>
					<Icon>
						<href>http://maps.google.com/mapfiles/kml/shapes/placemark_square.png</href>
					</Icon>
				</IconStyle>
				<LineStyle>
					<color>ff0055ff</color>
					<colorMode>normal</colorMode>
				</LineStyle>
				<PolyStyle>
					<color>ff0055ff</color>
					<colorMode>normal</colorMode>
				</PolyStyle>
			</Style>
			<ExtendedData>
				<SchemaData schemaUrl="#S_pmagsitesupdated_SSSSSS">
					<SimpleData name="Lat">10.475°</SimpleData>
					<SimpleData name="Long">77.729°</SimpleData>
					<SimpleData name="Dec">92.3°</SimpleData>
					<SimpleData name="Inc">-20.2°</SimpleData>
					<SimpleData name="Age">0.55</SimpleData>
					<SimpleData name="Reference">Satyanarayana et al., 2003</SimpleData>
				</SchemaData>
			</ExtendedData>
			<Point>
				<coordinates>77.72899999999998,10.475,0</coordinates>
			</Point>
		</Placemark>
		<Placemark>
			<styleUrl>#pointStyleMap0</styleUrl>
			<Style id="inline">
				<IconStyle>
					<color>ff0055ff</color>
					<colorMode>normal</colorMode>
					<Icon>
						<href>http://maps.google.com/mapfiles/kml/shapes/placemark_square.png</href>
					</Icon>
				</IconStyle>
				<LineStyle>
					<color>ff0055ff</color>
					<colorMode>normal</colorMode>
				</LineStyle>
				<PolyStyle>
					<color>ff0055ff</color>
					<colorMode>normal</colorMode>
				</PolyStyle>
			</Style>
			<ExtendedData>
				<SchemaData schemaUrl="#S_pmagsitesupdated_SSSSSS">
					<SimpleData name="Lat">10.475°</SimpleData>
					<SimpleData name="Long">77.729°</SimpleData>
					<SimpleData name="Dec">102.6°</SimpleData>
					<SimpleData name="Inc">-29.8°</SimpleData>
					<SimpleData name="Age">0.55</SimpleData>
					<SimpleData name="Reference">Satyanarayana et al., 2003</SimpleData>
				</SchemaData>
			</ExtendedData>
			<Point>
				<coordinates>77.72899999999998,10.475,0</coordinates>
			</Point>
		</Placemark>
		<Placemark>
			<styleUrl>#pointStyleMap0</styleUrl>
			<Style id="inline">
				<IconStyle>
					<color>ff0055ff</color>
					<colorMode>normal</colorMode>
					<Icon>
						<href>http://maps.google.com/mapfiles/kml/shapes/placemark_square.png</href>
					</Icon>
				</IconStyle>
				<LineStyle>
					<color>ff0055ff</color>
					<colorMode>normal</colorMode>
				</LineStyle>
				<PolyStyle>
					<color>ff0055ff</color>
					<colorMode>normal</colorMode>
				</PolyStyle>
			</Style>
			<ExtendedData>
				<SchemaData schemaUrl="#S_pmagsitesupdated_SSSSSS">
					<SimpleData name="Lat">10.475°</SimpleData>
					<SimpleData name="Long">77.729°</SimpleData>
					<SimpleData name="Dec">88.0°</SimpleData>
					<SimpleData name="Inc">-20</SimpleData>
					<SimpleData name="Age">0.55</SimpleData>
					<SimpleData name="Reference">Satyanarayana et al., 2003</SimpleData>
				</SchemaData>
			</ExtendedData>
			<Point>
				<coordinates>77.72899999999998,10.475,0</coordinates>
			</Point>
		</Placemark>
		<Placemark>
			<styleUrl>#pointStyleMap0</styleUrl>
			<Style id="inline">
				<IconStyle>
					<color>ff0055ff</color>
					<colorMode>normal</colorMode>
					<Icon>
						<href>http://maps.google.com/mapfiles/kml/shapes/placemark_square.png</href>
					</Icon>
				</IconStyle>
				<LineStyle>
					<color>ff0055ff</color>
					<colorMode>normal</colorMode>
				</LineStyle>
				<PolyStyle>
					<color>ff0055ff</color>
					<colorMode>normal</colorMode>
				</PolyStyle>
			</Style>
			<ExtendedData>
				<SchemaData schemaUrl="#S_pmagsitesupdated_SSSSSS">
					<SimpleData name="Lat">10.475°</SimpleData>
					<SimpleData name="Long">77.729°</SimpleData>
					<SimpleData name="Dec">97.0°</SimpleData>
					<SimpleData name="Inc">-31.0°</SimpleData>
					<SimpleData name="Age">0.55</SimpleData>
					<SimpleData name="Reference">Satyanarayana et al., 2003</SimpleData>
				</SchemaData>
			</ExtendedData>
			<Point>
				<coordinates>77.72899999999998,10.475,0</coordinates>
			</Point>
		</Placemark>
		<Placemark>
			<styleUrl>#pointStyleMap0</styleUrl>
			<Style id="inline">
				<IconStyle>
					<color>ff0055ff</color>
					<colorMode>normal</colorMode>
					<Icon>
						<href>http://maps.google.com/mapfiles/kml/shapes/placemark_square.png</href>
					</Icon>
				</IconStyle>
				<LineStyle>
					<color>ff0055ff</color>
					<colorMode>normal</colorMode>
				</LineStyle>
				<PolyStyle>
					<color>ff0055ff</color>
					<colorMode>normal</colorMode>
				</PolyStyle>
			</Style>
			<ExtendedData>
				<SchemaData schemaUrl="#S_pmagsitesupdated_SSSSSS">
					<SimpleData name="Lat">10.458°</SimpleData>
					<SimpleData name="Long">77.669°</SimpleData>
					<SimpleData name="Dec">106.9°</SimpleData>
					<SimpleData name="Inc">-32.6°</SimpleData>
					<SimpleData name="Age">0.55</SimpleData>
					<SimpleData name="Reference">Satyanarayana et al., 2003</SimpleData>
				</SchemaData>
			</ExtendedData>
			<Point>
				<coordinates>77.669,10.45800000000001,0</coordinates>
			</Point>
		</Placemark>
		<Placemark>
			<styleUrl>#pointStyleMap0</styleUrl>
			<Style id="inline">
				<IconStyle>
					<color>ff0055ff</color>
					<colorMode>normal</colorMode>
					<Icon>
						<href>http://maps.google.com/mapfiles/kml/shapes/placemark_square.png</href>
					</Icon>
				</IconStyle>
				<LineStyle>
					<color>ff0055ff</color>
					<colorMode>normal</colorMode>
				</LineStyle>
				<PolyStyle>
					<color>ff0055ff</color>
					<colorMode>normal</colorMode>
				</PolyStyle>
			</Style>
			<ExtendedData>
				<SchemaData schemaUrl="#S_pmagsitesupdated_SSSSSS">
					<SimpleData name="Lat">10.462°</SimpleData>
					<SimpleData name="Long">77.654°</SimpleData>
					<SimpleData name="Dec">90.8°</SimpleData>
					<SimpleData name="Inc">-28.9°</SimpleData>
					<SimpleData name="Age">0.55</SimpleData>
					<SimpleData name="Reference">Satyanarayana et al., 2003</SimpleData>
				</SchemaData>
			</ExtendedData>
			<Point>
				<coordinates>77.65400000000001,10.46199999999999,0</coordinates>
			</Point>
		</Placemark>
		<Placemark>
			<styleUrl>#pointStyleMap0</styleUrl>
			<Style id="inline">
				<IconStyle>
					<color>ff0055ff</color>
					<colorMode>normal</colorMode>
					<Icon>
						<href>http://maps.google.com/mapfiles/kml/shapes/placemark_square.png</href>
					</Icon>
				</IconStyle>
				<LineStyle>
					<color>ff0055ff</color>
					<colorMode>normal</colorMode>
				</LineStyle>
				<PolyStyle>
					<color>ff0055ff</color>
					<colorMode>normal</colorMode>
				</PolyStyle>
			</Style>
			<ExtendedData>
				<SchemaData schemaUrl="#S_pmagsitesupdated_SSSSSS">
					<SimpleData name="Lat">10.462°</SimpleData>
					<SimpleData name="Long">77.654°</SimpleData>
					<SimpleData name="Dec">94.1°</SimpleData>
					<SimpleData name="Inc">-44.8°</SimpleData>
					<SimpleData name="Age">0.55</SimpleData>
					<SimpleData name="Reference">Satyanarayana et al., 2003</SimpleData>
				</SchemaData>
			</ExtendedData>
			<Point>
				<coordinates>77.65400000000001,10.46199999999999,0</coordinates>
			</Point>
		</Placemark>
		<Placemark>
			<styleUrl>#pointStyleMap0</styleUrl>
			<Style id="inline">
				<IconStyle>
					<color>ff0055ff</color>
					<colorMode>normal</colorMode>
					<Icon>
						<href>http://maps.google.com/mapfiles/kml/shapes/placemark_square.png</href>
					</Icon>
				</IconStyle>
				<LineStyle>
					<color>ff0055ff</color>
					<colorMode>normal</colorMode>
				</LineStyle>
				<PolyStyle>
					<color>ff0055ff</color>
					<colorMode>normal</colorMode>
				</PolyStyle>
			</Style>
			<ExtendedData>
				<SchemaData schemaUrl="#S_pmagsitesupdated_SSSSSS">
					<SimpleData name="Lat">27°</SimpleData>
					<SimpleData name="Long">73°</SimpleData>
					<SimpleData name="Dec">274°</SimpleData>
					<SimpleData name="Inc">3°</SimpleData>
					<SimpleData name="Age">0.55</SimpleData>
					<SimpleData name="Reference">Davis et al., 2014</SimpleData>
				</SchemaData>
			</ExtendedData>
			<Point>
				<coordinates>72.99999999999999,26.99999999999999,0</coordinates>
			</Point>
		</Placemark>
		<Placemark>
			<styleUrl>#pointStyleMap0</styleUrl>
			<Style id="inline">
				<IconStyle>
					<color>ff0055ff</color>
					<colorMode>normal</colorMode>
					<Icon>
						<href>http://maps.google.com/mapfiles/kml/shapes/placemark_square.png</href>
					</Icon>
				</IconStyle>
				<LineStyle>
					<color>ff0055ff</color>
					<colorMode>normal</colorMode>
				</LineStyle>
				<PolyStyle>
					<color>ff0055ff</color>
					<colorMode>normal</colorMode>
				</PolyStyle>
			</Style>
			<ExtendedData>
				<SchemaData schemaUrl="#S_pmagsitesupdated_SSSSSS">
					<SimpleData name="Lat">27°</SimpleData>
					<SimpleData name="Long">73°</SimpleData>
					<SimpleData name="Dec">81°</SimpleData>
					<SimpleData name="Inc">-1°</SimpleData>
					<SimpleData name="Age">0.55</SimpleData>
					<SimpleData name="Reference">Davis et al., 2014</SimpleData>
				</SchemaData>
			</ExtendedData>
			<Point>
				<coordinates>72.99999999999999,26.99999999999999,0</coordinates>
			</Point>
		</Placemark>
		<Placemark>
			<styleUrl>#pointStyleMap0</styleUrl>
			<Style id="inline">
				<IconStyle>
					<color>ff0055ff</color>
					<colorMode>normal</colorMode>
					<Icon>
						<href>http://maps.google.com/mapfiles/kml/shapes/placemark_square.png</href>
					</Icon>
				</IconStyle>
				<LineStyle>
					<color>ff0055ff</color>
					<colorMode>normal</colorMode>
				</LineStyle>
				<PolyStyle>
					<color>ff0055ff</color>
					<colorMode>normal</colorMode>
				</PolyStyle>
			</Style>
			<ExtendedData>
				<SchemaData schemaUrl="#S_pmagsitesupdated_SSSSSS">
					<SimpleData name="Lat">27°</SimpleData>
					<SimpleData name="Long">73°</SimpleData>
					<SimpleData name="Dec">66°</SimpleData>
					<SimpleData name="Inc">-11°</SimpleData>
					<SimpleData name="Age">0.55</SimpleData>
					<SimpleData name="Reference">Davis et al., 2014</SimpleData>
				</SchemaData>
			</ExtendedData>
			<Point>
				<coordinates>72.99999999999999,26.99999999999999,0</coordinates>
			</Point>
		</Placemark>
		<Placemark>
			<styleUrl>#pointStyleMap0</styleUrl>
			<Style id="inline">
				<IconStyle>
					<color>ff0055ff</color>
					<colorMode>normal</colorMode>
					<Icon>
						<href>http://maps.google.com/mapfiles/kml/shapes/placemark_square.png</href>
					</Icon>
				</IconStyle>
				<LineStyle>
					<color>ff0055ff</color>
					<colorMode>normal</colorMode>
				</LineStyle>
				<PolyStyle>
					<color>ff0055ff</color>
					<colorMode>normal</colorMode>
				</PolyStyle>
			</Style>
			<ExtendedData>
				<SchemaData schemaUrl="#S_pmagsitesupdated_SSSSSS">
					<SimpleData name="Lat">27°</SimpleData>
					<SimpleData name="Long">73°</SimpleData>
					<SimpleData name="Dec">96°</SimpleData>
					<SimpleData name="Inc">10°</SimpleData>
					<SimpleData name="Age">0.55</SimpleData>
					<SimpleData name="Reference">Davis et al., 2014</SimpleData>
				</SchemaData>
			</ExtendedData>
			<Point>
				<coordinates>72.99999999999999,26.99999999999999,0</coordinates>
			</Point>
		</Placemark>
		<Placemark>
			<styleUrl>#pointStyleMap0</styleUrl>
			<Style id="inline">
				<IconStyle>
					<color>ff0055ff</color>
					<colorMode>normal</colorMode>
					<Icon>
						<href>http://maps.google.com/mapfiles/kml/shapes/placemark_square.png</href>
					</Icon>
				</IconStyle>
				<LineStyle>
					<color>ff0055ff</color>
					<colorMode>normal</colorMode>
				</LineStyle>
				<PolyStyle>
					<color>ff0055ff</color>
					<colorMode>normal</colorMode>
				</PolyStyle>
			</Style>
			<ExtendedData>
				<SchemaData schemaUrl="#S_pmagsitesupdated_SSSSSS">
					<SimpleData name="Lat">27°</SimpleData>
					<SimpleData name="Long">73°</SimpleData>
					<SimpleData name="Dec">83°</SimpleData>
					<SimpleData name="Inc">-17°</SimpleData>
					<SimpleData name="Age">0.55</SimpleData>
					<SimpleData name="Reference">Davis et al., 2014</SimpleData>
				</SchemaData>
			</ExtendedData>
			<Point>
				<coordinates>72.99999999999999,26.99999999999999,0</coordinates>
			</Point>
		</Placemark>
		<Placemark>
			<styleUrl>#pointStyleMap0</styleUrl>
			<Style id="inline">
				<IconStyle>
					<color>ff0055ff</color>
					<colorMode>normal</colorMode>
					<Icon>
						<href>http://maps.google.com/mapfiles/kml/shapes/placemark_square.png</href>
					</Icon>
				</IconStyle>
				<LineStyle>
					<color>ff0055ff</color>
					<colorMode>normal</colorMode>
				</LineStyle>
				<PolyStyle>
					<color>ff0055ff</color>
					<colorMode>normal</colorMode>
				</PolyStyle>
			</Style>
			<ExtendedData>
				<SchemaData schemaUrl="#S_pmagsitesupdated_SSSSSS">
					<SimpleData name="Lat">27°</SimpleData>
					<SimpleData name="Long">73°</SimpleData>
					<SimpleData name="Dec">279°</SimpleData>
					<SimpleData name="Inc">9°</SimpleData>
					<SimpleData name="Age">0.55</SimpleData>
					<SimpleData name="Reference">Davis et al., 2014</SimpleData>
				</SchemaData>
			</ExtendedData>
			<Point>
				<coordinates>72.99999999999999,26.99999999999999,0</coordinates>
			</Point>
		</Placemark>
		<Placemark>
			<styleUrl>#pointStyleMap0</styleUrl>
			<Style id="inline">
				<IconStyle>
					<color>ff0055ff</color>
					<colorMode>normal</colorMode>
					<Icon>
						<href>http://maps.google.com/mapfiles/kml/shapes/placemark_square.png</href>
					</Icon>
				</IconStyle>
				<LineStyle>
					<color>ff0055ff</color>
					<colorMode>normal</colorMode>
				</LineStyle>
				<PolyStyle>
					<color>ff0055ff</color>
					<colorMode>normal</colorMode>
				</PolyStyle>
			</Style>
			<ExtendedData>
				<SchemaData schemaUrl="#S_pmagsitesupdated_SSSSSS">
					<SimpleData name="Lat">27°</SimpleData>
					<SimpleData name="Long">73°</SimpleData>
					<SimpleData name="Dec">108°</SimpleData>
					<SimpleData name="Inc">-2°</SimpleData>
					<SimpleData name="Age">0.55</SimpleData>
					<SimpleData name="Reference">Davis et al., 2014</SimpleData>
				</SchemaData>
			</ExtendedData>
			<Point>
				<coordinates>72.99999999999999,26.99999999999999,0</coordinates>
			</Point>
		</Placemark>
		<Placemark>
			<styleUrl>#pointStyleMap0</styleUrl>
			<Style id="inline">
				<IconStyle>
					<color>ff0055ff</color>
					<colorMode>normal</colorMode>
					<Icon>
						<href>http://maps.google.com/mapfiles/kml/shapes/placemark_square.png</href>
					</Icon>
				</IconStyle>
				<LineStyle>
					<color>ff0055ff</color>
					<colorMode>normal</colorMode>
				</LineStyle>
				<PolyStyle>
					<color>ff0055ff</color>
					<colorMode>normal</colorMode>
				</PolyStyle>
			</Style>
			<ExtendedData>
				<SchemaData schemaUrl="#S_pmagsitesupdated_SSSSSS">
					<SimpleData name="Lat">27°</SimpleData>
					<SimpleData name="Long">73°</SimpleData>
					<SimpleData name="Dec">88°</SimpleData>
					<SimpleData name="Inc">28°</SimpleData>
					<SimpleData name="Age">0.55</SimpleData>
					<SimpleData name="Reference">Davis et al., 2014</SimpleData>
				</SchemaData>
			</ExtendedData>
			<Point>
				<coordinates>72.99999999999999,26.99999999999999,0</coordinates>
			</Point>
		</Placemark>
		<Placemark>
			<styleUrl>#pointStyleMap0</styleUrl>
			<Style id="inline">
				<IconStyle>
					<color>ff0055ff</color>
					<colorMode>normal</colorMode>
					<Icon>
						<href>http://maps.google.com/mapfiles/kml/shapes/placemark_square.png</href>
					</Icon>
				</IconStyle>
				<LineStyle>
					<color>ff0055ff</color>
					<colorMode>normal</colorMode>
				</LineStyle>
				<PolyStyle>
					<color>ff0055ff</color>
					<colorMode>normal</colorMode>
				</PolyStyle>
			</Style>
			<ExtendedData>
				<SchemaData schemaUrl="#S_pmagsitesupdated_SSSSSS">
					<SimpleData name="Lat">27°</SimpleData>
					<SimpleData name="Long">73°</SimpleData>
					<SimpleData name="Dec">290°</SimpleData>
					<SimpleData name="Inc">2°</SimpleData>
					<SimpleData name="Age">0.55</SimpleData>
					<SimpleData name="Reference">Davis et al., 2014</SimpleData>
				</SchemaData>
			</ExtendedData>
			<Point>
				<coordinates>72.99999999999999,26.99999999999999,0</coordinates>
			</Point>
		</Placemark>
		<Placemark>
			<styleUrl>#pointStyleMap0</styleUrl>
			<Style id="inline">
				<IconStyle>
					<color>ff0055ff</color>
					<colorMode>normal</colorMode>
					<Icon>
						<href>http://maps.google.com/mapfiles/kml/shapes/placemark_square.png</href>
					</Icon>
				</IconStyle>
				<LineStyle>
					<color>ff0055ff</color>
					<colorMode>normal</colorMode>
				</LineStyle>
				<PolyStyle>
					<color>ff0055ff</color>
					<colorMode>normal</colorMode>
				</PolyStyle>
			</Style>
			<ExtendedData>
				<SchemaData schemaUrl="#S_pmagsitesupdated_SSSSSS">
					<SimpleData name="Lat">12.23°</SimpleData>
					<SimpleData name="Long">79.88°</SimpleData>
					<SimpleData name="Dec">86.7°</SimpleData>
					<SimpleData name="Inc">-1.3°</SimpleData>
					<SimpleData name="Age">0.55</SimpleData>
					<SimpleData name="Reference">Dash et al., 2013</SimpleData>
				</SchemaData>
			</ExtendedData>
			<Point>
				<coordinates>79.88000000000001,12.22999999999999,0</coordinates>
			</Point>
		</Placemark>
		<Placemark>
			<styleUrl>#pointStyleMap0</styleUrl>
			<Style id="inline">
				<IconStyle>
					<color>ff0055ff</color>
					<colorMode>normal</colorMode>
					<Icon>
						<href>http://maps.google.com/mapfiles/kml/shapes/placemark_square.png</href>
					</Icon>
				</IconStyle>
				<LineStyle>
					<color>ff0055ff</color>
					<colorMode>normal</colorMode>
				</LineStyle>
				<PolyStyle>
					<color>ff0055ff</color>
					<colorMode>normal</colorMode>
				</PolyStyle>
			</Style>
			<ExtendedData>
				<SchemaData schemaUrl="#S_pmagsitesupdated_SSSSSS">
					<SimpleData name="Lat">12.2°</SimpleData>
					<SimpleData name="Long">79.83°</SimpleData>
					<SimpleData name="Dec">95.7°</SimpleData>
					<SimpleData name="Inc">-22.5°</SimpleData>
					<SimpleData name="Age">0.55</SimpleData>
					<SimpleData name="Reference">Dash et al., 2013</SimpleData>
				</SchemaData>
			</ExtendedData>
			<Point>
				<coordinates>79.83,12.19999999999999,0</coordinates>
			</Point>
		</Placemark>
		<Placemark>
			<styleUrl>#pointStyleMap0</styleUrl>
			<Style id="inline">
				<IconStyle>
					<color>ff0055ff</color>
					<colorMode>normal</colorMode>
					<Icon>
						<href>http://maps.google.com/mapfiles/kml/shapes/placemark_square.png</href>
					</Icon>
				</IconStyle>
				<LineStyle>
					<color>ff0055ff</color>
					<colorMode>normal</colorMode>
				</LineStyle>
				<PolyStyle>
					<color>ff0055ff</color>
					<colorMode>normal</colorMode>
				</PolyStyle>
			</Style>
			<ExtendedData>
				<SchemaData schemaUrl="#S_pmagsitesupdated_SSSSSS">
					<SimpleData name="Lat">12.06°</SimpleData>
					<SimpleData name="Long">79.83°</SimpleData>
					<SimpleData name="Dec">93.1°</SimpleData>
					<SimpleData name="Inc">-48.5°</SimpleData>
					<SimpleData name="Age">0.55</SimpleData>
					<SimpleData name="Reference">Dash et al., 2013</SimpleData>
				</SchemaData>
			</ExtendedData>
			<Point>
				<coordinates>79.83,12.05999999999999,0</coordinates>
			</Point>
		</Placemark>
		<Placemark>
			<styleUrl>#pointStyleMap0</styleUrl>
			<Style id="inline">
				<IconStyle>
					<color>ff0055ff</color>
					<colorMode>normal</colorMode>
					<Icon>
						<href>http://maps.google.com/mapfiles/kml/shapes/placemark_square.png</href>
					</Icon>
				</IconStyle>
				<LineStyle>
					<color>ff0055ff</color>
					<colorMode>normal</colorMode>
				</LineStyle>
				<PolyStyle>
					<color>ff0055ff</color>
					<colorMode>normal</colorMode>
				</PolyStyle>
			</Style>
			<ExtendedData>
				<SchemaData schemaUrl="#S_pmagsitesupdated_SSSSSS">
					<SimpleData name="Lat">12.06°</SimpleData>
					<SimpleData name="Long">79.66°</SimpleData>
					<SimpleData name="Dec">85.1°</SimpleData>
					<SimpleData name="Inc">-17.1°</SimpleData>
					<SimpleData name="Age">0.55</SimpleData>
					<SimpleData name="Reference">Dash et al., 2013</SimpleData>
				</SchemaData>
			</ExtendedData>
			<Point>
				<coordinates>79.65999999999997,12.05999999999999,0</coordinates>
			</Point>
		</Placemark>
		<Placemark>
			<styleUrl>#pointStyleMap0</styleUrl>
			<Style id="inline">
				<IconStyle>
					<color>ff0055ff</color>
					<colorMode>normal</colorMode>
					<Icon>
						<href>http://maps.google.com/mapfiles/kml/shapes/placemark_square.png</href>
					</Icon>
				</IconStyle>
				<LineStyle>
					<color>ff0055ff</color>
					<colorMode>normal</colorMode>
				</LineStyle>
				<PolyStyle>
					<color>ff0055ff</color>
					<colorMode>normal</colorMode>
				</PolyStyle>
			</Style>
			<ExtendedData>
				<SchemaData schemaUrl="#S_pmagsitesupdated_SSSSSS">
					<SimpleData name="Lat">12.11°</SimpleData>
					<SimpleData name="Long">79.67°</SimpleData>
					<SimpleData name="Dec">78.0°</SimpleData>
					<SimpleData name="Inc">-32.0°</SimpleData>
					<SimpleData name="Age">0.55</SimpleData>
					<SimpleData name="Reference">Venkatesh et al., 1987</SimpleData>
				</SchemaData>
			</ExtendedData>
			<Point>
				<coordinates>79.67000000000003,12.11,0</coordinates>
			</Point>
		</Placemark>
		<Placemark>
			<styleUrl>#pointStyleMap0</styleUrl>
			<Style id="inline">
				<IconStyle>
					<color>ff0055ff</color>
					<colorMode>normal</colorMode>
					<Icon>
						<href>http://maps.google.com/mapfiles/kml/shapes/placemark_square.png</href>
					</Icon>
				</IconStyle>
				<LineStyle>
					<color>ff0055ff</color>
					<colorMode>normal</colorMode>
				</LineStyle>
				<PolyStyle>
					<color>ff0055ff</color>
					<colorMode>normal</colorMode>
				</PolyStyle>
			</Style>
			<ExtendedData>
				<SchemaData schemaUrl="#S_pmagsitesupdated_SSSSSS">
					<SimpleData name="Lat">12.11°</SimpleData>
					<SimpleData name="Long">79.67°</SimpleData>
					<SimpleData name="Dec">89.0°</SimpleData>
					<SimpleData name="Inc">-35.0°</SimpleData>
					<SimpleData name="Age">0.55</SimpleData>
					<SimpleData name="Reference">Venkatesh et al., 1987</SimpleData>
				</SchemaData>
			</ExtendedData>
			<Point>
				<coordinates>79.67000000000003,12.11,0</coordinates>
			</Point>
		</Placemark>
		<Placemark>
			<styleUrl>#pointStyleMap0</styleUrl>
			<Style id="inline">
				<IconStyle>
					<color>ff0055ff</color>
					<colorMode>normal</colorMode>
					<Icon>
						<href>http://maps.google.com/mapfiles/kml/shapes/placemark_square.png</href>
					</Icon>
				</IconStyle>
				<LineStyle>
					<color>ff0055ff</color>
					<colorMode>normal</colorMode>
				</LineStyle>
				<PolyStyle>
					<color>ff0055ff</color>
					<colorMode>normal</colorMode>
				</PolyStyle>
			</Style>
			<ExtendedData>
				<SchemaData schemaUrl="#S_pmagsitesupdated_SSSSSS">
					<SimpleData name="Lat">12.11°</SimpleData>
					<SimpleData name="Long">79.67°</SimpleData>
					<SimpleData name="Dec">87.0°</SimpleData>
					<SimpleData name="Inc">-38.0°</SimpleData>
					<SimpleData name="Age">0.55</SimpleData>
					<SimpleData name="Reference">Venkatesh et al., 1987</SimpleData>
				</SchemaData>
			</ExtendedData>
			<Point>
				<coordinates>79.67000000000003,12.11,0</coordinates>
			</Point>
		</Placemark>
		<Placemark>
			<styleUrl>#pointStyleMap0</styleUrl>
			<Style id="inline">
				<IconStyle>
					<color>ff0055ff</color>
					<colorMode>normal</colorMode>
					<Icon>
						<href>http://maps.google.com/mapfiles/kml/shapes/placemark_square.png</href>
					</Icon>
				</IconStyle>
				<LineStyle>
					<color>ff0055ff</color>
					<colorMode>normal</colorMode>
				</LineStyle>
				<PolyStyle>
					<color>ff0055ff</color>
					<colorMode>normal</colorMode>
				</PolyStyle>
			</Style>
			<ExtendedData>
				<SchemaData schemaUrl="#S_pmagsitesupdated_SSSSSS">
					<SimpleData name="Lat">12.11°</SimpleData>
					<SimpleData name="Long">79.67°</SimpleData>
					<SimpleData name="Dec">94.0°</SimpleData>
					<SimpleData name="Inc">-33.0°</SimpleData>
					<SimpleData name="Age">0.55</SimpleData>
					<SimpleData name="Reference">Venkatesh et al., 1987</SimpleData>
				</SchemaData>
			</ExtendedData>
			<Point>
				<coordinates>79.67000000000003,12.11,0</coordinates>
			</Point>
		</Placemark>
		<Placemark>
			<styleUrl>#pointStyleMap0</styleUrl>
			<Style id="inline">
				<IconStyle>
					<color>ff0055ff</color>
					<colorMode>normal</colorMode>
					<Icon>
						<href>http://maps.google.com/mapfiles/kml/shapes/placemark_square.png</href>
					</Icon>
				</IconStyle>
				<LineStyle>
					<color>ff0055ff</color>
					<colorMode>normal</colorMode>
				</LineStyle>
				<PolyStyle>
					<color>ff0055ff</color>
					<colorMode>normal</colorMode>
				</PolyStyle>
			</Style>
			<ExtendedData>
				<SchemaData schemaUrl="#S_pmagsitesupdated_SSSSSS">
					<SimpleData name="Lat">12.11°</SimpleData>
					<SimpleData name="Long">79.67°</SimpleData>
					<SimpleData name="Dec">87.0°</SimpleData>
					<SimpleData name="Inc">-37.0°</SimpleData>
					<SimpleData name="Age">0.55</SimpleData>
					<SimpleData name="Reference">Venkatesh et al., 1987</SimpleData>
				</SchemaData>
			</ExtendedData>
			<Point>
				<coordinates>79.67000000000003,12.11,0</coordinates>
			</Point>
		</Placemark>
		<Placemark>
			<styleUrl>#pointStyleMap0</styleUrl>
			<Style id="inline">
				<IconStyle>
					<color>ff0055ff</color>
					<colorMode>normal</colorMode>
					<Icon>
						<href>http://maps.google.com/mapfiles/kml/shapes/placemark_square.png</href>
					</Icon>
				</IconStyle>
				<LineStyle>
					<color>ff0055ff</color>
					<colorMode>normal</colorMode>
				</LineStyle>
				<PolyStyle>
					<color>ff0055ff</color>
					<colorMode>normal</colorMode>
				</PolyStyle>
			</Style>
			<ExtendedData>
				<SchemaData schemaUrl="#S_pmagsitesupdated_SSSSSS">
					<SimpleData name="Lat">12.22</SimpleData>
					<SimpleData name="Long">78.8</SimpleData>
					<SimpleData name="Dec">96.6</SimpleData>
					<SimpleData name="Inc">-0.8</SimpleData>
					<SimpleData name="Age">0.55</SimpleData>
					<SimpleData name="Reference">Radhakrishna and Mathew, 1996a</SimpleData>
				</SchemaData>
			</ExtendedData>
			<Point>
				<coordinates>78.80000000000001,12.22,0</coordinates>
			</Point>
		</Placemark>
		<Placemark>
			<styleUrl>#pointStyleMap0</styleUrl>
			<Style id="inline">
				<IconStyle>
					<color>ff0055ff</color>
					<colorMode>normal</colorMode>
					<Icon>
						<href>http://maps.google.com/mapfiles/kml/shapes/placemark_square.png</href>
					</Icon>
				</IconStyle>
				<LineStyle>
					<color>ff0055ff</color>
					<colorMode>normal</colorMode>
				</LineStyle>
				<PolyStyle>
					<color>ff0055ff</color>
					<colorMode>normal</colorMode>
				</PolyStyle>
			</Style>
			<ExtendedData>
				<SchemaData schemaUrl="#S_pmagsitesupdated_SSSSSS">
					<SimpleData name="Lat">12.08°</SimpleData>
					<SimpleData name="Long">79.66°</SimpleData>
					<SimpleData name="Dec">90.1°</SimpleData>
					<SimpleData name="Inc">-23.1°</SimpleData>
					<SimpleData name="Age">0.55</SimpleData>
					<SimpleData name="Reference">Radhakrishna and Mathew, 1996a</SimpleData>
				</SchemaData>
			</ExtendedData>
			<Point>
				<coordinates>79.65999999999997,12.08,0</coordinates>
			</Point>
		</Placemark>
		<Placemark>
			<styleUrl>#pointStyleMap0</styleUrl>
			<Style id="inline">
				<IconStyle>
					<color>ff0055ff</color>
					<colorMode>normal</colorMode>
					<Icon>
						<href>http://maps.google.com/mapfiles/kml/shapes/placemark_square.png</href>
					</Icon>
				</IconStyle>
				<LineStyle>
					<color>ff0055ff</color>
					<colorMode>normal</colorMode>
				</LineStyle>
				<PolyStyle>
					<color>ff0055ff</color>
					<colorMode>normal</colorMode>
				</PolyStyle>
			</Style>
			<ExtendedData>
				<SchemaData schemaUrl="#S_pmagsitesupdated_SSSSSS">
					<SimpleData name="Lat">12.06°</SimpleData>
					<SimpleData name="Long">79.66°</SimpleData>
					<SimpleData name="Dec">84.3°</SimpleData>
					<SimpleData name="Inc">-51.1°</SimpleData>
					<SimpleData name="Age">0.55</SimpleData>
					<SimpleData name="Reference">Radhakrishna and Mathew, 1996a</SimpleData>
				</SchemaData>
			</ExtendedData>
			<Point>
				<coordinates>79.65999999999997,12.05999999999999,0</coordinates>
			</Point>
		</Placemark>
		<Placemark>
			<styleUrl>#pointStyleMap0</styleUrl>
			<Style id="inline">
				<IconStyle>
					<color>ff0055ff</color>
					<colorMode>normal</colorMode>
					<Icon>
						<href>http://maps.google.com/mapfiles/kml/shapes/placemark_square.png</href>
					</Icon>
				</IconStyle>
				<LineStyle>
					<color>ff0055ff</color>
					<colorMode>normal</colorMode>
				</LineStyle>
				<PolyStyle>
					<color>ff0055ff</color>
					<colorMode>normal</colorMode>
				</PolyStyle>
			</Style>
			<ExtendedData>
				<SchemaData schemaUrl="#S_pmagsitesupdated_SSSSSS">
					<SimpleData name="Lat">17.4°</SimpleData>
					<SimpleData name="Long">79.1°</SimpleData>
					<SimpleData name="Dec">55°</SimpleData>
					<SimpleData name="Inc">-67°</SimpleData>
					<SimpleData name="Age">1.14-1.05</SimpleData>
					<SimpleData name="Reference">Poornachadra-Rao, 2005</SimpleData>
				</SchemaData>
			</ExtendedData>
			<Point>
				<coordinates>79.10000000000001,17.4,0</coordinates>
			</Point>
		</Placemark>
		<Placemark>
			<styleUrl>#pointStyleMap0</styleUrl>
			<Style id="inline">
				<IconStyle>
					<color>ff0055ff</color>
					<colorMode>normal</colorMode>
					<Icon>
						<href>http://maps.google.com/mapfiles/kml/shapes/placemark_square.png</href>
					</Icon>
				</IconStyle>
				<LineStyle>
					<color>ff0055ff</color>
					<colorMode>normal</colorMode>
				</LineStyle>
				<PolyStyle>
					<color>ff0055ff</color>
					<colorMode>normal</colorMode>
				</PolyStyle>
			</Style>
			<ExtendedData>
				<SchemaData schemaUrl="#S_pmagsitesupdated_SSSSSS">
					<SimpleData name="Lat">17.3°</SimpleData>
					<SimpleData name="Long">79.2°</SimpleData>
					<SimpleData name="Dec">32°</SimpleData>
					<SimpleData name="Inc">-54°</SimpleData>
					<SimpleData name="Age">1.14-1.05</SimpleData>
					<SimpleData name="Reference">Poornachadra-Rao, 2005</SimpleData>
				</SchemaData>
			</ExtendedData>
			<Point>
				<coordinates>79.19999999999999,17.30000000000003,0</coordinates>
			</Point>
		</Placemark>
		<Placemark>
			<styleUrl>#pointStyleMap0</styleUrl>
			<Style id="inline">
				<IconStyle>
					<color>ff0055ff</color>
					<colorMode>normal</colorMode>
					<Icon>
						<href>http://maps.google.com/mapfiles/kml/shapes/placemark_square.png</href>
					</Icon>
				</IconStyle>
				<LineStyle>
					<color>ff0055ff</color>
					<colorMode>normal</colorMode>
				</LineStyle>
				<PolyStyle>
					<color>ff0055ff</color>
					<colorMode>normal</colorMode>
				</PolyStyle>
			</Style>
			<ExtendedData>
				<SchemaData schemaUrl="#S_pmagsitesupdated_SSSSSS">
					<SimpleData name="Lat">16.1°</SimpleData>
					<SimpleData name="Long">78.1°</SimpleData>
					<SimpleData name="Dec">20°</SimpleData>
					<SimpleData name="Inc">-66°</SimpleData>
					<SimpleData name="Age">1.14-1.05</SimpleData>
					<SimpleData name="Reference">Poornachadra-Rao, 2005</SimpleData>
				</SchemaData>
			</ExtendedData>
			<Point>
				<coordinates>78.10000000000002,16.1,0</coordinates>
			</Point>
		</Placemark>
		<Placemark>
			<styleUrl>#pointStyleMap0</styleUrl>
			<Style id="inline">
				<IconStyle>
					<color>ff0055ff</color>
					<colorMode>normal</colorMode>
					<Icon>
						<href>http://maps.google.com/mapfiles/kml/shapes/placemark_square.png</href>
					</Icon>
				</IconStyle>
				<LineStyle>
					<color>ff0055ff</color>
					<colorMode>normal</colorMode>
				</LineStyle>
				<PolyStyle>
					<color>ff0055ff</color>
					<colorMode>normal</colorMode>
				</PolyStyle>
			</Style>
			<ExtendedData>
				<SchemaData schemaUrl="#S_pmagsitesupdated_SSSSSS">
					<SimpleData name="Lat">16.1°</SimpleData>
					<SimpleData name="Long">78.2°</SimpleData>
					<SimpleData name="Dec">350°</SimpleData>
					<SimpleData name="Inc">-62°</SimpleData>
					<SimpleData name="Age">1.14-1.05</SimpleData>
					<SimpleData name="Reference">Poornachadra-Rao, 2005</SimpleData>
				</SchemaData>
			</ExtendedData>
			<Point>
				<coordinates>78.19999999999999,16.1,0</coordinates>
			</Point>
		</Placemark>
		<Placemark>
			<styleUrl>#pointStyleMap0</styleUrl>
			<Style id="inline">
				<IconStyle>
					<color>ff0055ff</color>
					<colorMode>normal</colorMode>
					<Icon>
						<href>http://maps.google.com/mapfiles/kml/shapes/placemark_square.png</href>
					</Icon>
				</IconStyle>
				<LineStyle>
					<color>ff0055ff</color>
					<colorMode>normal</colorMode>
				</LineStyle>
				<PolyStyle>
					<color>ff0055ff</color>
					<colorMode>normal</colorMode>
				</PolyStyle>
			</Style>
			<ExtendedData>
				<SchemaData schemaUrl="#S_pmagsitesupdated_SSSSSS">
					<SimpleData name="Lat">14.6°</SimpleData>
					<SimpleData name="Long">77.3°</SimpleData>
					<SimpleData name="Dec">22°</SimpleData>
					<SimpleData name="Inc">-72°</SimpleData>
					<SimpleData name="Age">1.14-1.05</SimpleData>
					<SimpleData name="Reference">Poornachadra-Rao, 2005</SimpleData>
				</SchemaData>
			</ExtendedData>
			<Point>
				<coordinates>77.30000000000001,14.6,0</coordinates>
			</Point>
		</Placemark>
		<Placemark>
			<styleUrl>#pointStyleMap0</styleUrl>
			<Style id="inline">
				<IconStyle>
					<color>ff0055ff</color>
					<colorMode>normal</colorMode>
					<Icon>
						<href>http://maps.google.com/mapfiles/kml/shapes/placemark_square.png</href>
					</Icon>
				</IconStyle>
				<LineStyle>
					<color>ff0055ff</color>
					<colorMode>normal</colorMode>
				</LineStyle>
				<PolyStyle>
					<color>ff0055ff</color>
					<colorMode>normal</colorMode>
				</PolyStyle>
			</Style>
			<ExtendedData>
				<SchemaData schemaUrl="#S_pmagsitesupdated_SSSSSS">
					<SimpleData name="Lat">14.5°</SimpleData>
					<SimpleData name="Long">77.8°</SimpleData>
					<SimpleData name="Dec">51°</SimpleData>
					<SimpleData name="Inc">-64°</SimpleData>
					<SimpleData name="Age">1.14-1.05</SimpleData>
					<SimpleData name="Reference">Poornachadra-Rao, 2005</SimpleData>
				</SchemaData>
			</ExtendedData>
			<Point>
				<coordinates>77.80000000000001,14.49999999999999,0</coordinates>
			</Point>
		</Placemark>
		<Placemark>
			<styleUrl>#pointStyleMap0</styleUrl>
			<Style id="inline">
				<IconStyle>
					<color>ff0055ff</color>
					<colorMode>normal</colorMode>
					<Icon>
						<href>http://maps.google.com/mapfiles/kml/shapes/placemark_square.png</href>
					</Icon>
				</IconStyle>
				<LineStyle>
					<color>ff0055ff</color>
					<colorMode>normal</colorMode>
				</LineStyle>
				<PolyStyle>
					<color>ff0055ff</color>
					<colorMode>normal</colorMode>
				</PolyStyle>
			</Style>
			<ExtendedData>
				<SchemaData schemaUrl="#S_pmagsitesupdated_SSSSSS">
					<SimpleData name="Lat">14.5°</SimpleData>
					<SimpleData name="Long">77.7°</SimpleData>
					<SimpleData name="Dec">51°</SimpleData>
					<SimpleData name="Inc">-46°</SimpleData>
					<SimpleData name="Age">1.14-1.05</SimpleData>
					<SimpleData name="Reference">Poornachadra-Rao, 2005</SimpleData>
				</SchemaData>
			</ExtendedData>
			<Point>
				<coordinates>77.69999999999999,14.49999999999999,0</coordinates>
			</Point>
		</Placemark>
		<Placemark>
			<styleUrl>#pointStyleMap0</styleUrl>
			<Style id="inline">
				<IconStyle>
					<color>ff0055ff</color>
					<colorMode>normal</colorMode>
					<Icon>
						<href>http://maps.google.com/mapfiles/kml/shapes/placemark_square.png</href>
					</Icon>
				</IconStyle>
				<LineStyle>
					<color>ff0055ff</color>
					<colorMode>normal</colorMode>
				</LineStyle>
				<PolyStyle>
					<color>ff0055ff</color>
					<colorMode>normal</colorMode>
				</PolyStyle>
			</Style>
			<ExtendedData>
				<SchemaData schemaUrl="#S_pmagsitesupdated_SSSSSS">
					<SimpleData name="Lat">14.9°</SimpleData>
					<SimpleData name="Long">77.3°</SimpleData>
					<SimpleData name="Dec">54°</SimpleData>
					<SimpleData name="Inc">-69°</SimpleData>
					<SimpleData name="Age">1.14-1.05</SimpleData>
					<SimpleData name="Reference">Poornachadra-Rao, 2005</SimpleData>
				</SchemaData>
			</ExtendedData>
			<Point>
				<coordinates>77.30000000000001,14.90000000000001,0</coordinates>
			</Point>
		</Placemark>
		<Placemark>
			<styleUrl>#pointStyleMap0</styleUrl>
			<Style id="inline">
				<IconStyle>
					<color>ff0055ff</color>
					<colorMode>normal</colorMode>
					<Icon>
						<href>http://maps.google.com/mapfiles/kml/shapes/placemark_square.png</href>
					</Icon>
				</IconStyle>
				<LineStyle>
					<color>ff0055ff</color>
					<colorMode>normal</colorMode>
				</LineStyle>
				<PolyStyle>
					<color>ff0055ff</color>
					<colorMode>normal</colorMode>
				</PolyStyle>
			</Style>
			<ExtendedData>
				<SchemaData schemaUrl="#S_pmagsitesupdated_SSSSSS">
					<SimpleData name="Lat">16.7°</SimpleData>
					<SimpleData name="Long">79.5°</SimpleData>
					<SimpleData name="Dec">40°</SimpleData>
					<SimpleData name="Inc">-66°</SimpleData>
					<SimpleData name="Age">1.14-1.05</SimpleData>
					<SimpleData name="Reference">Poornachadra-Rao, 2005</SimpleData>
				</SchemaData>
			</ExtendedData>
			<Point>
				<coordinates>79.5,16.69999999999997,0</coordinates>
			</Point>
		</Placemark>
		<Placemark>
			<styleUrl>#pointStyleMap0</styleUrl>
			<Style id="inline">
				<IconStyle>
					<color>ff0055ff</color>
					<colorMode>normal</colorMode>
					<Icon>
						<href>http://maps.google.com/mapfiles/kml/shapes/placemark_square.png</href>
					</Icon>
				</IconStyle>
				<LineStyle>
					<color>ff0055ff</color>
					<colorMode>normal</colorMode>
				</LineStyle>
				<PolyStyle>
					<color>ff0055ff</color>
					<colorMode>normal</colorMode>
				</PolyStyle>
			</Style>
			<ExtendedData>
				<SchemaData schemaUrl="#S_pmagsitesupdated_SSSSSS">
					<SimpleData name="Lat">14.6°</SimpleData>
					<SimpleData name="Long">77.4°</SimpleData>
					<SimpleData name="Dec">339°</SimpleData>
					<SimpleData name="Inc">-77°</SimpleData>
					<SimpleData name="Age">1.14-1.05</SimpleData>
					<SimpleData name="Reference">Poornachadra-Rao, 2005</SimpleData>
				</SchemaData>
			</ExtendedData>
			<Point>
				<coordinates>77.39999999999999,14.6,0</coordinates>
			</Point>
		</Placemark>
		<Placemark>
			<styleUrl>#pointStyleMap0</styleUrl>
			<Style id="inline">
				<IconStyle>
					<color>ff0055ff</color>
					<colorMode>normal</colorMode>
					<Icon>
						<href>http://maps.google.com/mapfiles/kml/shapes/placemark_square.png</href>
					</Icon>
				</IconStyle>
				<LineStyle>
					<color>ff0055ff</color>
					<colorMode>normal</colorMode>
				</LineStyle>
				<PolyStyle>
					<color>ff0055ff</color>
					<colorMode>normal</colorMode>
				</PolyStyle>
			</Style>
			<ExtendedData>
				<SchemaData schemaUrl="#S_pmagsitesupdated_SSSSSS">
					<SimpleData name="Lat">14.7°</SimpleData>
					<SimpleData name="Long">77.4°</SimpleData>
					<SimpleData name="Dec">69°</SimpleData>
					<SimpleData name="Inc">-48°</SimpleData>
					<SimpleData name="Age">1.14-1.05</SimpleData>
					<SimpleData name="Reference">Poornachadra-Rao, 2005</SimpleData>
				</SchemaData>
			</ExtendedData>
			<Point>
				<coordinates>77.39999999999999,14.69999999999998,0</coordinates>
			</Point>
		</Placemark>
		<Placemark>
			<styleUrl>#pointStyleMap0</styleUrl>
			<Style id="inline">
				<IconStyle>
					<color>ff0055ff</color>
					<colorMode>normal</colorMode>
					<Icon>
						<href>http://maps.google.com/mapfiles/kml/shapes/placemark_square.png</href>
					</Icon>
				</IconStyle>
				<LineStyle>
					<color>ff0055ff</color>
					<colorMode>normal</colorMode>
				</LineStyle>
				<PolyStyle>
					<color>ff0055ff</color>
					<colorMode>normal</colorMode>
				</PolyStyle>
			</Style>
			<ExtendedData>
				<SchemaData schemaUrl="#S_pmagsitesupdated_SSSSSS">
					<SimpleData name="Lat">14.1°</SimpleData>
					<SimpleData name="Long">77.9°</SimpleData>
					<SimpleData name="Dec">1°</SimpleData>
					<SimpleData name="Inc">-65°</SimpleData>
					<SimpleData name="Age">1.14-1.05</SimpleData>
					<SimpleData name="Reference">Poornachadra-Rao, 2005</SimpleData>
				</SchemaData>
			</ExtendedData>
			<Point>
				<coordinates>77.89999999999999,14.1,0</coordinates>
			</Point>
		</Placemark>
		<Placemark>
			<styleUrl>#pointStyleMap0</styleUrl>
			<Style id="inline">
				<IconStyle>
					<color>ff0055ff</color>
					<colorMode>normal</colorMode>
					<Icon>
						<href>http://maps.google.com/mapfiles/kml/shapes/placemark_square.png</href>
					</Icon>
				</IconStyle>
				<LineStyle>
					<color>ff0055ff</color>
					<colorMode>normal</colorMode>
				</LineStyle>
				<PolyStyle>
					<color>ff0055ff</color>
					<colorMode>normal</colorMode>
				</PolyStyle>
			</Style>
			<ExtendedData>
				<SchemaData schemaUrl="#S_pmagsitesupdated_SSSSSS">
					<SimpleData name="Lat">16.69°</SimpleData>
					<SimpleData name="Long">78.07°</SimpleData>
					<SimpleData name="Dec">31°</SimpleData>
					<SimpleData name="Inc">-62°</SimpleData>
					<SimpleData name="Age">1.14-1.05</SimpleData>
					<SimpleData name="Reference">Miller et al., 2023</SimpleData>
				</SchemaData>
			</ExtendedData>
			<Point>
				<coordinates>78.06999999999998,16.68999999999999,0</coordinates>
			</Point>
		</Placemark>
		<Placemark>
			<styleUrl>#pointStyleMap0</styleUrl>
			<Style id="inline">
				<IconStyle>
					<color>ff0055ff</color>
					<colorMode>normal</colorMode>
					<Icon>
						<href>http://maps.google.com/mapfiles/kml/shapes/placemark_square.png</href>
					</Icon>
				</IconStyle>
				<LineStyle>
					<color>ff0055ff</color>
					<colorMode>normal</colorMode>
				</LineStyle>
				<PolyStyle>
					<color>ff0055ff</color>
					<colorMode>normal</colorMode>
				</PolyStyle>
			</Style>
			<ExtendedData>
				<SchemaData schemaUrl="#S_pmagsitesupdated_SSSSSS">
					<SimpleData name="Lat">16.87°</SimpleData>
					<SimpleData name="Long">78.02°</SimpleData>
					<SimpleData name="Dec">33°</SimpleData>
					<SimpleData name="Inc">-54°</SimpleData>
					<SimpleData name="Age">1.14-1.05</SimpleData>
					<SimpleData name="Reference">Miller et al., 2023</SimpleData>
				</SchemaData>
			</ExtendedData>
			<Point>
				<coordinates>78.01999999999997,16.87000000000001,0</coordinates>
			</Point>
		</Placemark>
		<Placemark>
			<styleUrl>#pointStyleMap0</styleUrl>
			<Style id="inline">
				<IconStyle>
					<color>ff0055ff</color>
					<colorMode>normal</colorMode>
					<Icon>
						<href>http://maps.google.com/mapfiles/kml/shapes/placemark_square.png</href>
					</Icon>
				</IconStyle>
				<LineStyle>
					<color>ff0055ff</color>
					<colorMode>normal</colorMode>
				</LineStyle>
				<PolyStyle>
					<color>ff0055ff</color>
					<colorMode>normal</colorMode>
				</PolyStyle>
			</Style>
			<ExtendedData>
				<SchemaData schemaUrl="#S_pmagsitesupdated_SSSSSS">
					<SimpleData name="Lat">16.81°</SimpleData>
					<SimpleData name="Long">78.84°</SimpleData>
					<SimpleData name="Dec">57°</SimpleData>
					<SimpleData name="Inc">-64°</SimpleData>
					<SimpleData name="Age">1.14-1.05</SimpleData>
					<SimpleData name="Reference">Miller et al., 2023</SimpleData>
				</SchemaData>
			</ExtendedData>
			<Point>
				<coordinates>78.84000000000003,16.81000000000001,0</coordinates>
			</Point>
		</Placemark>
		<Placemark>
			<styleUrl>#pointStyleMap0</styleUrl>
			<Style id="inline">
				<IconStyle>
					<color>ff0055ff</color>
					<colorMode>normal</colorMode>
					<Icon>
						<href>http://maps.google.com/mapfiles/kml/shapes/placemark_square.png</href>
					</Icon>
				</IconStyle>
				<LineStyle>
					<color>ff0055ff</color>
					<colorMode>normal</colorMode>
				</LineStyle>
				<PolyStyle>
					<color>ff0055ff</color>
					<colorMode>normal</colorMode>
				</PolyStyle>
			</Style>
			<ExtendedData>
				<SchemaData schemaUrl="#S_pmagsitesupdated_SSSSSS">
					<SimpleData name="Lat">16.76°</SimpleData>
					<SimpleData name="Long">78.90°</SimpleData>
					<SimpleData name="Dec">255°</SimpleData>
					<SimpleData name="Inc">55°</SimpleData>
					<SimpleData name="Age">1.14-1.05</SimpleData>
					<SimpleData name="Reference">Miller et al., 2023</SimpleData>
				</SchemaData>
			</ExtendedData>
			<Point>
				<coordinates>78.89999999999998,16.76000000000001,0</coordinates>
			</Point>
		</Placemark>
		<Placemark>
			<styleUrl>#pointStyleMap0</styleUrl>
			<Style id="inline">
				<IconStyle>
					<color>ff0055ff</color>
					<colorMode>normal</colorMode>
					<Icon>
						<href>http://maps.google.com/mapfiles/kml/shapes/placemark_square.png</href>
					</Icon>
				</IconStyle>
				<LineStyle>
					<color>ff0055ff</color>
					<colorMode>normal</colorMode>
				</LineStyle>
				<PolyStyle>
					<color>ff0055ff</color>
					<colorMode>normal</colorMode>
				</PolyStyle>
			</Style>
			<ExtendedData>
				<SchemaData schemaUrl="#S_pmagsitesupdated_SSSSSS">
					<SimpleData name="Lat">16.64°</SimpleData>
					<SimpleData name="Long">78.90°</SimpleData>
					<SimpleData name="Dec">27°</SimpleData>
					<SimpleData name="Inc">-44°</SimpleData>
					<SimpleData name="Age">1.14-1.05</SimpleData>
					<SimpleData name="Reference">Miller et al., 2023</SimpleData>
				</SchemaData>
			</ExtendedData>
			<Point>
				<coordinates>78.89999999999998,16.63999999999998,0</coordinates>
			</Point>
		</Placemark>
		<Placemark>
			<styleUrl>#pointStyleMap0</styleUrl>
			<Style id="inline">
				<IconStyle>
					<color>ff0055ff</color>
					<colorMode>normal</colorMode>
					<Icon>
						<href>http://maps.google.com/mapfiles/kml/shapes/placemark_square.png</href>
					</Icon>
				</IconStyle>
				<LineStyle>
					<color>ff0055ff</color>
					<colorMode>normal</colorMode>
				</LineStyle>
				<PolyStyle>
					<color>ff0055ff</color>
					<colorMode>normal</colorMode>
				</PolyStyle>
			</Style>
			<ExtendedData>
				<SchemaData schemaUrl="#S_pmagsitesupdated_SSSSSS">
					<SimpleData name="Lat">16.65°</SimpleData>
					<SimpleData name="Long">78.90°</SimpleData>
					<SimpleData name="Dec">181°</SimpleData>
					<SimpleData name="Inc">62°</SimpleData>
					<SimpleData name="Age">1.14-1.05</SimpleData>
					<SimpleData name="Reference">Miller et al., 2023</SimpleData>
				</SchemaData>
			</ExtendedData>
			<Point>
				<coordinates>78.89999999999998,16.65000000000001,0</coordinates>
			</Point>
		</Placemark>
		<Placemark>
			<styleUrl>#pointStyleMap0</styleUrl>
			<Style id="inline">
				<IconStyle>
					<color>ff0055ff</color>
					<colorMode>normal</colorMode>
					<Icon>
						<href>http://maps.google.com/mapfiles/kml/shapes/placemark_square.png</href>
					</Icon>
				</IconStyle>
				<LineStyle>
					<color>ff0055ff</color>
					<colorMode>normal</colorMode>
				</LineStyle>
				<PolyStyle>
					<color>ff0055ff</color>
					<colorMode>normal</colorMode>
				</PolyStyle>
			</Style>
			<ExtendedData>
				<SchemaData schemaUrl="#S_pmagsitesupdated_SSSSSS">
					<SimpleData name="Lat">14.2°</SimpleData>
					<SimpleData name="Long">77.81°</SimpleData>
					<SimpleData name="Dec">56.5°</SimpleData>
					<SimpleData name="Inc">-47.8°</SimpleData>
					<SimpleData name="Age">1.14-1.05</SimpleData>
					<SimpleData name="Reference">Piispa et al., 2011</SimpleData>
				</SchemaData>
			</ExtendedData>
			<Point>
				<coordinates>77.81,14.19999999999998,0</coordinates>
			</Point>
		</Placemark>
		<Placemark>
			<styleUrl>#pointStyleMap0</styleUrl>
			<Style id="inline">
				<IconStyle>
					<color>ff0055ff</color>
					<colorMode>normal</colorMode>
					<Icon>
						<href>http://maps.google.com/mapfiles/kml/shapes/placemark_square.png</href>
					</Icon>
				</IconStyle>
				<LineStyle>
					<color>ff0055ff</color>
					<colorMode>normal</colorMode>
				</LineStyle>
				<PolyStyle>
					<color>ff0055ff</color>
					<colorMode>normal</colorMode>
				</PolyStyle>
			</Style>
			<ExtendedData>
				<SchemaData schemaUrl="#S_pmagsitesupdated_SSSSSS">
					<SimpleData name="Lat">14.18°</SimpleData>
					<SimpleData name="Long">77.77°</SimpleData>
					<SimpleData name="Dec">76.9°</SimpleData>
					<SimpleData name="Inc">-57°</SimpleData>
					<SimpleData name="Age">1.14-1.05</SimpleData>
					<SimpleData name="Reference">Pradhan et al., 2010</SimpleData>
				</SchemaData>
			</ExtendedData>
			<Point>
				<coordinates>77.76999999999998,14.18000000000001,0</coordinates>
			</Point>
		</Placemark>
		<Placemark>
			<styleUrl>#pointStyleMap0</styleUrl>
			<Style id="inline">
				<IconStyle>
					<color>ff0055ff</color>
					<colorMode>normal</colorMode>
					<Icon>
						<href>http://maps.google.com/mapfiles/kml/shapes/placemark_square.png</href>
					</Icon>
				</IconStyle>
				<LineStyle>
					<color>ff0055ff</color>
					<colorMode>normal</colorMode>
				</LineStyle>
				<PolyStyle>
					<color>ff0055ff</color>
					<colorMode>normal</colorMode>
				</PolyStyle>
			</Style>
			<ExtendedData>
				<SchemaData schemaUrl="#S_pmagsitesupdated_SSSSSS">
					<SimpleData name="Lat">16.744°</SimpleData>
					<SimpleData name="Long">77.495°</SimpleData>
					<SimpleData name="Dec">19°</SimpleData>
					<SimpleData name="Inc">-55°</SimpleData>
					<SimpleData name="Age">1.14-1.05</SimpleData>
					<SimpleData name="Reference">Venkateshwarlu and Chalapathi-Rao, 2013</SimpleData>
				</SchemaData>
			</ExtendedData>
			<Point>
				<coordinates>77.495,16.74399999999998,0</coordinates>
			</Point>
		</Placemark>
		<Placemark>
			<styleUrl>#pointStyleMap0</styleUrl>
			<Style id="inline">
				<IconStyle>
					<color>ff0055ff</color>
					<colorMode>normal</colorMode>
					<Icon>
						<href>http://maps.google.com/mapfiles/kml/shapes/placemark_square.png</href>
					</Icon>
				</IconStyle>
				<LineStyle>
					<color>ff0055ff</color>
					<colorMode>normal</colorMode>
				</LineStyle>
				<PolyStyle>
					<color>ff0055ff</color>
					<colorMode>normal</colorMode>
				</PolyStyle>
			</Style>
			<ExtendedData>
				<SchemaData schemaUrl="#S_pmagsitesupdated_SSSSSS">
					<SimpleData name="Lat">16.744°</SimpleData>
					<SimpleData name="Long">77.495°</SimpleData>
					<SimpleData name="Dec">55°</SimpleData>
					<SimpleData name="Inc">-68°</SimpleData>
					<SimpleData name="Age">1.14-1.05</SimpleData>
					<SimpleData name="Reference">Venkateshwarlu and Chalapathi-Rao, 2013</SimpleData>
				</SchemaData>
			</ExtendedData>
			<Point>
				<coordinates>77.495,16.74399999999998,0</coordinates>
			</Point>
		</Placemark>
		<Placemark>
			<styleUrl>#pointStyleMap0</styleUrl>
			<Style id="inline">
				<IconStyle>
					<color>ff0055ff</color>
					<colorMode>normal</colorMode>
					<Icon>
						<href>http://maps.google.com/mapfiles/kml/shapes/placemark_square.png</href>
					</Icon>
				</IconStyle>
				<LineStyle>
					<color>ff0055ff</color>
					<colorMode>normal</colorMode>
				</LineStyle>
				<PolyStyle>
					<color>ff0055ff</color>
					<colorMode>normal</colorMode>
				</PolyStyle>
			</Style>
			<ExtendedData>
				<SchemaData schemaUrl="#S_pmagsitesupdated_SSSSSS">
					<SimpleData name="Lat">15.364°</SimpleData>
					<SimpleData name="Long">78.625°</SimpleData>
					<SimpleData name="Dec">90°</SimpleData>
					<SimpleData name="Inc">-65°</SimpleData>
					<SimpleData name="Age">1.14-1.05</SimpleData>
					<SimpleData name="Reference">Venkateshwarlu and Chalapathi-Rao, 2013</SimpleData>
				</SchemaData>
			</ExtendedData>
			<Point>
				<coordinates>78.62499999999999,15.36400000000001,0</coordinates>
			</Point>
		</Placemark>
		<Placemark>
			<styleUrl>#pointStyleMap0</styleUrl>
			<Style id="inline">
				<IconStyle>
					<color>ff0055ff</color>
					<colorMode>normal</colorMode>
					<Icon>
						<href>http://maps.google.com/mapfiles/kml/shapes/placemark_square.png</href>
					</Icon>
				</IconStyle>
				<LineStyle>
					<color>ff0055ff</color>
					<colorMode>normal</colorMode>
				</LineStyle>
				<PolyStyle>
					<color>ff0055ff</color>
					<colorMode>normal</colorMode>
				</PolyStyle>
			</Style>
			<ExtendedData>
				<SchemaData schemaUrl="#S_pmagsitesupdated_SSSSSS">
					<SimpleData name="Lat">14.552°</SimpleData>
					<SimpleData name="Long">77.111°</SimpleData>
					<SimpleData name="Dec">116°</SimpleData>
					<SimpleData name="Inc">-71°</SimpleData>
					<SimpleData name="Age">1.14-1.05</SimpleData>
					<SimpleData name="Reference">Venkateshwarlu and Chalapathi-Rao, 2013</SimpleData>
				</SchemaData>
			</ExtendedData>
			<Point>
				<coordinates>77.11099999999998,14.55200000000001,0</coordinates>
			</Point>
		</Placemark>
		<Placemark>
			<styleUrl>#pointStyleMap0</styleUrl>
			<Style id="inline">
				<IconStyle>
					<color>ff0055ff</color>
					<colorMode>normal</colorMode>
					<Icon>
						<href>http://maps.google.com/mapfiles/kml/shapes/placemark_square.png</href>
					</Icon>
				</IconStyle>
				<LineStyle>
					<color>ff0055ff</color>
					<colorMode>normal</colorMode>
				</LineStyle>
				<PolyStyle>
					<color>ff0055ff</color>
					<colorMode>normal</colorMode>
				</PolyStyle>
			</Style>
			<ExtendedData>
				<SchemaData schemaUrl="#S_pmagsitesupdated_SSSSSS">
					<SimpleData name="Lat">14.83°</SimpleData>
					<SimpleData name="Long">77.37°</SimpleData>
					<SimpleData name="Dec">160.5°</SimpleData>
					<SimpleData name="Inc">-70.6°</SimpleData>
					<SimpleData name="Age">1.14-1.05</SimpleData>
					<SimpleData name="Reference">Miller and Hargraves, 1996</SimpleData>
				</SchemaData>
			</ExtendedData>
			<Point>
				<coordinates>77.36999999999999,14.83000000000003,0</coordinates>
			</Point>
		</Placemark>
		<Placemark>
			<styleUrl>#pointStyleMap0</styleUrl>
			<Style id="inline">
				<IconStyle>
					<color>ff0055ff</color>
					<colorMode>normal</colorMode>
					<Icon>
						<href>http://maps.google.com/mapfiles/kml/shapes/placemark_square.png</href>
					</Icon>
				</IconStyle>
				<LineStyle>
					<color>ff0055ff</color>
					<colorMode>normal</colorMode>
				</LineStyle>
				<PolyStyle>
					<color>ff0055ff</color>
					<colorMode>normal</colorMode>
				</PolyStyle>
			</Style>
			<ExtendedData>
				<SchemaData schemaUrl="#S_pmagsitesupdated_SSSSSS">
					<SimpleData name="Lat">14.95°</SimpleData>
					<SimpleData name="Long">77.32°</SimpleData>
					<SimpleData name="Dec">152.1°</SimpleData>
					<SimpleData name="Inc">-71.5°</SimpleData>
					<SimpleData name="Age">1.14-1.05</SimpleData>
					<SimpleData name="Reference">Miller and Hargraves, 1996</SimpleData>
				</SchemaData>
			</ExtendedData>
			<Point>
				<coordinates>77.31999999999998,14.94999999999998,0</coordinates>
			</Point>
		</Placemark>
		<Placemark>
			<styleUrl>#pointStyleMap0</styleUrl>
			<Style id="inline">
				<IconStyle>
					<color>ff0055ff</color>
					<colorMode>normal</colorMode>
					<Icon>
						<href>http://maps.google.com/mapfiles/kml/shapes/placemark_square.png</href>
					</Icon>
				</IconStyle>
				<LineStyle>
					<color>ff0055ff</color>
					<colorMode>normal</colorMode>
				</LineStyle>
				<PolyStyle>
					<color>ff0055ff</color>
					<colorMode>normal</colorMode>
				</PolyStyle>
			</Style>
			<ExtendedData>
				<SchemaData schemaUrl="#S_pmagsitesupdated_SSSSSS">
					<SimpleData name="Lat">24.78°</SimpleData>
					<SimpleData name="Long">75.99°</SimpleData>
					<SimpleData name="Dec">239°</SimpleData>
					<SimpleData name="Inc">-84°</SimpleData>
					<SimpleData name="Age"><![CDATA[<1.6]]></SimpleData>
					<SimpleData name="Reference">this study</SimpleData>
				</SchemaData>
			</ExtendedData>
			<Point>
				<coordinates>75.99000000000002,24.77999999999999,0</coordinates>
			</Point>
		</Placemark>
		<Placemark>
			<styleUrl>#pointStyleMap0</styleUrl>
			<Style id="inline">
				<IconStyle>
					<color>ff0055ff</color>
					<colorMode>normal</colorMode>
					<Icon>
						<href>http://maps.google.com/mapfiles/kml/shapes/placemark_square.png</href>
					</Icon>
				</IconStyle>
				<LineStyle>
					<color>ff0055ff</color>
					<colorMode>normal</colorMode>
				</LineStyle>
				<PolyStyle>
					<color>ff0055ff</color>
					<colorMode>normal</colorMode>
				</PolyStyle>
			</Style>
			<ExtendedData>
				<SchemaData schemaUrl="#S_pmagsitesupdated_SSSSSS">
					<SimpleData name="Lat">24.55°</SimpleData>
					<SimpleData name="Long">74.60°</SimpleData>
					<SimpleData name="Dec">220°</SimpleData>
					<SimpleData name="Inc">-74°</SimpleData>
					<SimpleData name="Age"><![CDATA[<1.6]]></SimpleData>
					<SimpleData name="Reference">this study</SimpleData>
				</SchemaData>
			</ExtendedData>
			<Point>
				<coordinates>74.59999999999999,24.55,0</coordinates>
			</Point>
		</Placemark>
		<Placemark>
			<styleUrl>#pointStyleMap0</styleUrl>
			<Style id="inline">
				<IconStyle>
					<color>ff0055ff</color>
					<colorMode>normal</colorMode>
					<Icon>
						<href>http://maps.google.com/mapfiles/kml/shapes/placemark_square.png</href>
					</Icon>
				</IconStyle>
				<LineStyle>
					<color>ff0055ff</color>
					<colorMode>normal</colorMode>
				</LineStyle>
				<PolyStyle>
					<color>ff0055ff</color>
					<colorMode>normal</colorMode>
				</PolyStyle>
			</Style>
			<ExtendedData>
				<SchemaData schemaUrl="#S_pmagsitesupdated_SSSSSS">
					<SimpleData name="Lat">24.56°</SimpleData>
					<SimpleData name="Long">74.58°</SimpleData>
					<SimpleData name="Dec">044°</SimpleData>
					<SimpleData name="Inc">-80°</SimpleData>
					<SimpleData name="Age"><![CDATA[<1.6]]></SimpleData>
					<SimpleData name="Reference">this study</SimpleData>
				</SchemaData>
			</ExtendedData>
			<Point>
				<coordinates>74.57999999999998,24.55999999999999,0</coordinates>
			</Point>
		</Placemark>
		<Placemark>
			<styleUrl>#pointStyleMap0</styleUrl>
			<Style id="inline">
				<IconStyle>
					<color>ff0055ff</color>
					<colorMode>normal</colorMode>
					<Icon>
						<href>http://maps.google.com/mapfiles/kml/shapes/placemark_square.png</href>
					</Icon>
				</IconStyle>
				<LineStyle>
					<color>ff0055ff</color>
					<colorMode>normal</colorMode>
				</LineStyle>
				<PolyStyle>
					<color>ff0055ff</color>
					<colorMode>normal</colorMode>
				</PolyStyle>
			</Style>
			<ExtendedData>
				<SchemaData schemaUrl="#S_pmagsitesupdated_SSSSSS">
					<SimpleData name="Lat">24.65°</SimpleData>
					<SimpleData name="Long">74.67°</SimpleData>
					<SimpleData name="Dec">133°</SimpleData>
					<SimpleData name="Inc">-88°</SimpleData>
					<SimpleData name="Age"><![CDATA[<1.6]]></SimpleData>
					<SimpleData name="Reference">this study</SimpleData>
				</SchemaData>
			</ExtendedData>
			<Point>
				<coordinates>74.67000000000002,24.65000000000002,0</coordinates>
			</Point>
		</Placemark>
		<Placemark>
			<styleUrl>#pointStyleMap0</styleUrl>
			<Style id="inline">
				<IconStyle>
					<color>ff0055ff</color>
					<colorMode>normal</colorMode>
					<Icon>
						<href>http://maps.google.com/mapfiles/kml/shapes/placemark_square.png</href>
					</Icon>
				</IconStyle>
				<LineStyle>
					<color>ff0055ff</color>
					<colorMode>normal</colorMode>
				</LineStyle>
				<PolyStyle>
					<color>ff0055ff</color>
					<colorMode>normal</colorMode>
				</PolyStyle>
			</Style>
			<ExtendedData>
				<SchemaData schemaUrl="#S_pmagsitesupdated_SSSSSS">
					<SimpleData name="Lat">24.69°</SimpleData>
					<SimpleData name="Long">74.67°</SimpleData>
					<SimpleData name="Dec">011°</SimpleData>
					<SimpleData name="Inc">+79°</SimpleData>
					<SimpleData name="Age"><![CDATA[<1.6]]></SimpleData>
					<SimpleData name="Reference">this study</SimpleData>
				</SchemaData>
			</ExtendedData>
			<Point>
				<coordinates>74.67000000000002,24.69,0</coordinates>
			</Point>
		</Placemark>
		<Placemark>
			<styleUrl>#pointStyleMap0</styleUrl>
			<Style id="inline">
				<IconStyle>
					<color>ff0055ff</color>
					<colorMode>normal</colorMode>
					<Icon>
						<href>http://maps.google.com/mapfiles/kml/shapes/placemark_square.png</href>
					</Icon>
				</IconStyle>
				<LineStyle>
					<color>ff0055ff</color>
					<colorMode>normal</colorMode>
				</LineStyle>
				<PolyStyle>
					<color>ff0055ff</color>
					<colorMode>normal</colorMode>
				</PolyStyle>
			</Style>
			<ExtendedData>
				<SchemaData schemaUrl="#S_pmagsitesupdated_SSSSSS">
					<SimpleData name="Lat">24.73°</SimpleData>
					<SimpleData name="Long">74.64°</SimpleData>
					<SimpleData name="Dec">084°</SimpleData>
					<SimpleData name="Inc">+76°</SimpleData>
					<SimpleData name="Age"><![CDATA[<1.6]]></SimpleData>
					<SimpleData name="Reference">this study</SimpleData>
				</SchemaData>
			</ExtendedData>
			<Point>
				<coordinates>74.63999999999997,24.72999999999998,0</coordinates>
			</Point>
		</Placemark>
		<Placemark>
			<styleUrl>#pointStyleMap0</styleUrl>
			<Style id="inline">
				<IconStyle>
					<color>ff0055ff</color>
					<colorMode>normal</colorMode>
					<Icon>
						<href>http://maps.google.com/mapfiles/kml/shapes/placemark_square.png</href>
					</Icon>
				</IconStyle>
				<LineStyle>
					<color>ff0055ff</color>
					<colorMode>normal</colorMode>
				</LineStyle>
				<PolyStyle>
					<color>ff0055ff</color>
					<colorMode>normal</colorMode>
				</PolyStyle>
			</Style>
			<ExtendedData>
				<SchemaData schemaUrl="#S_pmagsitesupdated_SSSSSS">
					<SimpleData name="Lat">24.60°</SimpleData>
					<SimpleData name="Long">74.60°</SimpleData>
					<SimpleData name="Dec">138°</SimpleData>
					<SimpleData name="Inc">-78°</SimpleData>
					<SimpleData name="Age"><![CDATA[<1.6]]></SimpleData>
					<SimpleData name="Reference">this study</SimpleData>
				</SchemaData>
			</ExtendedData>
			<Point>
				<coordinates>74.59999999999999,24.60000000000001,0</coordinates>
			</Point>
		</Placemark>
		<Placemark>
			<styleUrl>#pointStyleMap0</styleUrl>
			<Style id="inline">
				<IconStyle>
					<color>ff0055ff</color>
					<colorMode>normal</colorMode>
					<Icon>
						<href>http://maps.google.com/mapfiles/kml/shapes/placemark_square.png</href>
					</Icon>
				</IconStyle>
				<LineStyle>
					<color>ff0055ff</color>
					<colorMode>normal</colorMode>
				</LineStyle>
				<PolyStyle>
					<color>ff0055ff</color>
					<colorMode>normal</colorMode>
				</PolyStyle>
			</Style>
			<ExtendedData>
				<SchemaData schemaUrl="#S_pmagsitesupdated_SSSSSS">
					<SimpleData name="Lat">24.62°</SimpleData>
					<SimpleData name="Long">74.70°</SimpleData>
					<SimpleData name="Dec">244°</SimpleData>
					<SimpleData name="Inc">-74°</SimpleData>
					<SimpleData name="Age"><![CDATA[<1.6]]></SimpleData>
					<SimpleData name="Reference">this study</SimpleData>
				</SchemaData>
			</ExtendedData>
			<Point>
				<coordinates>74.7,24.62000000000002,0</coordinates>
			</Point>
		</Placemark>
		<Placemark>
			<styleUrl>#pointStyleMap0</styleUrl>
			<Style id="inline">
				<IconStyle>
					<color>ff0055ff</color>
					<colorMode>normal</colorMode>
					<Icon>
						<href>http://maps.google.com/mapfiles/kml/shapes/placemark_square.png</href>
					</Icon>
				</IconStyle>
				<LineStyle>
					<color>ff0055ff</color>
					<colorMode>normal</colorMode>
				</LineStyle>
				<PolyStyle>
					<color>ff0055ff</color>
					<colorMode>normal</colorMode>
				</PolyStyle>
			</Style>
			<ExtendedData>
				<SchemaData schemaUrl="#S_pmagsitesupdated_SSSSSS">
					<SimpleData name="Lat">24.62°</SimpleData>
					<SimpleData name="Long">74.70°</SimpleData>
					<SimpleData name="Dec">356°</SimpleData>
					<SimpleData name="Inc">+87°</SimpleData>
					<SimpleData name="Age"><![CDATA[<1.6]]></SimpleData>
					<SimpleData name="Reference">this study</SimpleData>
				</SchemaData>
			</ExtendedData>
			<Point>
				<coordinates>74.7,24.62000000000002,0</coordinates>
			</Point>
		</Placemark>
		<Placemark>
			<styleUrl>#pointStyleMap0</styleUrl>
			<Style id="inline">
				<IconStyle>
					<color>ff0055ff</color>
					<colorMode>normal</colorMode>
					<Icon>
						<href>http://maps.google.com/mapfiles/kml/shapes/placemark_square.png</href>
					</Icon>
				</IconStyle>
				<LineStyle>
					<color>ff0055ff</color>
					<colorMode>normal</colorMode>
				</LineStyle>
				<PolyStyle>
					<color>ff0055ff</color>
					<colorMode>normal</colorMode>
				</PolyStyle>
			</Style>
			<ExtendedData>
				<SchemaData schemaUrl="#S_pmagsitesupdated_SSSSSS">
					<SimpleData name="Lat">24.58°</SimpleData>
					<SimpleData name="Long">74.57°</SimpleData>
					<SimpleData name="Dec">155°</SimpleData>
					<SimpleData name="Inc">-51°</SimpleData>
					<SimpleData name="Age"><![CDATA[<1.6]]></SimpleData>
					<SimpleData name="Reference">this study</SimpleData>
				</SchemaData>
			</ExtendedData>
			<Point>
				<coordinates>74.56999999999999,24.58,0</coordinates>
			</Point>
		</Placemark>
		<Placemark>
			<styleUrl>#pointStyleMap0</styleUrl>
			<Style id="inline">
				<IconStyle>
					<color>ff0055ff</color>
					<colorMode>normal</colorMode>
					<Icon>
						<href>http://maps.google.com/mapfiles/kml/shapes/placemark_square.png</href>
					</Icon>
				</IconStyle>
				<LineStyle>
					<color>ff0055ff</color>
					<colorMode>normal</colorMode>
				</LineStyle>
				<PolyStyle>
					<color>ff0055ff</color>
					<colorMode>normal</colorMode>
				</PolyStyle>
			</Style>
			<ExtendedData>
				<SchemaData schemaUrl="#S_pmagsitesupdated_SSSSSS">
					<SimpleData name="Lat">24.58°</SimpleData>
					<SimpleData name="Long">74.59°</SimpleData>
					<SimpleData name="Dec">177°</SimpleData>
					<SimpleData name="Inc">-41°</SimpleData>
					<SimpleData name="Age"><![CDATA[<1.6]]></SimpleData>
					<SimpleData name="Reference">this study</SimpleData>
				</SchemaData>
			</ExtendedData>
			<Point>
				<coordinates>74.59,24.58,0</coordinates>
			</Point>
		</Placemark>
		<Placemark>
			<styleUrl>#pointStyleMap0</styleUrl>
			<Style id="inline">
				<IconStyle>
					<color>ff0055ff</color>
					<colorMode>normal</colorMode>
					<Icon>
						<href>http://maps.google.com/mapfiles/kml/shapes/placemark_square.png</href>
					</Icon>
				</IconStyle>
				<LineStyle>
					<color>ff0055ff</color>
					<colorMode>normal</colorMode>
				</LineStyle>
				<PolyStyle>
					<color>ff0055ff</color>
					<colorMode>normal</colorMode>
				</PolyStyle>
			</Style>
			<ExtendedData>
				<SchemaData schemaUrl="#S_pmagsitesupdated_SSSSSS">
					<SimpleData name="Lat">24.84°</SimpleData>
					<SimpleData name="Long">74.59°</SimpleData>
					<SimpleData name="Dec">357°</SimpleData>
					<SimpleData name="Inc">+44°</SimpleData>
					<SimpleData name="Age"><![CDATA[<1.6]]></SimpleData>
					<SimpleData name="Reference">this study</SimpleData>
				</SchemaData>
			</ExtendedData>
			<Point>
				<coordinates>74.59,24.84000000000002,0</coordinates>
			</Point>
		</Placemark>
		<Placemark>
			<styleUrl>#pointStyleMap0</styleUrl>
			<Style id="inline">
				<IconStyle>
					<color>ff0055ff</color>
					<colorMode>normal</colorMode>
					<Icon>
						<href>http://maps.google.com/mapfiles/kml/shapes/placemark_square.png</href>
					</Icon>
				</IconStyle>
				<LineStyle>
					<color>ff0055ff</color>
					<colorMode>normal</colorMode>
				</LineStyle>
				<PolyStyle>
					<color>ff0055ff</color>
					<colorMode>normal</colorMode>
				</PolyStyle>
			</Style>
			<ExtendedData>
				<SchemaData schemaUrl="#S_pmagsitesupdated_SSSSSS">
					<SimpleData name="Lat">24.55°</SimpleData>
					<SimpleData name="Long">74.59°</SimpleData>
					<SimpleData name="Dec">236°</SimpleData>
					<SimpleData name="Inc">-76°</SimpleData>
					<SimpleData name="Age"><![CDATA[<1.2]]></SimpleData>
					<SimpleData name="Reference">this study</SimpleData>
				</SchemaData>
			</ExtendedData>
			<Point>
				<coordinates>74.59,24.55,0</coordinates>
			</Point>
		</Placemark>
		<Placemark>
			<styleUrl>#pointStyleMap0</styleUrl>
			<Style id="inline">
				<IconStyle>
					<color>ff0055ff</color>
					<colorMode>normal</colorMode>
					<Icon>
						<href>http://maps.google.com/mapfiles/kml/shapes/placemark_square.png</href>
					</Icon>
				</IconStyle>
				<LineStyle>
					<color>ff0055ff</color>
					<colorMode>normal</colorMode>
				</LineStyle>
				<PolyStyle>
					<color>ff0055ff</color>
					<colorMode>normal</colorMode>
				</PolyStyle>
			</Style>
			<ExtendedData>
				<SchemaData schemaUrl="#S_pmagsitesupdated_SSSSSS">
					<SimpleData name="Lat">24.68°</SimpleData>
					<SimpleData name="Long">80.20°</SimpleData>
					<SimpleData name="Dec">355°</SimpleData>
					<SimpleData name="Inc">+40°</SimpleData>
					<SimpleData name="Age"><![CDATA[<1.2]]></SimpleData>
					<SimpleData name="Reference">this study</SimpleData>
				</SchemaData>
			</ExtendedData>
			<Point>
				<coordinates>80.19999999999999,24.68000000000001,0</coordinates>
			</Point>
		</Placemark>
		<Placemark>
			<styleUrl>#pointStyleMap0</styleUrl>
			<Style id="inline">
				<IconStyle>
					<color>ff0055ff</color>
					<colorMode>normal</colorMode>
					<Icon>
						<href>http://maps.google.com/mapfiles/kml/shapes/placemark_square.png</href>
					</Icon>
				</IconStyle>
				<LineStyle>
					<color>ff0055ff</color>
					<colorMode>normal</colorMode>
				</LineStyle>
				<PolyStyle>
					<color>ff0055ff</color>
					<colorMode>normal</colorMode>
				</PolyStyle>
			</Style>
			<ExtendedData>
				<SchemaData schemaUrl="#S_pmagsitesupdated_SSSSSS">
					<SimpleData name="Lat">24.18°</SimpleData>
					<SimpleData name="Long">80.81°</SimpleData>
					<SimpleData name="Dec">001°</SimpleData>
					<SimpleData name="Inc">+48°</SimpleData>
					<SimpleData name="Age"><![CDATA[<1.2]]></SimpleData>
					<SimpleData name="Reference">this study</SimpleData>
				</SchemaData>
			</ExtendedData>
			<Point>
				<coordinates>80.80999999999999,24.18000000000001,0</coordinates>
			</Point>
		</Placemark>
		<Placemark>
			<styleUrl>#pointStyleMap0</styleUrl>
			<Style id="inline">
				<IconStyle>
					<color>ff0055ff</color>
					<colorMode>normal</colorMode>
					<Icon>
						<href>http://maps.google.com/mapfiles/kml/shapes/placemark_square.png</href>
					</Icon>
				</IconStyle>
				<LineStyle>
					<color>ff0055ff</color>
					<colorMode>normal</colorMode>
				</LineStyle>
				<PolyStyle>
					<color>ff0055ff</color>
					<colorMode>normal</colorMode>
				</PolyStyle>
			</Style>
			<ExtendedData>
				<SchemaData schemaUrl="#S_pmagsitesupdated_SSSSSS">
					<SimpleData name="Lat">24.62°</SimpleData>
					<SimpleData name="Long">83.05°</SimpleData>
					<SimpleData name="Dec">002°</SimpleData>
					<SimpleData name="Inc">+36°</SimpleData>
					<SimpleData name="Age"><![CDATA[<1.2]]></SimpleData>
					<SimpleData name="Reference">this study</SimpleData>
				</SchemaData>
			</ExtendedData>
			<Point>
				<coordinates>83.05,24.62000000000002,0</coordinates>
			</Point>
		</Placemark>
		<Placemark>
			<styleUrl>#pointStyleMap0</styleUrl>
			<Style id="inline">
				<IconStyle>
					<color>ff0055ff</color>
					<colorMode>normal</colorMode>
					<Icon>
						<href>http://maps.google.com/mapfiles/kml/shapes/placemark_square.png</href>
					</Icon>
				</IconStyle>
				<LineStyle>
					<color>ff0055ff</color>
					<colorMode>normal</colorMode>
				</LineStyle>
				<PolyStyle>
					<color>ff0055ff</color>
					<colorMode>normal</colorMode>
				</PolyStyle>
			</Style>
			<ExtendedData>
				<SchemaData schemaUrl="#S_pmagsitesupdated_SSSSSS">
					<SimpleData name="Lat">24.62°</SimpleData>
					<SimpleData name="Long">83.05°</SimpleData>
					<SimpleData name="Dec">359°</SimpleData>
					<SimpleData name="Inc">+43°</SimpleData>
					<SimpleData name="Age"><![CDATA[<1.2]]></SimpleData>
					<SimpleData name="Reference">this study</SimpleData>
				</SchemaData>
			</ExtendedData>
			<Point>
				<coordinates>83.05,24.62000000000002,0</coordinates>
			</Point>
		</Placemark>
		<Placemark>
			<styleUrl>#pointStyleMap0</styleUrl>
			<Style id="inline">
				<IconStyle>
					<color>ff0055ff</color>
					<colorMode>normal</colorMode>
					<Icon>
						<href>http://maps.google.com/mapfiles/kml/shapes/placemark_square.png</href>
					</Icon>
				</IconStyle>
				<LineStyle>
					<color>ff0055ff</color>
					<colorMode>normal</colorMode>
				</LineStyle>
				<PolyStyle>
					<color>ff0055ff</color>
					<colorMode>normal</colorMode>
				</PolyStyle>
			</Style>
			<ExtendedData>
				<SchemaData schemaUrl="#S_pmagsitesupdated_SSSSSS">
					<SimpleData name="Lat">24.17°</SimpleData>
					<SimpleData name="Long">80.77°</SimpleData>
					<SimpleData name="Dec">356°</SimpleData>
					<SimpleData name="Inc">+44°</SimpleData>
					<SimpleData name="Age"><![CDATA[<1.2]]></SimpleData>
					<SimpleData name="Reference">this study</SimpleData>
				</SchemaData>
			</ExtendedData>
			<Point>
				<coordinates>80.76999999999997,24.17000000000003,0</coordinates>
			</Point>
		</Placemark>
		<Placemark>
			<styleUrl>#pointStyleMap0</styleUrl>
			<Style id="inline">
				<IconStyle>
					<color>ff0055ff</color>
					<colorMode>normal</colorMode>
					<Icon>
						<href>http://maps.google.com/mapfiles/kml/shapes/placemark_square.png</href>
					</Icon>
				</IconStyle>
				<LineStyle>
					<color>ff0055ff</color>
					<colorMode>normal</colorMode>
				</LineStyle>
				<PolyStyle>
					<color>ff0055ff</color>
					<colorMode>normal</colorMode>
				</PolyStyle>
			</Style>
			<ExtendedData>
				<SchemaData schemaUrl="#S_pmagsitesupdated_SSSSSS">
					<SimpleData name="Lat">24.6°</SimpleData>
					<SimpleData name="Long">82.1°</SimpleData>
					<SimpleData name="Dec">357°</SimpleData>
					<SimpleData name="Inc">+31°</SimpleData>
					<SimpleData name="Age"><![CDATA[<1.2]]></SimpleData>
					<SimpleData name="Reference">Sahasrabudhe and Misra, 1996</SimpleData>
				</SchemaData>
			</ExtendedData>
			<Point>
				<coordinates>82.10000000000001,24.60000000000001,0</coordinates>
			</Point>
		</Placemark>
		<Placemark>
			<styleUrl>#pointStyleMap0</styleUrl>
			<Style id="inline">
				<IconStyle>
					<color>ff0055ff</color>
					<colorMode>normal</colorMode>
					<Icon>
						<href>http://maps.google.com/mapfiles/kml/shapes/placemark_square.png</href>
					</Icon>
				</IconStyle>
				<LineStyle>
					<color>ff0055ff</color>
					<colorMode>normal</colorMode>
				</LineStyle>
				<PolyStyle>
					<color>ff0055ff</color>
					<colorMode>normal</colorMode>
				</PolyStyle>
			</Style>
			<ExtendedData>
				<SchemaData schemaUrl="#S_pmagsitesupdated_SSSSSS">
					<SimpleData name="Lat">25°</SimpleData>
					<SimpleData name="Long">82.5°</SimpleData>
					<SimpleData name="Dec">002°</SimpleData>
					<SimpleData name="Inc">+39°</SimpleData>
					<SimpleData name="Age"><![CDATA[<1.2]]></SimpleData>
					<SimpleData name="Reference">Poornachadra-Rao et al., 1997</SimpleData>
				</SchemaData>
			</ExtendedData>
			<Point>
				<coordinates>82.49999999999999,24.99999999999999,0</coordinates>
			</Point>
		</Placemark>
		<Placemark>
			<styleUrl>#pointStyleMap0</styleUrl>
			<Style id="inline">
				<IconStyle>
					<color>ff0055ff</color>
					<colorMode>normal</colorMode>
					<Icon>
						<href>http://maps.google.com/mapfiles/kml/shapes/placemark_square.png</href>
					</Icon>
				</IconStyle>
				<LineStyle>
					<color>ff0055ff</color>
					<colorMode>normal</colorMode>
				</LineStyle>
				<PolyStyle>
					<color>ff0055ff</color>
					<colorMode>normal</colorMode>
				</PolyStyle>
			</Style>
			<ExtendedData>
				<SchemaData schemaUrl="#S_pmagsitesupdated_SSSSSS">
					<SimpleData name="Lat">25°</SimpleData>
					<SimpleData name="Long">82.5°</SimpleData>
					<SimpleData name="Dec">355°</SimpleData>
					<SimpleData name="Inc">+66°</SimpleData>
					<SimpleData name="Age"><![CDATA[<1.2]]></SimpleData>
					<SimpleData name="Reference">Poornachadra-Rao et al., 1997</SimpleData>
				</SchemaData>
			</ExtendedData>
			<Point>
				<coordinates>82.49999999999999,24.99999999999999,0</coordinates>
			</Point>
		</Placemark>
		<Placemark>
			<styleUrl>#pointStyleMap0</styleUrl>
			<Style id="inline">
				<IconStyle>
					<color>ff0055ff</color>
					<colorMode>normal</colorMode>
					<Icon>
						<href>http://maps.google.com/mapfiles/kml/shapes/placemark_square.png</href>
					</Icon>
				</IconStyle>
				<LineStyle>
					<color>ff0055ff</color>
					<colorMode>normal</colorMode>
				</LineStyle>
				<PolyStyle>
					<color>ff0055ff</color>
					<colorMode>normal</colorMode>
				</PolyStyle>
			</Style>
			<ExtendedData>
				<SchemaData schemaUrl="#S_pmagsitesupdated_SSSSSS">
					<SimpleData name="Lat">25°</SimpleData>
					<SimpleData name="Long">82.5°</SimpleData>
					<SimpleData name="Dec">352°</SimpleData>
					<SimpleData name="Inc">+30°</SimpleData>
					<SimpleData name="Age"><![CDATA[<1.2]]></SimpleData>
					<SimpleData name="Reference">Poornachadra-Rao et al., 1997</SimpleData>
				</SchemaData>
			</ExtendedData>
			<Point>
				<coordinates>82.49999999999999,24.99999999999999,0</coordinates>
			</Point>
		</Placemark>
		<Placemark>
			<styleUrl>#pointStyleMap0</styleUrl>
			<Style id="inline">
				<IconStyle>
					<color>ff0055ff</color>
					<colorMode>normal</colorMode>
					<Icon>
						<href>http://maps.google.com/mapfiles/kml/shapes/placemark_square.png</href>
					</Icon>
				</IconStyle>
				<LineStyle>
					<color>ff0055ff</color>
					<colorMode>normal</colorMode>
				</LineStyle>
				<PolyStyle>
					<color>ff0055ff</color>
					<colorMode>normal</colorMode>
				</PolyStyle>
			</Style>
			<ExtendedData>
				<SchemaData schemaUrl="#S_pmagsitesupdated_SSSSSS">
					<SimpleData name="Lat">25°</SimpleData>
					<SimpleData name="Long">82.5°</SimpleData>
					<SimpleData name="Dec">002°</SimpleData>
					<SimpleData name="Inc">+37°</SimpleData>
					<SimpleData name="Age"><![CDATA[<1.2]]></SimpleData>
					<SimpleData name="Reference">Poornachadra-Rao et al., 1997</SimpleData>
				</SchemaData>
			</ExtendedData>
			<Point>
				<coordinates>82.49999999999999,24.99999999999999,0</coordinates>
			</Point>
		</Placemark>
		<Placemark>
			<styleUrl>#pointStyleMap0</styleUrl>
			<Style id="inline">
				<IconStyle>
					<color>ff0055ff</color>
					<colorMode>normal</colorMode>
					<Icon>
						<href>http://maps.google.com/mapfiles/kml/shapes/placemark_square.png</href>
					</Icon>
				</IconStyle>
				<LineStyle>
					<color>ff0055ff</color>
					<colorMode>normal</colorMode>
				</LineStyle>
				<PolyStyle>
					<color>ff0055ff</color>
					<colorMode>normal</colorMode>
				</PolyStyle>
			</Style>
			<ExtendedData>
				<SchemaData schemaUrl="#S_pmagsitesupdated_SSSSSS">
					<SimpleData name="Lat">25°</SimpleData>
					<SimpleData name="Long">82.5°</SimpleData>
					<SimpleData name="Dec">183°</SimpleData>
					<SimpleData name="Inc">-44°</SimpleData>
					<SimpleData name="Age"><![CDATA[<1.2]]></SimpleData>
					<SimpleData name="Reference">Poornachadra-Rao et al., 1997</SimpleData>
				</SchemaData>
			</ExtendedData>
			<Point>
				<coordinates>82.49999999999999,24.99999999999999,0</coordinates>
			</Point>
		</Placemark>
		<Placemark>
			<styleUrl>#pointStyleMap0</styleUrl>
			<Style id="inline">
				<IconStyle>
					<color>ff0055ff</color>
					<colorMode>normal</colorMode>
					<Icon>
						<href>http://maps.google.com/mapfiles/kml/shapes/placemark_square.png</href>
					</Icon>
				</IconStyle>
				<LineStyle>
					<color>ff0055ff</color>
					<colorMode>normal</colorMode>
				</LineStyle>
				<PolyStyle>
					<color>ff0055ff</color>
					<colorMode>normal</colorMode>
				</PolyStyle>
			</Style>
			<ExtendedData>
				<SchemaData schemaUrl="#S_pmagsitesupdated_SSSSSS">
					<SimpleData name="Lat">25°</SimpleData>
					<SimpleData name="Long">82.5°</SimpleData>
					<SimpleData name="Dec">014°</SimpleData>
					<SimpleData name="Inc">+50°</SimpleData>
					<SimpleData name="Age"><![CDATA[<1.2]]></SimpleData>
					<SimpleData name="Reference">Poornachadra-Rao et al., 1997</SimpleData>
				</SchemaData>
			</ExtendedData>
			<Point>
				<coordinates>82.49999999999999,24.99999999999999,0</coordinates>
			</Point>
		</Placemark>
		<Placemark>
			<styleUrl>#pointStyleMap0</styleUrl>
			<Style id="inline">
				<IconStyle>
					<color>ff0055ff</color>
					<colorMode>normal</colorMode>
					<Icon>
						<href>http://maps.google.com/mapfiles/kml/shapes/placemark_square.png</href>
					</Icon>
				</IconStyle>
				<LineStyle>
					<color>ff0055ff</color>
					<colorMode>normal</colorMode>
				</LineStyle>
				<PolyStyle>
					<color>ff0055ff</color>
					<colorMode>normal</colorMode>
				</PolyStyle>
			</Style>
			<ExtendedData>
				<SchemaData schemaUrl="#S_pmagsitesupdated_SSSSSS">
					<SimpleData name="Lat">25°</SimpleData>
					<SimpleData name="Long">82.5°</SimpleData>
					<SimpleData name="Dec">158°</SimpleData>
					<SimpleData name="Inc">-65°</SimpleData>
					<SimpleData name="Age"><![CDATA[<1.2]]></SimpleData>
					<SimpleData name="Reference">Poornachadra-Rao et al., 1997</SimpleData>
				</SchemaData>
			</ExtendedData>
			<Point>
				<coordinates>82.49999999999999,24.99999999999999,0</coordinates>
			</Point>
		</Placemark>
		<Placemark>
			<styleUrl>#pointStyleMap0</styleUrl>
			<Style id="inline">
				<IconStyle>
					<color>ff0055ff</color>
					<colorMode>normal</colorMode>
					<Icon>
						<href>http://maps.google.com/mapfiles/kml/shapes/placemark_square.png</href>
					</Icon>
				</IconStyle>
				<LineStyle>
					<color>ff0055ff</color>
					<colorMode>normal</colorMode>
				</LineStyle>
				<PolyStyle>
					<color>ff0055ff</color>
					<colorMode>normal</colorMode>
				</PolyStyle>
			</Style>
			<ExtendedData>
				<SchemaData schemaUrl="#S_pmagsitesupdated_SSSSSS">
					<SimpleData name="Lat">25°</SimpleData>
					<SimpleData name="Long">82.5°</SimpleData>
					<SimpleData name="Dec">008°</SimpleData>
					<SimpleData name="Inc">+31°</SimpleData>
					<SimpleData name="Age"><![CDATA[<1.2]]></SimpleData>
					<SimpleData name="Reference">Poornachadra-Rao et al., 1997</SimpleData>
				</SchemaData>
			</ExtendedData>
			<Point>
				<coordinates>82.49999999999999,24.99999999999999,0</coordinates>
			</Point>
		</Placemark>
		<Placemark>
			<styleUrl>#pointStyleMap0</styleUrl>
			<Style id="inline">
				<IconStyle>
					<color>ff0055ff</color>
					<colorMode>normal</colorMode>
					<Icon>
						<href>http://maps.google.com/mapfiles/kml/shapes/placemark_square.png</href>
					</Icon>
				</IconStyle>
				<LineStyle>
					<color>ff0055ff</color>
					<colorMode>normal</colorMode>
				</LineStyle>
				<PolyStyle>
					<color>ff0055ff</color>
					<colorMode>normal</colorMode>
				</PolyStyle>
			</Style>
			<ExtendedData>
				<SchemaData schemaUrl="#S_pmagsitesupdated_SSSSSS">
					<SimpleData name="Lat">25°</SimpleData>
					<SimpleData name="Long">82.5°</SimpleData>
					<SimpleData name="Dec">178°</SimpleData>
					<SimpleData name="Inc">-39°</SimpleData>
					<SimpleData name="Age"><![CDATA[<1.2]]></SimpleData>
					<SimpleData name="Reference">Poornachadra-Rao et al., 1997</SimpleData>
				</SchemaData>
			</ExtendedData>
			<Point>
				<coordinates>82.49999999999999,24.99999999999999,0</coordinates>
			</Point>
		</Placemark>
		<Placemark>
			<styleUrl>#pointStyleMap0</styleUrl>
			<Style id="inline">
				<IconStyle>
					<color>ff0055ff</color>
					<colorMode>normal</colorMode>
					<Icon>
						<href>http://maps.google.com/mapfiles/kml/shapes/placemark_square.png</href>
					</Icon>
				</IconStyle>
				<LineStyle>
					<color>ff0055ff</color>
					<colorMode>normal</colorMode>
				</LineStyle>
				<PolyStyle>
					<color>ff0055ff</color>
					<colorMode>normal</colorMode>
				</PolyStyle>
			</Style>
			<ExtendedData>
				<SchemaData schemaUrl="#S_pmagsitesupdated_SSSSSS">
					<SimpleData name="Lat">24.7°</SimpleData>
					<SimpleData name="Long">74.8°</SimpleData>
					<SimpleData name="Dec">357°</SimpleData>
					<SimpleData name="Inc">+51°</SimpleData>
					<SimpleData name="Age"><![CDATA[<1.2]]></SimpleData>
					<SimpleData name="Reference">Poornachandra-Rao et al., 2005</SimpleData>
				</SchemaData>
			</ExtendedData>
			<Point>
				<coordinates>74.80000000000003,24.69999999999999,0</coordinates>
			</Point>
		</Placemark>
		<Placemark>
			<styleUrl>#pointStyleMap0</styleUrl>
			<Style id="inline">
				<IconStyle>
					<color>ff0055ff</color>
					<colorMode>normal</colorMode>
					<Icon>
						<href>http://maps.google.com/mapfiles/kml/shapes/placemark_square.png</href>
					</Icon>
				</IconStyle>
				<LineStyle>
					<color>ff0055ff</color>
					<colorMode>normal</colorMode>
				</LineStyle>
				<PolyStyle>
					<color>ff0055ff</color>
					<colorMode>normal</colorMode>
				</PolyStyle>
			</Style>
			<ExtendedData>
				<SchemaData schemaUrl="#S_pmagsitesupdated_SSSSSS">
					<SimpleData name="Lat">24.7°</SimpleData>
					<SimpleData name="Long">74.8°</SimpleData>
					<SimpleData name="Dec">355°</SimpleData>
					<SimpleData name="Inc">+50°</SimpleData>
					<SimpleData name="Age"><![CDATA[<1.2]]></SimpleData>
					<SimpleData name="Reference">Poornachandra-Rao et al., 2005</SimpleData>
				</SchemaData>
			</ExtendedData>
			<Point>
				<coordinates>74.80000000000003,24.69999999999999,0</coordinates>
			</Point>
		</Placemark>
		<Placemark>
			<styleUrl>#pointStyleMap0</styleUrl>
			<Style id="inline">
				<IconStyle>
					<color>ff0055ff</color>
					<colorMode>normal</colorMode>
					<Icon>
						<href>http://maps.google.com/mapfiles/kml/shapes/placemark_square.png</href>
					</Icon>
				</IconStyle>
				<LineStyle>
					<color>ff0055ff</color>
					<colorMode>normal</colorMode>
				</LineStyle>
				<PolyStyle>
					<color>ff0055ff</color>
					<colorMode>normal</colorMode>
				</PolyStyle>
			</Style>
			<ExtendedData>
				<SchemaData schemaUrl="#S_pmagsitesupdated_SSSSSS">
					<SimpleData name="Lat">24.7°</SimpleData>
					<SimpleData name="Long">74.8°</SimpleData>
					<SimpleData name="Dec">352°</SimpleData>
					<SimpleData name="Inc">+73°</SimpleData>
					<SimpleData name="Age"><![CDATA[<1.2]]></SimpleData>
					<SimpleData name="Reference">Poornachandra-Rao et al., 2005</SimpleData>
				</SchemaData>
			</ExtendedData>
			<Point>
				<coordinates>74.80000000000003,24.69999999999999,0</coordinates>
			</Point>
		</Placemark>
		<Placemark>
			<styleUrl>#pointStyleMap0</styleUrl>
			<Style id="inline">
				<IconStyle>
					<color>ff0055ff</color>
					<colorMode>normal</colorMode>
					<Icon>
						<href>http://maps.google.com/mapfiles/kml/shapes/placemark_square.png</href>
					</Icon>
				</IconStyle>
				<LineStyle>
					<color>ff0055ff</color>
					<colorMode>normal</colorMode>
				</LineStyle>
				<PolyStyle>
					<color>ff0055ff</color>
					<colorMode>normal</colorMode>
				</PolyStyle>
			</Style>
			<ExtendedData>
				<SchemaData schemaUrl="#S_pmagsitesupdated_SSSSSS">
					<SimpleData name="Lat">24.7°</SimpleData>
					<SimpleData name="Long">74.8°</SimpleData>
					<SimpleData name="Dec">005°</SimpleData>
					<SimpleData name="Inc">+75°</SimpleData>
					<SimpleData name="Age"><![CDATA[<1.2]]></SimpleData>
					<SimpleData name="Reference">Poornachandra-Rao et al., 2005</SimpleData>
				</SchemaData>
			</ExtendedData>
			<Point>
				<coordinates>74.80000000000003,24.69999999999999,0</coordinates>
			</Point>
		</Placemark>
		<Placemark>
			<styleUrl>#pointStyleMap0</styleUrl>
			<Style id="inline">
				<IconStyle>
					<color>ff0055ff</color>
					<colorMode>normal</colorMode>
					<Icon>
						<href>http://maps.google.com/mapfiles/kml/shapes/placemark_square.png</href>
					</Icon>
				</IconStyle>
				<LineStyle>
					<color>ff0055ff</color>
					<colorMode>normal</colorMode>
				</LineStyle>
				<PolyStyle>
					<color>ff0055ff</color>
					<colorMode>normal</colorMode>
				</PolyStyle>
			</Style>
			<ExtendedData>
				<SchemaData schemaUrl="#S_pmagsitesupdated_SSSSSS">
					<SimpleData name="Lat">25°</SimpleData>
					<SimpleData name="Long">82.5°</SimpleData>
					<SimpleData name="Dec">353°</SimpleData>
					<SimpleData name="Inc">-43°</SimpleData>
					<SimpleData name="Age"><![CDATA[<1.2]]></SimpleData>
					<SimpleData name="Reference">Poornachandra-Rao et al., 2005</SimpleData>
				</SchemaData>
			</ExtendedData>
			<Point>
				<coordinates>82.49999999999999,24.99999999999999,0</coordinates>
			</Point>
		</Placemark>
		<Placemark>
			<styleUrl>#pointStyleMap0</styleUrl>
			<Style id="inline">
				<IconStyle>
					<color>ff0055ff</color>
					<colorMode>normal</colorMode>
					<Icon>
						<href>http://maps.google.com/mapfiles/kml/shapes/placemark_square.png</href>
					</Icon>
				</IconStyle>
				<LineStyle>
					<color>ff0055ff</color>
					<colorMode>normal</colorMode>
				</LineStyle>
				<PolyStyle>
					<color>ff0055ff</color>
					<colorMode>normal</colorMode>
				</PolyStyle>
			</Style>
			<ExtendedData>
				<SchemaData schemaUrl="#S_pmagsitesupdated_SSSSSS">
					<SimpleData name="Lat">25°</SimpleData>
					<SimpleData name="Long">82.5°</SimpleData>
					<SimpleData name="Dec">353°</SimpleData>
					<SimpleData name="Inc">-48°</SimpleData>
					<SimpleData name="Age"><![CDATA[<1.2]]></SimpleData>
					<SimpleData name="Reference">Poornachandra-Rao et al., 2005</SimpleData>
				</SchemaData>
			</ExtendedData>
			<Point>
				<coordinates>82.49999999999999,24.99999999999999,0</coordinates>
			</Point>
		</Placemark>
		<Placemark>
			<styleUrl>#pointStyleMap0</styleUrl>
			<Style id="inline">
				<IconStyle>
					<color>ff0055ff</color>
					<colorMode>normal</colorMode>
					<Icon>
						<href>http://maps.google.com/mapfiles/kml/shapes/placemark_square.png</href>
					</Icon>
				</IconStyle>
				<LineStyle>
					<color>ff0055ff</color>
					<colorMode>normal</colorMode>
				</LineStyle>
				<PolyStyle>
					<color>ff0055ff</color>
					<colorMode>normal</colorMode>
				</PolyStyle>
			</Style>
			<ExtendedData>
				<SchemaData schemaUrl="#S_pmagsitesupdated_SSSSSS">
					<SimpleData name="Lat">25°</SimpleData>
					<SimpleData name="Long">82.5°</SimpleData>
					<SimpleData name="Dec">210°</SimpleData>
					<SimpleData name="Inc">+49°</SimpleData>
					<SimpleData name="Age"><![CDATA[<1.2]]></SimpleData>
					<SimpleData name="Reference">Poornachandra-Rao et al., 2005</SimpleData>
				</SchemaData>
			</ExtendedData>
			<Point>
				<coordinates>82.49999999999999,24.99999999999999,0</coordinates>
			</Point>
		</Placemark>
		<Placemark>
			<styleUrl>#pointStyleMap0</styleUrl>
			<Style id="inline">
				<IconStyle>
					<color>ff0055ff</color>
					<colorMode>normal</colorMode>
					<Icon>
						<href>http://maps.google.com/mapfiles/kml/shapes/placemark_square.png</href>
					</Icon>
				</IconStyle>
				<LineStyle>
					<color>ff0055ff</color>
					<colorMode>normal</colorMode>
				</LineStyle>
				<PolyStyle>
					<color>ff0055ff</color>
					<colorMode>normal</colorMode>
				</PolyStyle>
			</Style>
			<ExtendedData>
				<SchemaData schemaUrl="#S_pmagsitesupdated_SSSSSS">
					<SimpleData name="Lat">25°</SimpleData>
					<SimpleData name="Long">82.5°</SimpleData>
					<SimpleData name="Dec">025°</SimpleData>
					<SimpleData name="Inc">-45°</SimpleData>
					<SimpleData name="Age"><![CDATA[<1.2]]></SimpleData>
					<SimpleData name="Reference">Poornachandra-Rao et al., 2005</SimpleData>
				</SchemaData>
			</ExtendedData>
			<Point>
				<coordinates>82.49999999999999,24.99999999999999,0</coordinates>
			</Point>
		</Placemark>
		<Placemark>
			<styleUrl>#pointStyleMap0</styleUrl>
			<Style id="inline">
				<IconStyle>
					<color>ff0055ff</color>
					<colorMode>normal</colorMode>
					<Icon>
						<href>http://maps.google.com/mapfiles/kml/shapes/placemark_square.png</href>
					</Icon>
				</IconStyle>
				<LineStyle>
					<color>ff0055ff</color>
					<colorMode>normal</colorMode>
				</LineStyle>
				<PolyStyle>
					<color>ff0055ff</color>
					<colorMode>normal</colorMode>
				</PolyStyle>
			</Style>
			<ExtendedData>
				<SchemaData schemaUrl="#S_pmagsitesupdated_SSSSSS">
					<SimpleData name="Lat">25°</SimpleData>
					<SimpleData name="Long">82.5°</SimpleData>
					<SimpleData name="Dec">027°</SimpleData>
					<SimpleData name="Inc">+09°</SimpleData>
					<SimpleData name="Age"><![CDATA[<1.2]]></SimpleData>
					<SimpleData name="Reference">Poornachandra-Rao et al., 2005</SimpleData>
				</SchemaData>
			</ExtendedData>
			<Point>
				<coordinates>82.49999999999999,24.99999999999999,0</coordinates>
			</Point>
		</Placemark>
		<Placemark>
			<styleUrl>#pointStyleMap0</styleUrl>
			<Style id="inline">
				<IconStyle>
					<color>ff0055ff</color>
					<colorMode>normal</colorMode>
					<Icon>
						<href>http://maps.google.com/mapfiles/kml/shapes/placemark_square.png</href>
					</Icon>
				</IconStyle>
				<LineStyle>
					<color>ff0055ff</color>
					<colorMode>normal</colorMode>
				</LineStyle>
				<PolyStyle>
					<color>ff0055ff</color>
					<colorMode>normal</colorMode>
				</PolyStyle>
			</Style>
			<ExtendedData>
				<SchemaData schemaUrl="#S_pmagsitesupdated_SSSSSS">
					<SimpleData name="Lat">25°</SimpleData>
					<SimpleData name="Long">82.5°</SimpleData>
					<SimpleData name="Dec">017°</SimpleData>
					<SimpleData name="Inc">-17°</SimpleData>
					<SimpleData name="Age"><![CDATA[<1.2]]></SimpleData>
					<SimpleData name="Reference">Poornachandra-Rao et al., 2005</SimpleData>
				</SchemaData>
			</ExtendedData>
			<Point>
				<coordinates>82.49999999999999,24.99999999999999,0</coordinates>
			</Point>
		</Placemark>
		<Placemark>
			<styleUrl>#pointStyleMap0</styleUrl>
			<Style id="inline">
				<IconStyle>
					<color>ff0055ff</color>
					<colorMode>normal</colorMode>
					<Icon>
						<href>http://maps.google.com/mapfiles/kml/shapes/placemark_square.png</href>
					</Icon>
				</IconStyle>
				<LineStyle>
					<color>ff0055ff</color>
					<colorMode>normal</colorMode>
				</LineStyle>
				<PolyStyle>
					<color>ff0055ff</color>
					<colorMode>normal</colorMode>
				</PolyStyle>
			</Style>
			<ExtendedData>
				<SchemaData schemaUrl="#S_pmagsitesupdated_SSSSSS">
					<SimpleData name="Lat">24.42°</SimpleData>
					<SimpleData name="Long">81.65°</SimpleData>
					<SimpleData name="Dec">310°</SimpleData>
					<SimpleData name="Inc">+50°</SimpleData>
					<SimpleData name="Age"><![CDATA[<1.6]]></SimpleData>
					<SimpleData name="Reference">this study</SimpleData>
				</SchemaData>
			</ExtendedData>
			<Point>
				<coordinates>81.64999999999998,24.42000000000003,0</coordinates>
			</Point>
		</Placemark>
		<Placemark>
			<styleUrl>#pointStyleMap0</styleUrl>
			<Style id="inline">
				<IconStyle>
					<color>ff0055ff</color>
					<colorMode>normal</colorMode>
					<Icon>
						<href>http://maps.google.com/mapfiles/kml/shapes/placemark_square.png</href>
					</Icon>
				</IconStyle>
				<LineStyle>
					<color>ff0055ff</color>
					<colorMode>normal</colorMode>
				</LineStyle>
				<PolyStyle>
					<color>ff0055ff</color>
					<colorMode>normal</colorMode>
				</PolyStyle>
			</Style>
			<ExtendedData>
				<SchemaData schemaUrl="#S_pmagsitesupdated_SSSSSS">
					<SimpleData name="Lat">24.43°</SimpleData>
					<SimpleData name="Long">81.68°</SimpleData>
					<SimpleData name="Dec">351°</SimpleData>
					<SimpleData name="Inc">+28°</SimpleData>
					<SimpleData name="Age"><![CDATA[<1.6]]></SimpleData>
					<SimpleData name="Reference">this study</SimpleData>
				</SchemaData>
			</ExtendedData>
			<Point>
				<coordinates>81.68000000000001,24.43000000000001,0</coordinates>
			</Point>
		</Placemark>
		<Placemark>
			<styleUrl>#pointStyleMap0</styleUrl>
			<Style id="inline">
				<IconStyle>
					<color>ff0055ff</color>
					<colorMode>normal</colorMode>
					<Icon>
						<href>http://maps.google.com/mapfiles/kml/shapes/placemark_square.png</href>
					</Icon>
				</IconStyle>
				<LineStyle>
					<color>ff0055ff</color>
					<colorMode>normal</colorMode>
				</LineStyle>
				<PolyStyle>
					<color>ff0055ff</color>
					<colorMode>normal</colorMode>
				</PolyStyle>
			</Style>
			<ExtendedData>
				<SchemaData schemaUrl="#S_pmagsitesupdated_SSSSSS">
					<SimpleData name="Lat">24.17°</SimpleData>
					<SimpleData name="Long">80.84°</SimpleData>
					<SimpleData name="Dec">330°</SimpleData>
					<SimpleData name="Inc">+59°</SimpleData>
					<SimpleData name="Age"><![CDATA[<1.6]]></SimpleData>
					<SimpleData name="Reference">this study</SimpleData>
				</SchemaData>
			</ExtendedData>
			<Point>
				<coordinates>80.84000000000002,24.17000000000003,0</coordinates>
			</Point>
		</Placemark>
		<Placemark>
			<styleUrl>#pointStyleMap0</styleUrl>
			<Style id="inline">
				<IconStyle>
					<color>ff0055ff</color>
					<colorMode>normal</colorMode>
					<Icon>
						<href>http://maps.google.com/mapfiles/kml/shapes/placemark_square.png</href>
					</Icon>
				</IconStyle>
				<LineStyle>
					<color>ff0055ff</color>
					<colorMode>normal</colorMode>
				</LineStyle>
				<PolyStyle>
					<color>ff0055ff</color>
					<colorMode>normal</colorMode>
				</PolyStyle>
			</Style>
			<ExtendedData>
				<SchemaData schemaUrl="#S_pmagsitesupdated_SSSSSS">
					<SimpleData name="Lat">24.17°</SimpleData>
					<SimpleData name="Long">80.84°</SimpleData>
					<SimpleData name="Dec">333°</SimpleData>
					<SimpleData name="Inc">+62°</SimpleData>
					<SimpleData name="Age"><![CDATA[<1.6]]></SimpleData>
					<SimpleData name="Reference">this study</SimpleData>
				</SchemaData>
			</ExtendedData>
			<Point>
				<coordinates>80.84000000000002,24.17000000000003,0</coordinates>
			</Point>
		</Placemark>
		<Placemark>
			<styleUrl>#pointStyleMap0</styleUrl>
			<Style id="inline">
				<IconStyle>
					<color>ff0055ff</color>
					<colorMode>normal</colorMode>
					<Icon>
						<href>http://maps.google.com/mapfiles/kml/shapes/placemark_square.png</href>
					</Icon>
				</IconStyle>
				<LineStyle>
					<color>ff0055ff</color>
					<colorMode>normal</colorMode>
				</LineStyle>
				<PolyStyle>
					<color>ff0055ff</color>
					<colorMode>normal</colorMode>
				</PolyStyle>
			</Style>
			<ExtendedData>
				<SchemaData schemaUrl="#S_pmagsitesupdated_SSSSSS">
					<SimpleData name="Lat">24.17°</SimpleData>
					<SimpleData name="Long">80.84°</SimpleData>
					<SimpleData name="Dec">343°</SimpleData>
					<SimpleData name="Inc">+60°</SimpleData>
					<SimpleData name="Age"><![CDATA[<1.6]]></SimpleData>
					<SimpleData name="Reference">this study</SimpleData>
				</SchemaData>
			</ExtendedData>
			<Point>
				<coordinates>80.84000000000002,24.17000000000003,0</coordinates>
			</Point>
		</Placemark>
		<Placemark>
			<styleUrl>#pointStyleMap0</styleUrl>
			<Style id="inline">
				<IconStyle>
					<color>ff0055ff</color>
					<colorMode>normal</colorMode>
					<Icon>
						<href>http://maps.google.com/mapfiles/kml/shapes/placemark_square.png</href>
					</Icon>
				</IconStyle>
				<LineStyle>
					<color>ff0055ff</color>
					<colorMode>normal</colorMode>
				</LineStyle>
				<PolyStyle>
					<color>ff0055ff</color>
					<colorMode>normal</colorMode>
				</PolyStyle>
			</Style>
			<ExtendedData>
				<SchemaData schemaUrl="#S_pmagsitesupdated_SSSSSS">
					<SimpleData name="Lat">24.66°</SimpleData>
					<SimpleData name="Long">83.98°</SimpleData>
					<SimpleData name="Dec">351°</SimpleData>
					<SimpleData name="Inc">+34°</SimpleData>
					<SimpleData name="Age"><![CDATA[<1.6]]></SimpleData>
					<SimpleData name="Reference">this study</SimpleData>
				</SchemaData>
			</ExtendedData>
			<Point>
				<coordinates>83.98,24.66,0</coordinates>
			</Point>
		</Placemark>
		<Placemark>
			<styleUrl>#pointStyleMap0</styleUrl>
			<Style id="inline">
				<IconStyle>
					<color>ff0055ff</color>
					<colorMode>normal</colorMode>
					<Icon>
						<href>http://maps.google.com/mapfiles/kml/shapes/placemark_square.png</href>
					</Icon>
				</IconStyle>
				<LineStyle>
					<color>ff0055ff</color>
					<colorMode>normal</colorMode>
				</LineStyle>
				<PolyStyle>
					<color>ff0055ff</color>
					<colorMode>normal</colorMode>
				</PolyStyle>
			</Style>
			<ExtendedData>
				<SchemaData schemaUrl="#S_pmagsitesupdated_SSSSSS">
					<SimpleData name="Lat">24.18°</SimpleData>
					<SimpleData name="Long">80.86°</SimpleData>
					<SimpleData name="Dec">321°</SimpleData>
					<SimpleData name="Inc">+67°</SimpleData>
					<SimpleData name="Age"><![CDATA[<1.6]]></SimpleData>
					<SimpleData name="Reference">this study</SimpleData>
				</SchemaData>
			</ExtendedData>
			<Point>
				<coordinates>80.86,24.18000000000001,0</coordinates>
			</Point>
		</Placemark>
		<Placemark>
			<styleUrl>#pointStyleMap0</styleUrl>
			<Style id="inline">
				<IconStyle>
					<color>ff0055ff</color>
					<colorMode>normal</colorMode>
					<Icon>
						<href>http://maps.google.com/mapfiles/kml/shapes/placemark_square.png</href>
					</Icon>
				</IconStyle>
				<LineStyle>
					<color>ff0055ff</color>
					<colorMode>normal</colorMode>
				</LineStyle>
				<PolyStyle>
					<color>ff0055ff</color>
					<colorMode>normal</colorMode>
				</PolyStyle>
			</Style>
			<ExtendedData>
				<SchemaData schemaUrl="#S_pmagsitesupdated_SSSSSS">
					<SimpleData name="Lat">24.41°</SimpleData>
					<SimpleData name="Long">81.73°</SimpleData>
					<SimpleData name="Dec">360°</SimpleData>
					<SimpleData name="Inc">+43°</SimpleData>
					<SimpleData name="Age"><![CDATA[<1.6]]></SimpleData>
					<SimpleData name="Reference">this study</SimpleData>
				</SchemaData>
			</ExtendedData>
			<Point>
				<coordinates>81.73000000000002,24.41,0</coordinates>
			</Point>
		</Placemark>
		<Placemark>
			<styleUrl>#pointStyleMap0</styleUrl>
			<Style id="inline">
				<IconStyle>
					<color>ff0055ff</color>
					<colorMode>normal</colorMode>
					<Icon>
						<href>http://maps.google.com/mapfiles/kml/shapes/placemark_square.png</href>
					</Icon>
				</IconStyle>
				<LineStyle>
					<color>ff0055ff</color>
					<colorMode>normal</colorMode>
				</LineStyle>
				<PolyStyle>
					<color>ff0055ff</color>
					<colorMode>normal</colorMode>
				</PolyStyle>
			</Style>
			<ExtendedData>
				<SchemaData schemaUrl="#S_pmagsitesupdated_SSSSSS">
					<SimpleData name="Lat">24.17°</SimpleData>
					<SimpleData name="Long">80.82°</SimpleData>
					<SimpleData name="Dec">192°</SimpleData>
					<SimpleData name="Inc">-57°</SimpleData>
					<SimpleData name="Age"><![CDATA[<1.6]]></SimpleData>
					<SimpleData name="Reference">this study</SimpleData>
				</SchemaData>
			</ExtendedData>
			<Point>
				<coordinates>80.82000000000001,24.17000000000003,0</coordinates>
			</Point>
		</Placemark>
		<Placemark>
			<styleUrl>#pointStyleMap0</styleUrl>
			<Style id="inline">
				<IconStyle>
					<color>ff0055ff</color>
					<colorMode>normal</colorMode>
					<Icon>
						<href>http://maps.google.com/mapfiles/kml/shapes/placemark_square.png</href>
					</Icon>
				</IconStyle>
				<LineStyle>
					<color>ff0055ff</color>
					<colorMode>normal</colorMode>
				</LineStyle>
				<PolyStyle>
					<color>ff0055ff</color>
					<colorMode>normal</colorMode>
				</PolyStyle>
			</Style>
			<ExtendedData>
				<SchemaData schemaUrl="#S_pmagsitesupdated_SSSSSS">
					<SimpleData name="Lat">24.49°</SimpleData>
					<SimpleData name="Long">83.03°</SimpleData>
					<SimpleData name="Dec">11.2°</SimpleData>
					<SimpleData name="Inc">+50°</SimpleData>
					<SimpleData name="Age"><![CDATA[<1.6]]></SimpleData>
					<SimpleData name="Reference">this study</SimpleData>
				</SchemaData>
			</ExtendedData>
			<Point>
				<coordinates>83.02999999999999,24.49000000000001,0</coordinates>
			</Point>
		</Placemark>
		<Placemark>
			<styleUrl>#pointStyleMap0</styleUrl>
			<Style id="inline">
				<IconStyle>
					<color>ff0055ff</color>
					<colorMode>normal</colorMode>
					<Icon>
						<href>http://maps.google.com/mapfiles/kml/shapes/placemark_square.png</href>
					</Icon>
				</IconStyle>
				<LineStyle>
					<color>ff0055ff</color>
					<colorMode>normal</colorMode>
				</LineStyle>
				<PolyStyle>
					<color>ff0055ff</color>
					<colorMode>normal</colorMode>
				</PolyStyle>
			</Style>
			<ExtendedData>
				<SchemaData schemaUrl="#S_pmagsitesupdated_SSSSSS">
					<SimpleData name="Lat">24.47°</SimpleData>
					<SimpleData name="Long">83.03°</SimpleData>
					<SimpleData name="Dec">359°</SimpleData>
					<SimpleData name="Inc">+50°</SimpleData>
					<SimpleData name="Age"><![CDATA[<1.6]]></SimpleData>
					<SimpleData name="Reference">this study</SimpleData>
				</SchemaData>
			</ExtendedData>
			<Point>
				<coordinates>83.02999999999999,24.47,0</coordinates>
			</Point>
		</Placemark>
		<Placemark>
			<styleUrl>#pointStyleMap0</styleUrl>
			<Style id="inline">
				<IconStyle>
					<color>ff0055ff</color>
					<colorMode>normal</colorMode>
					<Icon>
						<href>http://maps.google.com/mapfiles/kml/shapes/placemark_square.png</href>
					</Icon>
				</IconStyle>
				<LineStyle>
					<color>ff0055ff</color>
					<colorMode>normal</colorMode>
				</LineStyle>
				<PolyStyle>
					<color>ff0055ff</color>
					<colorMode>normal</colorMode>
				</PolyStyle>
			</Style>
			<ExtendedData>
				<SchemaData schemaUrl="#S_pmagsitesupdated_SSSSSS">
					<SimpleData name="Lat">24.47°</SimpleData>
					<SimpleData name="Long">83.03°</SimpleData>
					<SimpleData name="Dec">337°</SimpleData>
					<SimpleData name="Inc">+52°</SimpleData>
					<SimpleData name="Age"><![CDATA[<1.6]]></SimpleData>
					<SimpleData name="Reference">this study</SimpleData>
				</SchemaData>
			</ExtendedData>
			<Point>
				<coordinates>83.02999999999999,24.47,0</coordinates>
			</Point>
		</Placemark>
		<Placemark>
			<styleUrl>#pointStyleMap0</styleUrl>
			<Style id="inline">
				<IconStyle>
					<color>ff0055ff</color>
					<colorMode>normal</colorMode>
					<Icon>
						<href>http://maps.google.com/mapfiles/kml/shapes/placemark_square.png</href>
					</Icon>
				</IconStyle>
				<LineStyle>
					<color>ff0055ff</color>
					<colorMode>normal</colorMode>
				</LineStyle>
				<PolyStyle>
					<color>ff0055ff</color>
					<colorMode>normal</colorMode>
				</PolyStyle>
			</Style>
			<ExtendedData>
				<SchemaData schemaUrl="#S_pmagsitesupdated_SSSSSS">
					<SimpleData name="Lat">24.47°</SimpleData>
					<SimpleData name="Long">83.03°</SimpleData>
					<SimpleData name="Dec">352°</SimpleData>
					<SimpleData name="Inc">+49°</SimpleData>
					<SimpleData name="Age"><![CDATA[<1.6]]></SimpleData>
					<SimpleData name="Reference">this study</SimpleData>
				</SchemaData>
			</ExtendedData>
			<Point>
				<coordinates>83.02999999999999,24.47,0</coordinates>
			</Point>
		</Placemark>
	</Folder>
</Document>
</kml>
